# Blender 4.5.6 LTS
# www.blender.org
mtllib Caterpillar.mtl
o Catapillar
v 0.000000 0.007431 -0.068872
v 0.000000 0.004160 0.072143
v 0.046521 -0.021884 -0.070002
v 0.046521 -0.025155 0.071013
v 0.041454 -0.055406 -0.071831
v 0.041454 -0.058677 0.069184
v -0.041454 -0.055406 -0.071831
v -0.041454 -0.058677 0.069184
v -0.050543 -0.021884 -0.070002
v -0.050543 -0.025155 0.071013
v 0.046521 -0.025155 0.113703
v 0.000000 0.004160 0.114833
v 0.041454 -0.058677 0.111874
v -0.041454 -0.058677 0.111874
v -0.050543 -0.025155 0.113703
v 0.020257 -0.028854 0.139421
v -0.000828 -0.018541 0.139884
v 0.014138 -0.043628 0.138672
v -0.015306 -0.043628 0.138672
v -0.022280 -0.028854 0.139421
v 0.000000 0.007431 -0.111644
v 0.046521 -0.021884 -0.112774
v 0.041454 -0.055406 -0.114603
v -0.041454 -0.055406 -0.114603
v -0.050543 -0.021884 -0.112774
v -0.001569 -0.015439 -0.143571
v 0.026398 -0.023525 -0.144092
v 0.011090 -0.042330 -0.144935
v -0.012659 -0.042330 -0.144935
v -0.027282 -0.023525 -0.144092
v 0.000000 0.006341 -0.021867
v 0.000000 0.005250 0.025138
v 0.046521 -0.024065 0.024008
v 0.046521 -0.022975 -0.022997
v 0.041454 -0.057587 0.022179
v 0.041454 -0.056497 -0.024826
v -0.041454 -0.057587 0.022179
v -0.041454 -0.056497 -0.024826
v -0.050543 -0.024065 0.024008
v -0.050543 -0.022975 -0.022997
v 0.015507 -0.002341 -0.069249
v 0.031014 -0.012112 -0.069625
v 0.031014 -0.015384 0.071390
v 0.015507 -0.005612 0.071766
v 0.031014 -0.015384 0.114080
v 0.015507 -0.005612 0.114456
v 0.013228 -0.025416 0.139575
v 0.006200 -0.021979 0.139730
v 0.015507 -0.002341 -0.112021
v 0.031014 -0.012112 -0.112397
v 0.007753 -0.018134 -0.143745
v 0.017076 -0.020830 -0.143918
v 0.015507 -0.003431 -0.022244
v 0.031014 -0.013203 -0.022620
v 0.015507 -0.004521 0.024761
v 0.031014 -0.014293 0.024385
v -0.033695 -0.012112 -0.069625
v -0.016848 -0.002341 -0.069249
v -0.016848 -0.005612 0.071766
v -0.033695 -0.015384 0.071390
v -0.016848 -0.005612 0.114456
v -0.033695 -0.015384 0.114080
v -0.007979 -0.021979 0.139730
v -0.015130 -0.025416 0.139575
v -0.033695 -0.012112 -0.112397
v -0.016848 -0.002341 -0.112021
v -0.018711 -0.020830 -0.143918
v -0.010140 -0.018134 -0.143745
v -0.033695 -0.013203 -0.022620
v -0.016848 -0.003431 -0.022244
v -0.033695 -0.014293 0.024385
v -0.016848 -0.004521 0.024761
v -0.041454 -0.058677 0.090529
v -0.050543 -0.025155 0.092358
v 0.046521 -0.025155 0.092358
v 0.041454 -0.058677 0.090529
v 0.000000 0.004160 0.093488
v 0.031014 -0.015384 0.092735
v 0.015507 -0.005612 0.093111
v -0.016848 -0.005612 0.093111
v -0.033695 -0.015384 0.092735
v 0.002018 0.002888 0.072094
v 0.002018 0.002888 0.114784
v 0.000086 -0.018988 0.139864
v 0.002018 0.006160 -0.068921
v 0.002018 0.006160 -0.111693
v -0.000356 -0.015790 -0.143594
v 0.002018 0.005069 -0.021916
v 0.002018 0.003979 0.025089
v 0.002018 0.002888 0.093439
v -0.003159 0.005599 -0.068943
v -0.003159 0.005599 -0.111715
v -0.003176 -0.015944 -0.143604
v -0.003159 0.004508 -0.021938
v -0.003159 0.003418 0.025067
v -0.003159 0.002328 0.072072
v -0.003159 0.002328 0.114763
v -0.002169 -0.019185 0.139855
v -0.003159 0.002328 0.093418
v -0.041454 -0.058677 0.107997
v 0.046521 -0.025155 0.109826
v 0.031014 -0.015384 0.110203
v 0.015507 -0.005612 0.110579
v -0.016848 -0.005612 0.110579
v -0.033695 -0.015384 0.110203
v -0.050543 -0.025155 0.109826
v 0.041454 -0.058677 0.107997
v 0.000000 0.004160 0.110956
v 0.002018 0.002888 0.110907
v -0.003159 0.002328 0.110886
v 0.000000 0.007431 -0.105250
v -0.050543 -0.021884 -0.106380
v 0.046521 -0.021884 -0.106380
v -0.041454 -0.055406 -0.108209
v 0.041454 -0.055406 -0.108209
v 0.015507 -0.002341 -0.105627
v 0.031014 -0.012112 -0.106004
v -0.033695 -0.012112 -0.106004
v -0.016848 -0.002341 -0.105627
v 0.002018 0.006160 -0.105299
v -0.003159 0.005599 -0.105321
v 0.000000 0.005164 0.028873
v 0.046521 -0.024152 0.027742
v 0.041454 -0.057674 0.025914
v -0.041454 -0.057674 0.025914
v -0.050543 -0.024152 0.027742
v 0.015507 -0.004608 0.028496
v 0.031014 -0.014380 0.028119
v -0.033695 -0.014380 0.028119
v -0.016848 -0.004608 0.028496
v 0.002018 0.003892 0.028824
v -0.003159 0.003331 0.028802
v 0.000000 0.006256 -0.018217
v 0.046521 -0.023059 -0.019347
v 0.041454 -0.056581 -0.021176
v -0.041454 -0.056581 -0.021176
v -0.050543 -0.023059 -0.019347
v 0.015507 -0.003516 -0.018594
v 0.031014 -0.013288 -0.018970
v -0.033695 -0.013288 -0.018970
v -0.016848 -0.003516 -0.018594
v 0.002018 0.004985 -0.018266
v -0.003159 0.004424 -0.018288
v 0.046521 -0.021931 -0.067993
v 0.041454 -0.055453 -0.069822
v -0.041454 -0.055453 -0.069822
v -0.050543 -0.021931 -0.067993
v 0.000000 0.007384 -0.066863
v 0.015507 -0.002387 -0.067240
v 0.031014 -0.012159 -0.067617
v -0.033695 -0.012159 -0.067617
v -0.016848 -0.002387 -0.067240
v 0.002018 0.006113 -0.066912
v -0.003159 0.005552 -0.066934
v 0.000000 0.007431 -0.108447
v 0.046521 -0.021884 -0.109577
v -0.041454 -0.055406 -0.111406
v 0.002018 0.006160 -0.108496
v -0.003159 0.005599 -0.108518
v -0.050543 -0.021884 -0.109577
v 0.041454 -0.055406 -0.111406
v 0.024662 -0.008110 -0.069471
v 0.024662 -0.011381 0.071544
v 0.024662 -0.011381 0.114234
v 0.010349 -0.024008 0.139639
v 0.024662 -0.008110 -0.112243
v 0.013257 -0.019726 -0.143847
v 0.024662 -0.009200 -0.022466
v 0.024662 -0.010291 0.024539
v 0.024662 -0.011381 0.092889
v 0.024662 -0.011381 0.110357
v 0.024662 -0.008110 -0.105849
v 0.024662 -0.010377 0.028273
v 0.024662 -0.009285 -0.018816
v 0.024662 -0.008156 -0.067462
v 0.024662 -0.008110 -0.109046
v 0.021745 -0.009543 0.071615
v 0.021745 -0.009543 0.114305
v 0.009027 -0.023361 0.139668
v 0.021745 -0.006272 -0.105778
v 0.021745 -0.006272 -0.108975
v 0.021745 -0.006272 -0.069400
v 0.021745 -0.006272 -0.112172
v 0.011504 -0.019219 -0.143815
v 0.021745 -0.007362 -0.022395
v 0.021745 -0.008452 0.024610
v 0.021745 -0.009543 0.092960
v 0.021745 -0.009543 0.110428
v 0.021745 -0.008539 0.028344
v 0.021745 -0.007447 -0.018745
v 0.021745 -0.006318 -0.067391
v -0.023067 -0.005948 -0.069388
v -0.023067 -0.009219 0.071627
v -0.023067 -0.009219 0.114317
v -0.010619 -0.023248 0.139673
v -0.023067 -0.005948 -0.112160
v -0.013304 -0.019129 -0.143809
v -0.023067 -0.007039 -0.022383
v -0.023067 -0.008129 0.024622
v -0.023067 -0.009219 0.092972
v -0.023067 -0.009219 0.110440
v -0.023067 -0.005948 -0.105766
v -0.023067 -0.008216 0.028357
v -0.023067 -0.007123 -0.018733
v -0.023067 -0.005995 -0.067379
v -0.023067 -0.005948 -0.108963
v -0.027521 -0.011803 0.071528
v -0.027521 -0.011803 0.114218
v -0.012509 -0.024157 0.139632
v -0.027521 -0.008531 -0.105865
v -0.027521 -0.008531 -0.109062
v -0.027521 -0.008531 -0.069487
v -0.027521 -0.008531 -0.112259
v -0.015570 -0.019842 -0.143855
v -0.027521 -0.009622 -0.022482
v -0.027521 -0.010712 0.024523
v -0.027521 -0.011803 0.092873
v -0.027521 -0.011803 0.110341
v -0.027521 -0.010799 0.028257
v -0.027521 -0.009707 -0.018832
v -0.027521 -0.008578 -0.067478
v -0.050543 -0.025155 0.073616
v 0.041454 -0.058677 0.071787
v 0.000000 0.004160 0.074746
v -0.041454 -0.058677 0.071787
v 0.046521 -0.025155 0.073616
v 0.031014 -0.015384 0.073992
v 0.015507 -0.005612 0.074369
v -0.016848 -0.005612 0.074369
v -0.033695 -0.015384 0.073992
v 0.002018 0.002888 0.074697
v -0.003159 0.002328 0.074675
v 0.024662 -0.011381 0.074147
v 0.021745 -0.009543 0.074218
v -0.023067 -0.009219 0.074230
v -0.027521 -0.011803 0.074131
v 0.021745 -0.006272 -0.069400
v 0.024662 -0.008110 -0.069471
v 0.021745 -0.006272 -0.112172
v 0.024662 -0.008110 -0.112243
v 0.021745 -0.007362 -0.022395
v 0.024662 -0.009200 -0.022466
v 0.021745 -0.008452 0.024610
v 0.024662 -0.010291 0.024539
v 0.021745 -0.009543 0.110428
v 0.024662 -0.011381 0.110357
v 0.021745 -0.008539 0.028344
v 0.024662 -0.010377 0.028273
v 0.021745 -0.007447 -0.018745
v 0.024662 -0.009285 -0.018816
v 0.021745 -0.006318 -0.067391
v 0.024662 -0.008156 -0.067462
v 0.024662 -0.011381 0.114234
v 0.024662 -0.008110 -0.109046
v 0.024662 -0.011381 0.071544
v 0.021745 -0.009543 0.071615
v 0.021745 -0.009543 0.114305
v 0.021745 -0.006272 -0.108975
v 0.024662 -0.011381 0.074147
v 0.021745 -0.009543 0.074218
v 0.002314 0.019052 0.072282
v 0.000297 0.020323 0.072331
v -0.002862 0.021762 -0.068755
v 0.000297 0.023594 -0.068684
v 0.002314 0.019052 0.114972
v 0.000297 0.020323 0.115021
v 0.000297 0.020323 0.074933
v -0.002862 0.021762 -0.111527
v 0.000297 0.023594 -0.111457
v 0.000297 0.023594 -0.108260
v -0.002862 0.020672 -0.021750
v 0.000297 0.022504 -0.021679
v -0.002862 0.019581 0.025255
v 0.000297 0.021414 0.025326
v 0.002314 0.022323 -0.068734
v 0.002314 0.022323 -0.111506
v 0.002314 0.021233 -0.021728
v 0.002314 0.020142 0.025277
v 0.002314 0.021148 -0.018079
v 0.002314 0.022276 -0.066725
v 0.002314 0.022323 -0.108309
v 0.002314 0.020056 0.029011
v 0.002314 0.019052 0.111095
v -0.002862 0.018491 0.072260
v -0.002862 0.018491 0.114950
v -0.002862 0.018491 0.111073
v -0.002862 0.020587 -0.018100
v -0.002862 0.021716 -0.066746
v -0.002862 0.021762 -0.108330
v -0.002862 0.019495 0.028989
v 0.000297 0.020323 0.111144
v 0.000297 0.021327 0.029060
v 0.000297 0.022419 -0.018030
v 0.000297 0.023548 -0.066676
v -0.027224 0.007632 -0.069300
v -0.022770 0.010215 -0.069200
v -0.027224 0.007632 -0.112072
v -0.022770 0.010215 -0.111972
v -0.027224 0.006541 -0.022295
v -0.022770 0.009125 -0.022195
v -0.027224 0.005451 0.024710
v -0.022770 0.008034 0.024810
v -0.027224 0.004361 0.110528
v -0.022770 0.006944 0.110628
v -0.027224 0.005364 0.028445
v -0.022770 0.007948 0.028544
v -0.027224 0.006457 -0.018645
v -0.022770 0.009040 -0.018545
v -0.027224 0.007585 -0.067291
v -0.022770 0.010169 -0.067191
v -0.022770 0.010215 -0.108775
v -0.022770 0.006944 0.114505
v -0.022770 0.006944 0.071815
v -0.027224 0.004361 0.071715
v -0.027224 0.004361 0.114405
v -0.027224 0.007632 -0.108875
v 0.002314 0.019052 0.074884
v -0.002862 0.018491 0.074863
v -0.022770 0.006944 0.074418
v -0.027224 0.004361 0.074318
v 0.022042 0.009892 -0.069213
v 0.024959 0.008053 -0.069284
v 0.022042 0.009892 -0.111985
v 0.024959 0.008053 -0.112056
v 0.022042 0.008801 -0.022208
v 0.024959 0.006963 -0.022279
v 0.022042 0.007711 0.024797
v 0.024959 0.005873 0.024726
v 0.022042 0.006621 0.110615
v 0.024959 0.004782 0.110545
v 0.022042 0.007624 0.028532
v 0.024959 0.005786 0.028461
v 0.022042 0.008717 -0.018558
v 0.024959 0.006878 -0.018629
v 0.022042 0.009845 -0.067204
v 0.024959 0.008007 -0.067275
v 0.024959 0.004782 0.114422
v 0.024959 0.008053 -0.108859
v 0.024959 0.004782 0.071731
v 0.022042 0.006621 0.071802
v 0.022042 0.006621 0.114492
v 0.022042 0.009892 -0.108788
v 0.024959 0.004782 0.074334
v 0.022042 0.006621 0.074405
v 0.002077 0.006121 0.110945
v 0.002136 0.009354 0.110982
v 0.002196 0.012586 0.111020
v 0.002255 0.015819 0.111057
v 0.002255 0.015819 0.114934
v 0.002196 0.012586 0.114897
v 0.002136 0.009354 0.114859
v 0.002077 0.006121 0.114822
v -0.003100 0.005560 0.110923
v -0.003040 0.008793 0.110961
v -0.002981 0.012026 0.110998
v -0.002921 0.015258 0.111036
v 0.000206 0.016737 0.110686
v 0.000152 0.013790 0.110652
v 0.000119 0.010625 0.111031
v 0.000059 0.007393 0.110994
v 0.000059 0.007393 0.114871
v 0.000119 0.010625 0.114908
v 0.000139 0.013781 0.115349
v 0.000193 0.016727 0.115383
v -0.002921 0.015258 0.114913
v -0.002981 0.012026 0.114875
v -0.003040 0.008793 0.114838
v -0.003100 0.005560 0.114800
v 0.000059 0.007393 0.072181
v 0.000119 0.010625 0.072218
v 0.000152 0.013790 0.071839
v 0.000206 0.016737 0.071873
v 0.002255 0.015819 0.072244
v 0.002196 0.012586 0.072207
v 0.002136 0.009354 0.072169
v 0.002077 0.006121 0.072132
v 0.002255 0.015819 0.074847
v 0.002196 0.012586 0.074809
v 0.002136 0.009354 0.074772
v 0.002077 0.006121 0.074734
v -0.003100 0.005560 0.074713
v -0.003040 0.008793 0.074750
v -0.002981 0.012026 0.074788
v -0.002921 0.015258 0.074825
v -0.002921 0.015258 0.072222
v -0.002981 0.012026 0.072185
v -0.003040 0.008793 0.072147
v -0.003100 0.005560 0.072110
v 0.000059 0.007393 0.074783
v 0.000119 0.010625 0.074821
v 0.000139 0.013781 0.075262
v 0.000193 0.016727 0.075296
v 0.002077 0.007212 0.025127
v 0.002136 0.010444 0.025164
v 0.002196 0.013677 0.025202
v 0.002255 0.016910 0.025239
v 0.002255 0.016823 0.028973
v 0.002196 0.013590 0.028936
v 0.002136 0.010358 0.028898
v 0.002077 0.007125 0.028861
v 0.000193 0.017731 0.029423
v 0.000139 0.014785 0.029389
v 0.000119 0.011629 0.028947
v 0.000059 0.008396 0.028910
v -0.002921 0.016262 0.028952
v -0.002981 0.013029 0.028914
v -0.003040 0.009797 0.028877
v -0.003100 0.006564 0.028839
v -0.003100 0.006651 0.025105
v -0.003040 0.009883 0.025142
v -0.002981 0.013116 0.025180
v -0.002921 0.016349 0.025217
v 0.000206 0.017827 0.024868
v 0.000152 0.014881 0.024834
v 0.000119 0.011716 0.025213
v 0.000059 0.008483 0.025176
v 0.002077 0.008217 -0.018229
v 0.002136 0.011450 -0.018191
v 0.002196 0.014683 -0.018154
v 0.002255 0.017915 -0.018116
v 0.000193 0.018824 -0.017667
v 0.000139 0.015877 -0.017701
v 0.000119 0.012721 -0.018142
v 0.000059 0.009489 -0.018180
v -0.002921 0.017354 -0.018138
v -0.002981 0.014122 -0.018175
v -0.003040 0.010889 -0.018213
v -0.003100 0.007656 -0.018250
v -0.003100 0.007741 -0.021900
v -0.003040 0.010974 -0.021863
v -0.002981 0.014206 -0.021825
v -0.002921 0.017439 -0.021788
v 0.000206 0.018918 -0.022137
v 0.000152 0.015971 -0.022171
v 0.000119 0.012806 -0.021792
v 0.000059 0.009573 -0.021829
v 0.002255 0.018000 -0.021766
v 0.002196 0.014767 -0.021803
v 0.002136 0.011535 -0.021841
v 0.002077 0.008302 -0.021878
v 0.000193 0.019952 -0.066313
v 0.000139 0.017006 -0.066347
v 0.000119 0.013850 -0.066788
v 0.000059 0.010617 -0.066826
v 0.002077 0.009346 -0.066875
v 0.002136 0.012578 -0.066837
v 0.002196 0.015811 -0.066800
v 0.002255 0.019044 -0.066762
v -0.002921 0.018483 -0.066784
v -0.002981 0.015250 -0.066821
v -0.003040 0.012018 -0.066859
v -0.003100 0.008785 -0.066896
v -0.003100 0.008832 -0.068905
v -0.003040 0.012064 -0.068868
v -0.002981 0.015297 -0.068830
v -0.002921 0.018530 -0.068793
v 0.000206 0.020008 -0.069142
v 0.000152 0.017061 -0.069176
v 0.000119 0.013896 -0.068797
v 0.000059 0.010664 -0.068834
v 0.002255 0.019090 -0.068771
v 0.002196 0.015858 -0.068808
v 0.002136 0.012625 -0.068846
v 0.002077 0.009392 -0.068883
v 0.002255 0.019090 -0.108346
v 0.002196 0.015858 -0.108384
v 0.002136 0.012625 -0.108421
v 0.002077 0.009392 -0.108459
v 0.002077 0.009392 -0.111656
v 0.002136 0.012625 -0.111618
v 0.002196 0.015858 -0.111581
v 0.002255 0.019090 -0.111543
v 0.000059 0.010664 -0.108410
v 0.000119 0.013896 -0.108372
v 0.000139 0.017052 -0.107931
v 0.000193 0.019999 -0.107897
v -0.002921 0.018530 -0.108368
v -0.002981 0.015297 -0.108405
v -0.003040 0.012064 -0.108443
v -0.003100 0.008832 -0.108480
v -0.003100 0.008832 -0.111677
v -0.003040 0.012064 -0.111640
v -0.002981 0.015297 -0.111602
v -0.002921 0.018530 -0.111565
v 0.000206 0.020008 -0.111914
v 0.000152 0.017061 -0.111948
v 0.000119 0.013896 -0.111569
v 0.000059 0.010664 -0.111606
v 0.021804 -0.003039 -0.112135
v 0.021864 0.000194 -0.112097
v 0.021923 0.003426 -0.112060
v 0.021982 0.006659 -0.112022
v 0.024899 0.004821 -0.112093
v 0.024840 0.001588 -0.112131
v 0.024781 -0.001644 -0.112168
v 0.024721 -0.004877 -0.112206
v 0.024899 0.004821 -0.108896
v 0.024840 0.001588 -0.108934
v 0.024781 -0.001644 -0.108971
v 0.024721 -0.004877 -0.109009
v 0.021982 0.006659 -0.108825
v 0.021923 0.003426 -0.108863
v 0.021864 0.000194 -0.108900
v 0.021804 -0.003039 -0.108938
v 0.024721 -0.004924 -0.067425
v 0.024781 -0.001691 -0.067387
v 0.024840 0.001542 -0.067350
v 0.024899 0.004774 -0.067312
v 0.021982 0.006612 -0.067241
v 0.021923 0.003380 -0.067279
v 0.021864 0.000147 -0.067316
v 0.021804 -0.003086 -0.067354
v 0.024721 -0.004877 -0.069434
v 0.024781 -0.001644 -0.069396
v 0.024840 0.001588 -0.069359
v 0.024899 0.004821 -0.069321
v 0.021982 0.006659 -0.069250
v 0.021923 0.003426 -0.069288
v 0.021864 0.000194 -0.069325
v 0.021804 -0.003039 -0.069363
v 0.021804 -0.004129 -0.022358
v 0.021864 -0.000897 -0.022320
v 0.021923 0.002336 -0.022283
v 0.021982 0.005569 -0.022245
v 0.024899 0.003730 -0.022316
v 0.024840 0.000498 -0.022354
v 0.024781 -0.002735 -0.022391
v 0.024721 -0.005968 -0.022429
v 0.024721 -0.006052 -0.018779
v 0.024781 -0.002820 -0.018741
v 0.024840 0.000413 -0.018704
v 0.024899 0.003646 -0.018666
v 0.021982 0.005484 -0.018595
v 0.021923 0.002251 -0.018633
v 0.021864 -0.000981 -0.018670
v 0.021804 -0.004214 -0.018708
v 0.021804 -0.005220 0.024647
v 0.021864 -0.001987 0.024685
v 0.021923 0.001246 0.024722
v 0.021982 0.004478 0.024760
v 0.024899 0.002640 0.024689
v 0.024840 -0.000593 0.024651
v 0.024781 -0.003825 0.024614
v 0.024721 -0.007058 0.024576
v 0.024721 -0.007145 0.028311
v 0.024781 -0.003912 0.028348
v 0.024840 -0.000679 0.028386
v 0.024899 0.002553 0.028423
v 0.021982 0.004392 0.028494
v 0.021923 0.001159 0.028457
v 0.021864 -0.002074 0.028419
v 0.021804 -0.005306 0.028382
v 0.021804 -0.006310 0.071652
v 0.021864 -0.003077 0.071690
v 0.021923 0.000155 0.071727
v 0.021982 0.003388 0.071765
v 0.024899 0.001550 0.071694
v 0.024840 -0.001683 0.071656
v 0.024781 -0.004916 0.071619
v 0.024721 -0.008148 0.071581
v 0.024899 0.001550 0.074297
v 0.024840 -0.001683 0.074259
v 0.024781 -0.004916 0.074222
v 0.024721 -0.008148 0.074184
v 0.021804 -0.006310 0.074255
v 0.021864 -0.003077 0.074293
v 0.021923 0.000155 0.074330
v 0.021982 0.003388 0.074368
v 0.021804 -0.006310 0.110465
v 0.021864 -0.003077 0.110503
v 0.021923 0.000155 0.110540
v 0.021982 0.003388 0.110578
v 0.024899 0.001550 0.110507
v 0.024840 -0.001683 0.110470
v 0.024781 -0.004916 0.110432
v 0.024721 -0.008148 0.110395
v 0.024899 0.001550 0.114384
v 0.024840 -0.001683 0.114347
v 0.024781 -0.004916 0.114309
v 0.024721 -0.008148 0.114272
v 0.021982 0.003388 0.114455
v 0.021923 0.000155 0.114417
v 0.021864 -0.003077 0.114380
v 0.021804 -0.006310 0.114342
v -0.023008 -0.005987 0.110478
v -0.022948 -0.002754 0.110515
v -0.022889 0.000479 0.110553
v -0.022830 0.003711 0.110590
v -0.022830 0.003711 0.114467
v -0.022889 0.000479 0.114430
v -0.022948 -0.002754 0.114392
v -0.023008 -0.005987 0.114355
v -0.027462 -0.008570 0.114255
v -0.027402 -0.005337 0.114293
v -0.027343 -0.002105 0.114330
v -0.027284 0.001128 0.114368
v -0.027284 0.001128 0.110491
v -0.027343 -0.002105 0.110453
v -0.027402 -0.005337 0.110416
v -0.027462 -0.008570 0.110378
v -0.023008 -0.005987 0.071665
v -0.022948 -0.002754 0.071702
v -0.022889 0.000479 0.071740
v -0.022830 0.003711 0.071777
v -0.022830 0.003711 0.074380
v -0.022889 0.000479 0.074343
v -0.022948 -0.002754 0.074305
v -0.023008 -0.005987 0.074268
v -0.027462 -0.008570 0.074168
v -0.027402 -0.005337 0.074206
v -0.027343 -0.002105 0.074243
v -0.027284 0.001128 0.074280
v -0.027284 0.001128 0.071678
v -0.027343 -0.002105 0.071640
v -0.027402 -0.005337 0.071603
v -0.027462 -0.008570 0.071565
v -0.023008 -0.004896 0.024660
v -0.022948 -0.001664 0.024697
v -0.022889 0.001569 0.024735
v -0.022830 0.004802 0.024772
v -0.022830 0.004715 0.028507
v -0.022889 0.001482 0.028469
v -0.022948 -0.001750 0.028432
v -0.023008 -0.004983 0.028394
v -0.027462 -0.007566 0.028295
v -0.027402 -0.004334 0.028332
v -0.027343 -0.001101 0.028370
v -0.027284 0.002132 0.028407
v -0.027284 0.002218 0.024673
v -0.027343 -0.001014 0.024635
v -0.027402 -0.004247 0.024598
v -0.027462 -0.007480 0.024560
v -0.027284 0.003224 -0.018682
v -0.027343 -0.000009 -0.018720
v -0.027402 -0.003241 -0.018757
v -0.027462 -0.006474 -0.018795
v -0.023008 -0.003891 -0.018695
v -0.022948 -0.000658 -0.018658
v -0.022889 0.002575 -0.018620
v -0.022830 0.005807 -0.018583
v -0.023008 -0.003806 -0.022345
v -0.022948 -0.000573 -0.022308
v -0.022889 0.002659 -0.022270
v -0.022830 0.005892 -0.022233
v -0.027284 0.003309 -0.022332
v -0.027343 0.000076 -0.022370
v -0.027402 -0.003157 -0.022407
v -0.027462 -0.006389 -0.022445
v -0.023008 -0.002762 -0.067341
v -0.022948 0.000471 -0.067304
v -0.022889 0.003703 -0.067266
v -0.022830 0.006936 -0.067229
v -0.027284 0.004353 -0.067329
v -0.027343 0.001120 -0.067366
v -0.027402 -0.002113 -0.067403
v -0.027462 -0.005345 -0.067441
v -0.023008 -0.002716 -0.069350
v -0.022948 0.000517 -0.069313
v -0.022889 0.003750 -0.069275
v -0.022830 0.006982 -0.069238
v -0.027284 0.004399 -0.069337
v -0.027343 0.001167 -0.069375
v -0.027402 -0.002066 -0.069412
v -0.027462 -0.005299 -0.069450
v -0.027462 -0.005299 -0.109025
v -0.027402 -0.002066 -0.108987
v -0.027343 0.001167 -0.108950
v -0.027284 0.004399 -0.108912
v -0.027284 0.004399 -0.112109
v -0.027343 0.001167 -0.112147
v -0.027402 -0.002066 -0.112184
v -0.027462 -0.005299 -0.112222
v -0.023008 -0.002716 -0.112122
v -0.022948 0.000517 -0.112085
v -0.022889 0.003750 -0.112047
v -0.022830 0.006982 -0.112010
v -0.022830 0.006982 -0.108813
v -0.022889 0.003750 -0.108850
v -0.022948 0.000517 -0.108888
v -0.023008 -0.002716 -0.108925
v 0.044480 -0.020598 -0.069952
v 0.044480 -0.020598 -0.112725
v 0.025171 -0.023170 -0.144069
v 0.044480 -0.021689 -0.022947
v 0.044480 -0.022779 0.024058
v 0.044480 -0.023869 0.071063
v 0.044480 -0.023869 0.113753
v 0.019332 -0.028402 0.139441
v 0.044480 -0.023869 0.092408
v 0.044480 -0.023869 0.109876
v 0.044480 -0.020598 -0.106331
v 0.044480 -0.022866 0.027792
v 0.044480 -0.021773 -0.019298
v 0.044480 -0.020645 -0.067944
v 0.044480 -0.020598 -0.109528
v 0.044480 -0.023869 0.073665
v -0.047945 -0.023649 0.071071
v -0.047945 -0.023649 0.113761
v -0.021178 -0.028324 0.139445
v -0.047945 -0.020378 -0.069944
v -0.047945 -0.020378 -0.112716
v -0.025961 -0.023110 -0.144065
v -0.047945 -0.021468 -0.022939
v -0.047945 -0.022558 0.024066
v -0.047945 -0.023649 0.092416
v -0.047945 -0.023649 0.109884
v -0.047945 -0.020378 -0.106322
v -0.047945 -0.022645 0.027800
v -0.047945 -0.021553 -0.019289
v -0.047945 -0.020424 -0.067935
v -0.047945 -0.020378 -0.109519
v -0.047945 -0.023649 0.073674
v 0.027796 -0.051153 0.125273
v -0.028380 -0.051153 0.125273
v -0.000414 -0.007190 0.127359
v 0.033389 -0.027005 0.126562
v -0.036411 -0.027005 0.126562
v 0.022121 -0.020400 0.126828
v 0.010853 -0.013795 0.127093
v -0.012413 -0.013795 0.127093
v -0.024412 -0.020400 0.126828
v 0.001052 -0.008050 0.127324
v -0.002664 -0.008429 0.127309
v 0.017506 -0.017695 0.126936
v 0.015386 -0.016452 0.126986
v -0.016843 -0.016234 0.126995
v -0.020015 -0.017980 0.126925
v 0.031906 -0.026136 0.126597
v -0.034561 -0.025987 0.126603
v 0.016303 -0.044821 0.136548
v -0.000763 -0.016741 0.137898
v 0.014638 -0.024621 0.137554
v 0.006938 -0.020681 0.137726
v -0.008682 -0.020681 0.137726
v -0.016601 -0.024621 0.137554
v 0.000239 -0.017254 0.137876
v -0.002248 -0.017480 0.137866
v 0.011484 -0.023007 0.137625
v 0.010035 -0.022266 0.137657
v -0.011606 -0.022136 0.137663
v -0.013699 -0.023177 0.137617
v 0.021325 -0.028043 0.137405
v -0.023300 -0.027954 0.137409
v -0.017379 -0.044821 0.136548
v 0.022339 -0.028561 0.137383
v -0.024521 -0.028561 0.137383
v -0.030833 -0.052565 0.122759
v 0.035853 -0.026658 0.124149
v -0.039063 -0.026658 0.124149
v 0.030359 -0.052565 0.122759
v -0.000337 -0.005061 0.125008
v 0.023790 -0.019459 0.124436
v 0.011727 -0.012260 0.124722
v -0.013245 -0.012260 0.124722
v -0.026154 -0.019459 0.124436
v 0.001233 -0.005997 0.124971
v -0.002757 -0.006410 0.124955
v 0.018848 -0.016510 0.124553
v 0.016579 -0.015156 0.124607
v -0.018011 -0.014917 0.124616
v -0.021424 -0.016821 0.124541
v 0.034265 -0.025710 0.124187
v -0.037073 -0.025548 0.124193
v -0.027057 -0.048868 -0.129769
v 0.026272 -0.048868 -0.129769
v 0.036459 -0.022705 -0.128433
v -0.000784 -0.004004 -0.127608
v -0.038912 -0.022705 -0.128433
v 0.011630 -0.010238 -0.127883
v 0.024045 -0.016471 -0.128158
v -0.026203 -0.016471 -0.128158
v -0.013494 -0.010238 -0.127883
v 0.000831 -0.004815 -0.127643
v -0.003167 -0.005173 -0.127659
v 0.018960 -0.013918 -0.128045
v 0.016624 -0.012745 -0.127993
v -0.018186 -0.012539 -0.127984
v -0.021546 -0.014187 -0.128057
v 0.034825 -0.021884 -0.128397
v -0.036953 -0.021744 -0.128391
v -0.014655 -0.043236 -0.142833
v 0.027793 -0.023411 -0.141922
v -0.028894 -0.023411 -0.141922
v 0.008291 -0.017040 -0.141546
v 0.018042 -0.020226 -0.141734
v -0.019750 -0.020226 -0.141734
v -0.010605 -0.017040 -0.141546
v -0.000191 -0.014269 -0.141383
v -0.003175 -0.014451 -0.141394
v 0.014048 -0.018921 -0.141657
v 0.012213 -0.018321 -0.141622
v -0.013981 -0.018216 -0.141615
v -0.016398 -0.019058 -0.141665
v 0.026509 -0.022992 -0.141897
v -0.027484 -0.022920 -0.141893
v 0.013195 -0.043236 -0.142833
v -0.001460 -0.013854 -0.141358
v 0.028437 -0.049800 -0.127606
v -0.000673 -0.002374 -0.125331
v -0.029110 -0.049800 -0.127606
v 0.037894 -0.022588 -0.126200
v -0.040571 -0.022588 -0.126200
v 0.012183 -0.009112 -0.125621
v 0.025038 -0.015850 -0.125911
v -0.027271 -0.015850 -0.125911
v -0.013972 -0.009112 -0.125621
v 0.001000 -0.003250 -0.125369
v -0.003166 -0.003637 -0.125386
v 0.019773 -0.013090 -0.125792
v 0.017354 -0.011822 -0.125738
v -0.018882 -0.011599 -0.125728
v -0.022398 -0.013380 -0.125805
v 0.036202 -0.021701 -0.126162
v -0.038520 -0.021549 -0.126156
v 0.000086 -0.018988 0.139864
v -0.000828 -0.018541 0.139884
v -0.021178 -0.028324 0.139445
v -0.022280 -0.028854 0.139421
v -0.000763 -0.016741 0.137898
v 0.025171 -0.023170 -0.144069
v 0.026398 -0.023525 -0.144092
v -0.003176 -0.015944 -0.143604
v -0.001569 -0.015439 -0.143571
v 0.027793 -0.023411 -0.141922
v -0.028894 -0.023411 -0.141922
v -0.027282 -0.023525 -0.144092
v -0.000356 -0.015790 -0.143594
v -0.000191 -0.014269 -0.141383
v 0.000239 -0.017254 0.137876
v -0.002169 -0.019185 0.139855
v -0.002248 -0.017480 0.137866
v -0.003175 -0.014451 -0.141394
v 0.011504 -0.019219 -0.143815
v 0.013257 -0.019726 -0.143847
v 0.011484 -0.023007 0.137625
v 0.010349 -0.024008 0.139639
v 0.014048 -0.018921 -0.141657
v 0.009027 -0.023361 0.139668
v 0.012213 -0.018321 -0.141622
v 0.010035 -0.022266 0.137657
v -0.015570 -0.019842 -0.143855
v -0.013304 -0.019129 -0.143809
v -0.011606 -0.022136 0.137663
v -0.010619 -0.023248 0.139673
v -0.013981 -0.018216 -0.141615
v -0.012509 -0.024157 0.139632
v -0.016398 -0.019058 -0.141665
v -0.013699 -0.023177 0.137617
v 0.020257 -0.028854 0.139421
v 0.019332 -0.028402 0.139441
v 0.021325 -0.028043 0.137405
v 0.026509 -0.022992 -0.141897
v -0.025961 -0.023110 -0.144065
v -0.027484 -0.022920 -0.141893
v -0.023300 -0.027954 0.137409
v -0.000337 -0.005061 0.125008
v -0.000414 -0.007190 0.127359
v 0.001233 -0.005997 0.124971
v 0.001052 -0.008050 0.127324
v -0.002757 -0.006410 0.124955
v -0.002664 -0.008429 0.127309
v 0.018848 -0.016510 0.124553
v 0.017506 -0.017695 0.126936
v 0.016579 -0.015156 0.124607
v 0.015386 -0.016452 0.126986
v -0.018011 -0.014917 0.124616
v -0.016843 -0.016234 0.126995
v -0.021424 -0.016821 0.124541
v -0.020015 -0.017980 0.126925
v 0.034265 -0.025710 0.124187
v 0.031906 -0.026136 0.126597
v -0.037073 -0.025548 0.124193
v -0.034561 -0.025987 0.126603
v 0.033389 -0.027005 0.126562
v -0.036411 -0.027005 0.126562
v 0.022339 -0.028561 0.137383
v -0.024521 -0.028561 0.137383
v 0.035853 -0.026658 0.124149
v -0.039063 -0.026658 0.124149
v 0.037894 -0.022588 -0.126200
v 0.036459 -0.022705 -0.128433
v -0.040571 -0.022588 -0.126200
v -0.038912 -0.022705 -0.128433
v 0.001000 -0.003250 -0.125369
v 0.000831 -0.004815 -0.127643
v -0.003166 -0.003637 -0.125386
v -0.003167 -0.005173 -0.127659
v 0.019773 -0.013090 -0.125792
v 0.018960 -0.013918 -0.128045
v 0.017354 -0.011822 -0.125738
v 0.016624 -0.012745 -0.127993
v -0.018882 -0.011599 -0.125728
v -0.018186 -0.012539 -0.127984
v -0.022398 -0.013380 -0.125805
v -0.021546 -0.014187 -0.128057
v 0.036202 -0.021701 -0.126162
v 0.034825 -0.021884 -0.128397
v -0.038520 -0.021549 -0.126156
v -0.036953 -0.021744 -0.128391
v -0.000784 -0.004004 -0.127608
v -0.001460 -0.013854 -0.141358
v -0.000673 -0.002374 -0.125331
v 0.000118 -0.007397 0.141004
v -0.000797 -0.006949 0.141024
v -0.021146 -0.016733 0.140585
v -0.022249 -0.017263 0.140561
v -0.000731 -0.005150 0.139038
v 0.025203 -0.011579 -0.142929
v 0.026430 -0.011934 -0.142952
v -0.003144 -0.004353 -0.142464
v -0.001537 -0.003848 -0.142431
v 0.027824 -0.011820 -0.140781
v -0.028863 -0.011820 -0.140781
v -0.027251 -0.011934 -0.142952
v -0.000324 -0.004199 -0.142454
v -0.000160 -0.002677 -0.140243
v 0.000271 -0.005663 0.139016
v -0.002137 -0.007594 0.140995
v -0.002216 -0.005889 0.139006
v -0.003143 -0.002860 -0.140254
v 0.011535 -0.007628 -0.142674
v 0.013289 -0.008135 -0.142707
v 0.011516 -0.011416 0.138765
v 0.010381 -0.012417 0.140779
v 0.014079 -0.007330 -0.140517
v 0.009059 -0.011770 0.140808
v 0.012245 -0.006730 -0.140482
v 0.010067 -0.010675 0.138797
v -0.015538 -0.008251 -0.142715
v -0.013273 -0.007538 -0.142669
v -0.011574 -0.010545 0.138803
v -0.010587 -0.011657 0.140813
v -0.013949 -0.006625 -0.140475
v -0.012478 -0.012565 0.140772
v -0.016367 -0.007467 -0.140525
v -0.013668 -0.011586 0.138757
v 0.020288 -0.017263 0.140561
v 0.019363 -0.016811 0.140581
v 0.021357 -0.016451 0.138545
v 0.026541 -0.011401 -0.140757
v -0.025929 -0.011518 -0.142925
v -0.027453 -0.011329 -0.140753
v -0.023268 -0.016363 0.138549
v -0.000305 0.006531 0.126148
v -0.000383 0.004401 0.128499
v 0.001265 0.005594 0.126111
v 0.001084 0.003541 0.128464
v -0.002725 0.005181 0.126095
v -0.002632 0.003162 0.128449
v 0.018880 -0.004919 0.125693
v 0.017537 -0.006103 0.128076
v 0.016611 -0.003565 0.125747
v 0.015418 -0.004861 0.128126
v -0.017979 -0.003326 0.125756
v -0.016811 -0.004642 0.128135
v -0.021392 -0.005229 0.125681
v -0.019983 -0.006388 0.128065
v 0.034297 -0.014119 0.125327
v 0.031937 -0.014544 0.127737
v -0.037041 -0.013957 0.125333
v -0.034530 -0.014395 0.127743
v 0.033420 -0.015414 0.127702
v -0.036380 -0.015414 0.127702
v 0.022370 -0.016970 0.138523
v -0.024489 -0.016970 0.138523
v 0.035884 -0.015067 0.125289
v -0.039031 -0.015067 0.125289
v 0.037926 -0.010997 -0.125060
v 0.036491 -0.011114 -0.127293
v -0.040539 -0.010997 -0.125060
v -0.038881 -0.011114 -0.127293
v 0.001032 0.008341 -0.124229
v 0.000863 0.006776 -0.126503
v -0.003134 0.007954 -0.124246
v -0.003136 0.006418 -0.126519
v 0.019804 -0.001499 -0.124652
v 0.018991 -0.002327 -0.126905
v 0.017386 -0.000231 -0.124598
v 0.016656 -0.001154 -0.126853
v -0.018850 -0.000008 -0.124588
v -0.018154 -0.000948 -0.126844
v -0.022366 -0.001789 -0.124665
v -0.021514 -0.002596 -0.126917
v 0.036234 -0.010110 -0.125022
v 0.034857 -0.010293 -0.127257
v -0.038488 -0.009958 -0.125016
v -0.036921 -0.010152 -0.127251
v -0.000753 0.007587 -0.126467
v -0.001428 -0.002263 -0.140218
v -0.000641 0.009218 -0.124191
v 0.045475 -0.007046 -0.069810
v 0.047516 -0.008332 -0.069859
v 0.047516 -0.008379 -0.067851
v -0.049547 -0.008379 -0.067851
v -0.049547 -0.008332 -0.069859
v -0.046950 -0.010097 0.071214
v -0.049547 -0.011604 0.071156
v -0.046950 -0.010097 0.113904
v -0.049547 -0.011604 0.113846
v -0.049547 -0.011604 0.073758
v 0.047516 -0.011604 0.109969
v 0.047516 -0.011604 0.113846
v 0.045475 -0.007046 -0.112582
v 0.047516 -0.008332 -0.112631
v 0.047516 -0.008332 -0.109435
v 0.047516 -0.010600 0.027885
v 0.047516 -0.010513 0.024151
v 0.047516 -0.009507 -0.019205
v 0.047516 -0.009423 -0.022854
v -0.049547 -0.010600 0.027885
v -0.049547 -0.010513 0.024151
v 0.045475 -0.008137 -0.022805
v 0.045475 -0.009227 0.024200
v -0.049547 -0.011604 0.109969
v 0.045475 -0.010317 0.110018
v 0.045475 -0.009314 0.027935
v 0.045475 -0.008221 -0.019155
v 0.045475 -0.007093 -0.067801
v -0.049547 -0.008332 -0.112631
v -0.049547 -0.008332 -0.109435
v -0.046949 -0.006826 -0.109376
v 0.047516 -0.011604 0.071156
v 0.047516 -0.011604 0.073758
v 0.045475 -0.010317 0.073808
v 0.045475 -0.010317 0.071205
v 0.045475 -0.010317 0.113895
v 0.045475 -0.007046 -0.109385
v -0.046949 -0.006826 -0.069801
v -0.046949 -0.006826 -0.112573
v -0.046949 -0.009006 0.024209
v -0.046950 -0.010097 0.110027
v -0.046949 -0.009093 0.027943
v -0.046949 -0.006872 -0.067792
v -0.046950 -0.010097 0.073817
v -0.021416 -0.013923 0.124826
v -0.021408 -0.011025 0.125111
v -0.021400 -0.008127 0.125396
v -0.017987 -0.006224 0.125471
v -0.017995 -0.009122 0.125186
v -0.018003 -0.012020 0.124901
v -0.016819 -0.007540 0.127850
v -0.016827 -0.010438 0.127565
v -0.016835 -0.013336 0.127280
v -0.020007 -0.015082 0.127210
v -0.019999 -0.012184 0.127495
v -0.019991 -0.009286 0.127780
v -0.023292 -0.025056 0.137694
v -0.023284 -0.022158 0.137979
v -0.023276 -0.019260 0.138264
v -0.021154 -0.019631 0.140300
v -0.021162 -0.022529 0.140015
v -0.021170 -0.025427 0.139730
v -0.022272 -0.025957 0.139706
v -0.022264 -0.023059 0.139991
v -0.022257 -0.020161 0.140276
v -0.024497 -0.019868 0.138238
v -0.024505 -0.022766 0.137953
v -0.024513 -0.025663 0.137668
v -0.036404 -0.024107 0.126847
v -0.036396 -0.021209 0.127132
v -0.036388 -0.018312 0.127417
v -0.039039 -0.017965 0.125004
v -0.039047 -0.020862 0.124719
v -0.039055 -0.023760 0.124434
v -0.037049 -0.016855 0.125048
v -0.037057 -0.019752 0.124763
v -0.037065 -0.022650 0.124478
v -0.034538 -0.017293 0.127458
v -0.034546 -0.020191 0.127173
v -0.034553 -0.023089 0.126888
v -0.050294 -0.021767 0.109862
v -0.050045 -0.018379 0.109897
v -0.049796 -0.014992 0.109933
v -0.047198 -0.013485 0.109991
v -0.047447 -0.016873 0.109955
v -0.047696 -0.020261 0.109920
v -0.050294 -0.021767 0.113739
v -0.050045 -0.018379 0.113774
v -0.049796 -0.014992 0.113810
v -0.047696 -0.020261 0.113797
v -0.047447 -0.016873 0.113832
v -0.047198 -0.013485 0.113868
v -0.050294 -0.021767 0.071049
v -0.050045 -0.018380 0.071084
v -0.049796 -0.014992 0.071120
v -0.047198 -0.013485 0.071178
v -0.047447 -0.016873 0.071142
v -0.047696 -0.020261 0.071107
v -0.047696 -0.020261 0.073710
v -0.047447 -0.016873 0.073745
v -0.047198 -0.013485 0.073781
v -0.049796 -0.014992 0.073723
v -0.050045 -0.018380 0.073687
v -0.050294 -0.021767 0.073651
v -0.047696 -0.019257 0.027836
v -0.047447 -0.015869 0.027872
v -0.047198 -0.012481 0.027907
v -0.049796 -0.013988 0.027849
v -0.050045 -0.017376 0.027814
v -0.050294 -0.020764 0.027778
v -0.049796 -0.013901 0.024115
v -0.050045 -0.017289 0.024079
v -0.050294 -0.020677 0.024044
v -0.047696 -0.019170 0.024102
v -0.047447 -0.015782 0.024137
v -0.047198 -0.012394 0.024173
v -0.050543 -0.007822 -0.019347
v -0.050543 -0.007738 -0.022997
v -0.047945 -0.006231 -0.022939
v -0.047945 -0.006316 -0.019289
v -0.047945 -0.017743 -0.019289
v -0.047945 -0.013934 -0.019289
v -0.047945 -0.010125 -0.019289
v -0.050543 -0.011632 -0.019347
v -0.050543 -0.015441 -0.019347
v -0.050543 -0.019250 -0.019347
v -0.047945 -0.017659 -0.022939
v -0.047945 -0.013850 -0.022939
v -0.047945 -0.010040 -0.022939
v -0.050543 -0.019165 -0.022997
v -0.050543 -0.015356 -0.022997
v -0.050543 -0.011547 -0.022997
v -0.050294 -0.018543 -0.067958
v -0.050045 -0.015155 -0.067922
v -0.049796 -0.011767 -0.067886
v -0.049796 -0.011720 -0.069895
v -0.050045 -0.015108 -0.069931
v -0.050294 -0.018496 -0.069966
v -0.047696 -0.017036 -0.067899
v -0.047447 -0.013648 -0.067864
v -0.047198 -0.010260 -0.067828
v -0.047198 -0.010214 -0.069837
v -0.047447 -0.013602 -0.069873
v -0.047696 -0.016990 -0.069908
v -0.050294 -0.018496 -0.109542
v -0.050045 -0.015108 -0.109506
v -0.049796 -0.011720 -0.109470
v -0.049796 -0.011720 -0.112667
v -0.050045 -0.015108 -0.112703
v -0.050294 -0.018496 -0.112738
v -0.047696 -0.016990 -0.112680
v -0.047447 -0.013602 -0.112645
v -0.047198 -0.010214 -0.112609
v -0.047198 -0.010214 -0.109412
v -0.047447 -0.013602 -0.109448
v -0.047696 -0.016990 -0.109483
v -0.040563 -0.019690 -0.125915
v -0.040555 -0.016792 -0.125630
v -0.040547 -0.013894 -0.125345
v -0.038889 -0.014011 -0.127578
v -0.038897 -0.016909 -0.127863
v -0.038905 -0.019807 -0.128148
v -0.038512 -0.018651 -0.125871
v -0.038504 -0.015753 -0.125586
v -0.038496 -0.012855 -0.125301
v -0.036945 -0.018846 -0.128106
v -0.036937 -0.015948 -0.127821
v -0.036929 -0.013050 -0.127536
v -0.018874 -0.008701 -0.125443
v -0.018866 -0.005804 -0.125158
v -0.018858 -0.002906 -0.124873
v -0.022374 -0.004687 -0.124950
v -0.022382 -0.007585 -0.125235
v -0.022390 -0.010483 -0.125520
v -0.018178 -0.009641 -0.127699
v -0.018170 -0.006743 -0.127414
v -0.018162 -0.003845 -0.127129
v -0.021522 -0.005493 -0.127202
v -0.021530 -0.008391 -0.127487
v -0.021538 -0.011289 -0.127772
v -0.028871 -0.014718 -0.141066
v -0.028879 -0.017616 -0.141351
v -0.028886 -0.020514 -0.141636
v -0.027476 -0.020022 -0.141608
v -0.027469 -0.017125 -0.141323
v -0.027461 -0.014227 -0.141038
v -0.027274 -0.020627 -0.143807
v -0.027266 -0.017730 -0.143522
v -0.027259 -0.014832 -0.143237
v -0.025937 -0.014416 -0.143210
v -0.025945 -0.017314 -0.143495
v -0.025953 -0.020212 -0.143780
v -0.013973 -0.015318 -0.141330
v -0.013965 -0.012420 -0.141045
v -0.013957 -0.009523 -0.140760
v -0.016375 -0.010365 -0.140810
v -0.016383 -0.013263 -0.141095
v -0.016390 -0.016160 -0.141380
v -0.015562 -0.016944 -0.143570
v -0.015554 -0.014046 -0.143285
v -0.015546 -0.011149 -0.143000
v -0.013280 -0.010436 -0.142954
v -0.013288 -0.013334 -0.143239
v -0.013296 -0.016232 -0.143524
v -0.003168 -0.013047 -0.143319
v -0.003160 -0.010149 -0.143034
v -0.003152 -0.007251 -0.142749
v -0.001553 -0.006893 -0.143141
v -0.001560 -0.009534 -0.143401
v -0.001561 -0.012541 -0.143286
v -0.000184 -0.011371 -0.141098
v -0.000176 -0.008473 -0.140813
v -0.000168 -0.005575 -0.140528
v -0.001436 -0.005399 -0.140112
v -0.001443 -0.008041 -0.140371
v -0.001452 -0.010956 -0.141073
v -0.003151 -0.005758 -0.140539
v -0.003159 -0.008656 -0.140824
v -0.003167 -0.011554 -0.141109
v -0.000332 -0.007096 -0.142739
v -0.000340 -0.009994 -0.143024
v -0.000348 -0.012892 -0.143309
v -0.000665 0.000524 -0.125046
v -0.000666 0.003362 -0.124347
v -0.000659 0.006003 -0.124087
v -0.003142 0.005056 -0.124531
v -0.003150 0.002159 -0.124816
v -0.003158 -0.000739 -0.125101
v 0.001008 -0.000352 -0.125084
v 0.001016 0.002545 -0.124799
v 0.001024 0.005443 -0.124514
v 0.000839 -0.001917 -0.127358
v 0.000847 0.000981 -0.127073
v 0.000855 0.003878 -0.126788
v -0.003144 0.003521 -0.126804
v -0.003152 0.000623 -0.127089
v -0.003160 -0.002275 -0.127374
v -0.000777 -0.001106 -0.127323
v -0.000798 0.001823 -0.127439
v -0.000791 0.004464 -0.127179
v 0.014056 -0.016023 -0.141372
v 0.014063 -0.013125 -0.141087
v 0.014071 -0.010227 -0.140802
v 0.012237 -0.009628 -0.140767
v 0.012229 -0.012526 -0.141052
v 0.012221 -0.015424 -0.141337
v 0.011511 -0.016321 -0.143530
v 0.011519 -0.013423 -0.143245
v 0.011527 -0.010525 -0.142960
v 0.013281 -0.011032 -0.142992
v 0.013273 -0.013930 -0.143277
v 0.013265 -0.016828 -0.143562
v 0.019780 -0.010192 -0.125507
v 0.019788 -0.007294 -0.125222
v 0.019796 -0.004396 -0.124937
v 0.017378 -0.003129 -0.124883
v 0.017370 -0.006027 -0.125168
v 0.017362 -0.008924 -0.125453
v 0.018967 -0.011020 -0.127760
v 0.018975 -0.008122 -0.127475
v 0.018983 -0.005224 -0.127190
v 0.016648 -0.004052 -0.127138
v 0.016640 -0.006950 -0.127423
v 0.016632 -0.009847 -0.127708
v 0.026517 -0.020094 -0.141612
v 0.026525 -0.017197 -0.141327
v 0.026533 -0.014299 -0.141042
v 0.025195 -0.014477 -0.143214
v 0.025187 -0.017375 -0.143499
v 0.025179 -0.020273 -0.143784
v 0.026422 -0.014832 -0.143237
v 0.026414 -0.017730 -0.143522
v 0.026406 -0.020627 -0.143807
v 0.027816 -0.014718 -0.141066
v 0.027809 -0.017616 -0.141351
v 0.027801 -0.020514 -0.141636
v 0.037902 -0.019690 -0.125915
v 0.037910 -0.016792 -0.125630
v 0.037918 -0.013894 -0.125345
v 0.036226 -0.013008 -0.125307
v 0.036218 -0.015905 -0.125592
v 0.036210 -0.018803 -0.125877
v 0.036467 -0.019807 -0.128148
v 0.036475 -0.016909 -0.127863
v 0.036483 -0.014011 -0.127578
v 0.034849 -0.013191 -0.127542
v 0.034841 -0.016089 -0.127827
v 0.034833 -0.018986 -0.128112
v 0.046769 -0.018496 -0.109542
v 0.047018 -0.015108 -0.109506
v 0.047267 -0.011720 -0.109470
v 0.045226 -0.010434 -0.109421
v 0.044977 -0.013822 -0.109456
v 0.044728 -0.017210 -0.109492
v 0.045226 -0.010434 -0.112618
v 0.044977 -0.013822 -0.112653
v 0.044728 -0.017210 -0.112689
v 0.046769 -0.018496 -0.112738
v 0.047018 -0.015108 -0.112703
v 0.047267 -0.011720 -0.112667
v 0.044728 -0.017210 -0.069917
v 0.044977 -0.013822 -0.069881
v 0.045226 -0.010434 -0.069845
v 0.047267 -0.011720 -0.069895
v 0.047018 -0.015108 -0.069931
v 0.046769 -0.018496 -0.069966
v 0.047267 -0.011767 -0.067886
v 0.047018 -0.015155 -0.067922
v 0.046769 -0.018543 -0.067958
v 0.044728 -0.017257 -0.067908
v 0.044977 -0.013869 -0.067872
v 0.045226 -0.010481 -0.067837
v 0.046769 -0.019671 -0.019312
v 0.047018 -0.016283 -0.019276
v 0.047267 -0.012895 -0.019240
v 0.045226 -0.011609 -0.019191
v 0.044977 -0.014997 -0.019226
v 0.044728 -0.018385 -0.019262
v 0.046769 -0.019587 -0.022961
v 0.047018 -0.016199 -0.022926
v 0.047267 -0.012811 -0.022890
v 0.045226 -0.011525 -0.022840
v 0.044977 -0.014913 -0.022876
v 0.044728 -0.018301 -0.022912
v 0.046769 -0.020677 0.024044
v 0.047018 -0.017289 0.024079
v 0.047267 -0.013901 0.024115
v 0.047267 -0.013988 0.027849
v 0.047018 -0.017376 0.027814
v 0.046769 -0.020764 0.027778
v 0.044728 -0.019478 0.027828
v 0.044977 -0.016090 0.027863
v 0.045226 -0.012702 0.027899
v 0.045226 -0.012615 0.024165
v 0.044977 -0.016003 0.024129
v 0.044728 -0.019391 0.024093
v 0.044728 -0.020481 0.073701
v 0.044977 -0.017093 0.073737
v 0.045226 -0.013705 0.073772
v 0.045226 -0.013705 0.071170
v 0.044977 -0.017093 0.071134
v 0.044728 -0.020481 0.071098
v 0.047267 -0.014992 0.071120
v 0.047018 -0.018380 0.071084
v 0.046769 -0.021767 0.071049
v 0.046769 -0.021767 0.073651
v 0.047018 -0.018380 0.073687
v 0.047267 -0.014992 0.073723
v 0.044728 -0.020481 0.109911
v 0.044977 -0.017093 0.109947
v 0.045226 -0.013705 0.109983
v 0.047267 -0.014992 0.109933
v 0.047018 -0.018380 0.109897
v 0.046769 -0.021767 0.109862
v 0.046769 -0.021767 0.113739
v 0.047018 -0.018379 0.113774
v 0.047267 -0.014992 0.113810
v 0.045226 -0.013705 0.113860
v 0.044977 -0.017093 0.113824
v 0.044728 -0.020481 0.113788
v 0.035861 -0.023760 0.124434
v 0.035869 -0.020862 0.124719
v 0.035876 -0.017965 0.125004
v 0.033412 -0.018312 0.127417
v 0.033404 -0.021209 0.127132
v 0.033397 -0.024107 0.126847
v 0.034273 -0.022813 0.124472
v 0.034281 -0.019915 0.124757
v 0.034289 -0.017017 0.125042
v 0.031914 -0.023238 0.126882
v 0.031921 -0.020340 0.127167
v 0.031929 -0.017442 0.127452
v 0.021349 -0.019349 0.138260
v 0.021341 -0.022247 0.137975
v 0.021333 -0.025145 0.137690
v 0.019340 -0.025504 0.139726
v 0.019347 -0.022606 0.140011
v 0.019355 -0.019709 0.140296
v 0.022346 -0.025663 0.137668
v 0.022354 -0.022766 0.137953
v 0.022362 -0.019868 0.138238
v 0.020280 -0.020161 0.140276
v 0.020273 -0.023059 0.139991
v 0.020265 -0.025957 0.139706
v 0.016587 -0.012258 0.124892
v 0.016595 -0.009360 0.125177
v 0.016603 -0.006462 0.125462
v 0.018872 -0.007817 0.125408
v 0.018864 -0.010714 0.125123
v 0.018856 -0.013612 0.124838
v 0.017529 -0.009001 0.127791
v 0.017521 -0.011899 0.127506
v 0.017514 -0.014797 0.127221
v 0.015394 -0.013554 0.127271
v 0.015402 -0.010657 0.127556
v 0.015410 -0.007759 0.127841
v 0.011492 -0.020109 0.137910
v 0.011500 -0.017212 0.138195
v 0.011508 -0.014314 0.138480
v 0.010373 -0.015315 0.140494
v 0.010365 -0.018213 0.140209
v 0.010357 -0.021110 0.139924
v 0.009051 -0.014668 0.140523
v 0.009043 -0.017566 0.140238
v 0.009035 -0.020464 0.139953
v 0.010059 -0.013573 0.138512
v 0.010051 -0.016471 0.138227
v 0.010043 -0.019368 0.137942
v -0.000329 -0.002163 0.125293
v -0.000359 0.000745 0.125176
v -0.000351 0.003386 0.125436
v 0.001257 0.002696 0.125826
v 0.001249 -0.000202 0.125541
v 0.001241 -0.003099 0.125256
v -0.002749 -0.003513 0.125240
v -0.002741 -0.000615 0.125525
v -0.002733 0.002283 0.125810
v 0.001076 0.000644 0.128179
v 0.001068 -0.002254 0.127894
v 0.001060 -0.005152 0.127609
v -0.002656 -0.005531 0.127594
v -0.002648 -0.002633 0.127879
v -0.002640 0.000265 0.128164
v -0.000406 -0.004293 0.127644
v -0.000407 -0.001452 0.128344
v -0.000400 0.001189 0.128603
v -0.000755 -0.013843 0.138183
v -0.000770 -0.010864 0.138069
v -0.000763 -0.008223 0.138329
v 0.000263 -0.008560 0.138731
v 0.000255 -0.011458 0.138446
v 0.000247 -0.014356 0.138161
v 0.000110 -0.010295 0.140719
v 0.000102 -0.013192 0.140434
v 0.000094 -0.016090 0.140149
v -0.000821 -0.015643 0.140169
v -0.000812 -0.012733 0.140871
v -0.000805 -0.010091 0.141131
v -0.002145 -0.010492 0.140710
v -0.002153 -0.013390 0.140425
v -0.002161 -0.016287 0.140140
v -0.002224 -0.008787 0.138721
v -0.002232 -0.011684 0.138436
v -0.002240 -0.014582 0.138151
v -0.011598 -0.019238 0.137948
v -0.011590 -0.016340 0.138233
v -0.011582 -0.013442 0.138518
v -0.010595 -0.014554 0.140528
v -0.010603 -0.017452 0.140243
v -0.010611 -0.020350 0.139958
v -0.012485 -0.015463 0.140487
v -0.012493 -0.018361 0.140202
v -0.012501 -0.021259 0.139917
v -0.013691 -0.020280 0.137902
v -0.013683 -0.017382 0.138187
v -0.013675 -0.014484 0.138472
v -0.026036 -0.007670 -0.069454
v -0.024552 -0.006809 -0.069421
v -0.026036 -0.007670 -0.112226
v -0.024552 -0.006809 -0.112193
v -0.014815 -0.019605 -0.143839
v -0.014060 -0.019367 -0.143824
v -0.026036 -0.008761 -0.022449
v -0.024552 -0.007900 -0.022416
v -0.026036 -0.009851 0.024556
v -0.024552 -0.008990 0.024589
v -0.026036 -0.010942 0.110374
v -0.024552 -0.010080 0.110407
v -0.026036 -0.009938 0.028290
v -0.024552 -0.009077 0.028324
v -0.026036 -0.008845 -0.018799
v -0.024552 -0.007984 -0.018766
v -0.026036 -0.007717 -0.067445
v -0.024552 -0.006856 -0.067412
v -0.024552 -0.010080 0.071594
v -0.026036 -0.010942 0.071561
v -0.024552 -0.010080 0.114284
v -0.026036 -0.010942 0.114251
v -0.011249 -0.023551 0.139659
v -0.011879 -0.023854 0.139646
v -0.024552 -0.006809 -0.108996
v -0.026036 -0.007670 -0.109029
v -0.026036 -0.010942 0.074164
v -0.024552 -0.010080 0.074197
v -0.025740 0.008493 -0.069267
v -0.024255 0.009354 -0.069233
v -0.025740 0.008493 -0.112039
v -0.024255 0.009354 -0.112006
v -0.025740 0.007403 -0.022262
v -0.024255 0.008264 -0.022228
v -0.025740 0.006312 0.024743
v -0.024255 0.007173 0.024777
v -0.025740 0.005222 0.110561
v -0.024255 0.006083 0.110595
v -0.025740 0.006226 0.028478
v -0.024255 0.007087 0.028511
v -0.025740 0.007318 -0.018612
v -0.024255 0.008179 -0.018579
v -0.025740 0.008446 -0.067258
v -0.024255 0.009307 -0.067225
v -0.024255 0.006083 0.071782
v -0.025740 0.005222 0.071748
v -0.024255 0.006083 0.114472
v -0.025740 0.005222 0.114438
v -0.024255 0.009354 -0.108809
v -0.025740 0.008493 -0.108842
v -0.025740 0.005222 0.074351
v -0.024255 0.006083 0.074384
v -0.025977 -0.007709 0.110412
v -0.024492 -0.006848 0.110445
v -0.025918 -0.004476 0.110449
v -0.024433 -0.003615 0.110482
v -0.025784 -0.001058 0.110079
v -0.024430 -0.000273 0.110110
v -0.025729 0.001889 0.110114
v -0.024376 0.002674 0.110144
v -0.024492 -0.006848 0.114322
v -0.025977 -0.007709 0.114289
v -0.024433 -0.003615 0.114359
v -0.025918 -0.004476 0.114326
v -0.024443 -0.000282 0.114807
v -0.025796 -0.001067 0.114777
v -0.024389 0.002664 0.114841
v -0.025742 0.001879 0.114811
v -0.025977 -0.007709 0.071598
v -0.024492 -0.006848 0.071632
v -0.025918 -0.004476 0.071636
v -0.024433 -0.003615 0.071669
v -0.025784 -0.001058 0.071266
v -0.024430 -0.000273 0.071296
v -0.025729 0.001889 0.071300
v -0.024376 0.002674 0.071331
v -0.024492 -0.006848 0.074234
v -0.025977 -0.007709 0.074201
v -0.024433 -0.003615 0.074272
v -0.025918 -0.004476 0.074239
v -0.024443 -0.000282 0.074720
v -0.025796 -0.001067 0.074690
v -0.024389 0.002664 0.074754
v -0.025742 0.001879 0.074724
v -0.024492 -0.005844 0.028361
v -0.025977 -0.006705 0.028328
v -0.024433 -0.002611 0.028398
v -0.025918 -0.003472 0.028365
v -0.024443 0.000722 0.028846
v -0.025796 -0.000063 0.028816
v -0.024389 0.003668 0.028881
v -0.025742 0.002883 0.028850
v -0.025977 -0.006618 0.024593
v -0.024492 -0.005757 0.024627
v -0.025918 -0.003386 0.024631
v -0.024433 -0.002525 0.024664
v -0.025784 0.000033 0.024261
v -0.024430 0.000818 0.024291
v -0.025729 0.002979 0.024295
v -0.024376 0.003764 0.024326
v -0.025977 -0.005528 -0.022412
v -0.024492 -0.004667 -0.022378
v -0.025918 -0.002295 -0.022374
v -0.024433 -0.001434 -0.022341
v -0.025784 0.001123 -0.022744
v -0.024430 0.001908 -0.022714
v -0.025729 0.004070 -0.022710
v -0.024376 0.004854 -0.022679
v -0.024492 -0.004752 -0.018729
v -0.025977 -0.005613 -0.018762
v -0.024433 -0.001519 -0.018691
v -0.025918 -0.002380 -0.018724
v -0.024443 0.001814 -0.018243
v -0.025796 0.001029 -0.018273
v -0.024389 0.004760 -0.018209
v -0.025742 0.003976 -0.018239
v -0.025977 -0.004438 -0.069417
v -0.024492 -0.003577 -0.069383
v -0.025918 -0.001205 -0.069379
v -0.024433 -0.000344 -0.069346
v -0.025784 0.002213 -0.069749
v -0.024430 0.002998 -0.069719
v -0.025729 0.005160 -0.069715
v -0.024376 0.005945 -0.069684
v -0.024492 -0.003623 -0.067375
v -0.025977 -0.004484 -0.067408
v -0.024433 -0.000391 -0.067337
v -0.025918 -0.001252 -0.067370
v -0.024443 0.002942 -0.066889
v -0.025796 0.002158 -0.066919
v -0.024389 0.005889 -0.066855
v -0.025742 0.005104 -0.066885
v -0.024492 -0.003577 -0.108959
v -0.025977 -0.004438 -0.108992
v -0.024433 -0.000344 -0.108921
v -0.025918 -0.001205 -0.108954
v -0.024443 0.002989 -0.108473
v -0.025796 0.002204 -0.108503
v -0.024389 0.005936 -0.108439
v -0.025742 0.005151 -0.108469
v -0.025977 -0.004438 -0.112189
v -0.024492 -0.003577 -0.112155
v -0.025918 -0.001205 -0.112151
v -0.024433 -0.000344 -0.112118
v -0.025784 0.002213 -0.112521
v -0.024430 0.002998 -0.112491
v -0.025729 0.005160 -0.112487
v -0.024376 0.005945 -0.112456
v -0.018958 -0.017398 0.126948
v -0.017900 -0.016816 0.126972
v -0.013001 -0.022830 0.137633
v -0.012304 -0.022483 0.137648
v -0.020286 -0.016186 0.124566
v -0.019148 -0.015552 0.124591
v -0.019306 -0.013088 -0.128009
v -0.020426 -0.013637 -0.128033
v -0.014787 -0.018497 -0.141632
v -0.015593 -0.018777 -0.141648
v -0.020054 -0.012193 -0.125754
v -0.021226 -0.012787 -0.125779
v -0.014815 -0.019605 -0.143839
v -0.014060 -0.019367 -0.143824
v -0.011249 -0.023551 0.139659
v -0.011879 -0.023854 0.139646
v -0.018958 -0.017398 0.126948
v -0.017900 -0.016816 0.126972
v -0.013001 -0.022830 0.137633
v -0.012304 -0.022483 0.137648
v -0.020286 -0.016186 0.124566
v -0.019148 -0.015552 0.124591
v -0.019306 -0.013088 -0.128009
v -0.020426 -0.013637 -0.128033
v -0.014787 -0.018497 -0.141632
v -0.015593 -0.018777 -0.141648
v -0.020054 -0.012193 -0.125754
v -0.021226 -0.012787 -0.125779
v -0.014783 -0.008013 -0.142699
v -0.014028 -0.007776 -0.142684
v -0.011217 -0.011960 0.140799
v -0.011847 -0.012262 0.140786
v -0.018926 -0.005806 0.128088
v -0.017869 -0.005224 0.128112
v -0.012970 -0.011239 0.138773
v -0.012272 -0.010892 0.138788
v -0.020254 -0.004595 0.125706
v -0.019117 -0.003961 0.125731
v -0.019274 -0.001497 -0.126869
v -0.020394 -0.002046 -0.126893
v -0.014755 -0.006906 -0.140492
v -0.015561 -0.007186 -0.140508
v -0.020022 -0.000602 -0.124613
v -0.021194 -0.001196 -0.124639
v -0.017892 -0.013918 0.127257
v -0.018950 -0.014500 0.127233
v -0.017918 -0.010958 0.127961
v -0.018882 -0.011488 0.127940
v -0.017911 -0.008316 0.128221
v -0.018874 -0.008847 0.128200
v -0.020278 -0.013288 0.124851
v -0.019141 -0.012654 0.124876
v -0.020233 -0.010194 0.124741
v -0.019196 -0.009616 0.124764
v -0.020226 -0.007553 0.125001
v -0.019189 -0.006975 0.125024
v -0.020418 -0.010740 -0.127748
v -0.019298 -0.010190 -0.127724
v -0.020371 -0.007649 -0.127857
v -0.019350 -0.007148 -0.127835
v -0.020363 -0.005008 -0.127598
v -0.019343 -0.004507 -0.127575
v -0.020046 -0.009295 -0.125469
v -0.021218 -0.009889 -0.125494
v -0.020078 -0.006336 -0.124764
v -0.021146 -0.006877 -0.124787
v -0.020071 -0.003694 -0.124504
v -0.021139 -0.004235 -0.124527
v -0.014807 -0.016707 -0.143554
v -0.014052 -0.016469 -0.143539
v -0.014770 -0.013630 -0.143664
v -0.014081 -0.013413 -0.143651
v -0.014762 -0.010989 -0.143405
v -0.014074 -0.010772 -0.143391
v -0.014779 -0.015599 -0.141347
v -0.015585 -0.015880 -0.141363
v -0.014801 -0.012625 -0.140642
v -0.015535 -0.012881 -0.140657
v -0.014793 -0.009984 -0.140382
v -0.015528 -0.010240 -0.140397
v -0.012993 -0.019932 0.137918
v -0.012296 -0.019585 0.137933
v -0.012965 -0.016851 0.137808
v -0.012329 -0.016534 0.137821
v -0.012958 -0.014209 0.138067
v -0.012322 -0.013893 0.138081
v -0.011241 -0.020653 0.139944
v -0.011871 -0.020956 0.139931
v -0.011250 -0.017680 0.140649
v -0.011825 -0.017957 0.140637
v -0.011243 -0.015039 0.140909
v -0.011817 -0.015315 0.140897
v -0.001579 0.006515 -0.068907
v -0.001579 0.006515 -0.111679
v -0.002372 -0.015692 -0.143587
v -0.001579 0.005425 -0.021902
v -0.001579 0.004334 0.025103
v -0.001579 0.003244 0.072108
v -0.001579 0.003244 0.114798
v -0.001499 -0.018863 0.139869
v -0.001579 0.003244 0.110921
v -0.001579 0.006515 -0.105285
v -0.001579 0.004248 0.028837
v -0.001579 0.005340 -0.018252
v -0.001579 0.006468 -0.066898
v -0.001579 0.006515 -0.108482
v -0.001579 0.003244 0.074711
v -0.001283 0.022678 -0.068720
v -0.001283 0.022678 -0.111492
v -0.001283 0.021588 -0.021715
v -0.001283 0.020498 0.025290
v -0.001283 0.019407 0.072295
v -0.001283 0.019407 0.114985
v -0.001283 0.019407 0.111108
v -0.001283 0.020411 0.029025
v -0.001283 0.021503 -0.018065
v -0.001283 0.022632 -0.066711
v -0.001283 0.022678 -0.108295
v -0.001283 0.019407 0.074898
v -0.001520 0.006476 0.114835
v -0.001461 0.009709 0.114873
v -0.001335 0.013121 0.115324
v -0.001281 0.016067 0.115358
v -0.001520 0.006476 0.110958
v -0.001461 0.009709 0.110996
v -0.001322 0.013130 0.110626
v -0.001268 0.016077 0.110660
v -0.001520 0.006476 0.074748
v -0.001461 0.009709 0.074786
v -0.001335 0.013121 0.075237
v -0.001281 0.016067 0.075271
v -0.001520 0.006476 0.072145
v -0.001461 0.009709 0.072183
v -0.001322 0.013130 0.071813
v -0.001268 0.016077 0.071847
v -0.001520 0.007567 0.025140
v -0.001461 0.010800 0.025178
v -0.001322 0.014220 0.024808
v -0.001268 0.017167 0.024842
v -0.001520 0.007480 0.028875
v -0.001461 0.010713 0.028912
v -0.001335 0.014125 0.029363
v -0.001281 0.017071 0.029397
v -0.001520 0.008657 -0.021865
v -0.001461 0.011890 -0.021827
v -0.001322 0.015311 -0.022197
v -0.001268 0.018257 -0.022163
v -0.001520 0.008573 -0.018215
v -0.001461 0.011805 -0.018177
v -0.001335 0.015217 -0.017726
v -0.001281 0.018163 -0.017692
v -0.001520 0.009748 -0.068870
v -0.001461 0.012980 -0.068832
v -0.001322 0.016401 -0.069202
v -0.001268 0.019348 -0.069168
v -0.001520 0.009701 -0.066861
v -0.001461 0.012934 -0.066823
v -0.001335 0.016345 -0.066372
v -0.001281 0.019292 -0.066338
v -0.001520 0.009748 -0.111642
v -0.001461 0.012980 -0.111604
v -0.001322 0.016401 -0.111974
v -0.001268 0.019348 -0.111940
v -0.001520 0.009748 -0.108445
v -0.001461 0.012980 -0.108407
v -0.001335 0.016392 -0.107956
v -0.001281 0.019338 -0.107922
v -0.001539 -0.007810 0.127334
v -0.001505 -0.017111 0.137882
v -0.001547 -0.005735 0.124981
v -0.001976 -0.004588 -0.127633
v -0.002317 -0.014153 -0.141376
v -0.001919 -0.003005 -0.125359
v -0.002372 -0.015692 -0.143587
v -0.001499 -0.018863 0.139869
v -0.001539 -0.007810 0.127334
v -0.001505 -0.017111 0.137882
v -0.001547 -0.005735 0.124981
v -0.001976 -0.004588 -0.127633
v -0.002317 -0.014153 -0.141376
v -0.001919 -0.003005 -0.125359
v -0.002341 -0.004101 -0.142447
v -0.001467 -0.007272 0.141010
v -0.001507 0.003782 0.128474
v -0.001474 -0.005519 0.139022
v -0.001515 0.005856 0.126122
v -0.001944 0.007003 -0.126493
v -0.002286 -0.002562 -0.140236
v -0.001888 0.008586 -0.124219
v -0.002365 -0.012794 -0.143302
v -0.002325 -0.009717 -0.143412
v -0.002318 -0.007075 -0.143153
v -0.002310 -0.011255 -0.141091
v -0.002258 -0.008256 -0.140384
v -0.002250 -0.005615 -0.140124
v -0.001968 -0.001691 -0.127348
v -0.001918 0.001402 -0.127458
v -0.001911 0.004043 -0.127198
v -0.001911 -0.000107 -0.125074
v -0.001837 0.002906 -0.124366
v -0.001829 0.005548 -0.124107
v -0.001531 -0.004912 0.127619
v -0.001460 -0.001898 0.128326
v -0.001453 0.000743 0.128585
v -0.001539 -0.002838 0.125266
v -0.001490 0.000258 0.125157
v -0.001483 0.002900 0.125417
v -0.001497 -0.014213 0.138167
v -0.001467 -0.011130 0.138057
v -0.001460 -0.008489 0.138317
v -0.001491 -0.015965 0.140154
v -0.001442 -0.012965 0.140861
v -0.001435 -0.010324 0.141121
v 0.000188 -0.017832 0.138539
v 0.000137 -0.018410 0.139201
v -0.002222 -0.018048 0.138529
v -0.002195 -0.018617 0.139192
v 0.011106 -0.023341 0.138296
v 0.010728 -0.023675 0.138967
v 0.009699 -0.022631 0.138327
v 0.009363 -0.022996 0.138997
v -0.011277 -0.022506 0.138333
v -0.010948 -0.022877 0.139003
v -0.013303 -0.023504 0.138289
v -0.012906 -0.023830 0.138960
v 0.020661 -0.028162 0.138084
v 0.019996 -0.028282 0.138763
v -0.022592 -0.028077 0.138088
v -0.021885 -0.028201 0.138766
v 0.020951 -0.028757 0.138742
v 0.021645 -0.028659 0.138062
v -0.023027 -0.028757 0.138742
v -0.023774 -0.028659 0.138062
v 0.000188 -0.017832 0.138539
v 0.000137 -0.018410 0.139201
v -0.002222 -0.018048 0.138529
v -0.002195 -0.018617 0.139192
v 0.011106 -0.023341 0.138296
v 0.010728 -0.023675 0.138967
v 0.009699 -0.022631 0.138327
v 0.009363 -0.022996 0.138997
v -0.011277 -0.022506 0.138333
v -0.010948 -0.022877 0.139003
v -0.013303 -0.023504 0.138289
v -0.012906 -0.023830 0.138960
v 0.020661 -0.028162 0.138084
v 0.019996 -0.028282 0.138763
v -0.022592 -0.028077 0.138088
v -0.021885 -0.028201 0.138766
v 0.020951 -0.028757 0.138742
v 0.021645 -0.028659 0.138062
v -0.023027 -0.028757 0.138742
v -0.023774 -0.028659 0.138062
v -0.000753 -0.005750 0.139700
v -0.000775 -0.006350 0.140362
v 0.000548 -0.006591 0.139702
v 0.000504 -0.007119 0.140306
v -0.002542 -0.006814 0.139680
v -0.002520 -0.007334 0.140284
v 0.011444 -0.012126 0.139625
v 0.011100 -0.012430 0.140237
v 0.009382 -0.011417 0.139285
v 0.009075 -0.011749 0.139896
v -0.010914 -0.011302 0.139292
v -0.010612 -0.011639 0.139903
v -0.013557 -0.012279 0.139626
v -0.013197 -0.012578 0.140238
v 0.020393 -0.016921 0.138934
v 0.019787 -0.017029 0.139553
v -0.022276 -0.016839 0.138929
v -0.021630 -0.016951 0.139547
v 0.021275 -0.017538 0.140107
v 0.021907 -0.017448 0.139488
v -0.023277 -0.017535 0.140118
v -0.023956 -0.017445 0.139498
v -0.023329 -0.025755 0.139310
v -0.024010 -0.025666 0.138691
v -0.023322 -0.023114 0.139570
v -0.024003 -0.023025 0.138950
v -0.023314 -0.019960 0.139880
v -0.023994 -0.019870 0.139261
v -0.022267 -0.025029 0.138122
v -0.021622 -0.025141 0.138741
v -0.022260 -0.022387 0.138382
v -0.021615 -0.022500 0.139001
v -0.022251 -0.019233 0.138692
v -0.021606 -0.019346 0.139311
v 0.021911 -0.025667 0.138680
v 0.021278 -0.025756 0.139300
v 0.021918 -0.023025 0.138940
v 0.021285 -0.023114 0.139559
v 0.021926 -0.019871 0.139250
v 0.021294 -0.019960 0.139870
v 0.019739 -0.025222 0.138747
v 0.020344 -0.025113 0.138128
v 0.019746 -0.022581 0.139006
v 0.020352 -0.022472 0.138388
v 0.019755 -0.019427 0.139316
v 0.020360 -0.019317 0.138698
v 0.009016 -0.019936 0.139090
v 0.009322 -0.019603 0.138479
v 0.009023 -0.017295 0.139349
v 0.009330 -0.016962 0.138739
v 0.009032 -0.014140 0.139660
v 0.009338 -0.013807 0.139049
v 0.011459 -0.020350 0.138817
v 0.011114 -0.020654 0.139429
v 0.011466 -0.017708 0.139077
v 0.011121 -0.018013 0.139689
v 0.011474 -0.014554 0.139387
v 0.011130 -0.014858 0.139999
v -0.002598 -0.015566 0.139476
v -0.002622 -0.015048 0.138872
v -0.002591 -0.012925 0.139736
v -0.002615 -0.012407 0.139132
v -0.002582 -0.009770 0.140046
v -0.002606 -0.009252 0.139442
v 0.000603 -0.014835 0.138894
v 0.000557 -0.015362 0.139498
v 0.000611 -0.012194 0.139153
v 0.000564 -0.012721 0.139757
v 0.000619 -0.009040 0.139464
v 0.000573 -0.009567 0.140068
v -0.013272 -0.020808 0.139430
v -0.013634 -0.020511 0.138818
v -0.013265 -0.018167 0.139690
v -0.013626 -0.017870 0.139078
v -0.013256 -0.015013 0.140000
v -0.013618 -0.014715 0.139388
v -0.010882 -0.019481 0.138487
v -0.010583 -0.019819 0.139097
v -0.010875 -0.016839 0.138746
v -0.010575 -0.017177 0.139357
v -0.010867 -0.013685 0.139057
v -0.010567 -0.014023 0.139667
v -0.011920 -0.011248 0.139458
v -0.011569 -0.011604 0.140129
v -0.012596 -0.011580 0.139444
v -0.012221 -0.011921 0.140115
v -0.001471 -0.006103 0.139685
v -0.001469 -0.006688 0.140347
v 0.001173 -0.006681 0.125755
v 0.001112 -0.007366 0.126540
v -0.002726 -0.007083 0.125739
v -0.002695 -0.007756 0.126524
v 0.018401 -0.016905 0.125347
v 0.017953 -0.017300 0.126142
v 0.016181 -0.015588 0.125400
v 0.015784 -0.016020 0.126193
v -0.017622 -0.015356 0.125409
v -0.017232 -0.015795 0.126202
v -0.020954 -0.017207 0.125335
v -0.020485 -0.017593 0.126130
v 0.033479 -0.025852 0.124990
v 0.032692 -0.025994 0.125794
v -0.036236 -0.025694 0.124997
v -0.035398 -0.025840 0.125800
v 0.034210 -0.026889 0.125758
v 0.035031 -0.026774 0.124954
v -0.037295 -0.026889 0.125758
v -0.038179 -0.026774 0.124954
v 0.001173 -0.006681 0.125755
v 0.001112 -0.007366 0.126540
v -0.002726 -0.007083 0.125739
v -0.002695 -0.007756 0.126524
v 0.018401 -0.016905 0.125347
v 0.017953 -0.017300 0.126142
v 0.016181 -0.015588 0.125400
v 0.015784 -0.016020 0.126193
v -0.017622 -0.015356 0.125409
v -0.017232 -0.015795 0.126202
v -0.020954 -0.017207 0.125335
v -0.020485 -0.017593 0.126130
v 0.033479 -0.025852 0.124990
v 0.032692 -0.025994 0.125794
v -0.036236 -0.025694 0.124997
v -0.035398 -0.025840 0.125800
v 0.034210 -0.026889 0.125758
v 0.035031 -0.026774 0.124954
v -0.037295 -0.026889 0.125758
v -0.038179 -0.026774 0.124954
v -0.000331 0.005821 0.126932
v -0.000357 0.005111 0.127715
v 0.001487 0.004589 0.126926
v 0.001435 0.003963 0.127641
v -0.003009 0.004170 0.126897
v -0.002984 0.003556 0.127612
v 0.018714 -0.005676 0.126682
v 0.018307 -0.006037 0.127406
v 0.015883 -0.004392 0.126363
v 0.015520 -0.004785 0.127086
v -0.017291 -0.004177 0.126373
v -0.016934 -0.004576 0.127096
v -0.021171 -0.005962 0.126679
v -0.020745 -0.006316 0.127403
v 0.033221 -0.014623 0.125846
v 0.032503 -0.014751 0.126578
v -0.035934 -0.014470 0.125843
v -0.035169 -0.014602 0.126575
v 0.034525 -0.015658 0.127118
v 0.035273 -0.015552 0.126385
v -0.037531 -0.015654 0.127129
v -0.038335 -0.015547 0.126396
v -0.020854 -0.014569 0.126594
v -0.021282 -0.014217 0.125870
v -0.020847 -0.011928 0.126854
v -0.021275 -0.011576 0.126130
v -0.020838 -0.008773 0.127164
v -0.021266 -0.008421 0.126440
v -0.017225 -0.012333 0.125568
v -0.016870 -0.012733 0.126291
v -0.017217 -0.009692 0.125828
v -0.016863 -0.010092 0.126551
v -0.017209 -0.006538 0.126138
v -0.016854 -0.006938 0.126861
v -0.035904 -0.022646 0.125037
v -0.035141 -0.022780 0.125769
v -0.035897 -0.020005 0.125297
v -0.035134 -0.020139 0.126029
v -0.035888 -0.016851 0.125607
v -0.035125 -0.016984 0.126339
v -0.037604 -0.023887 0.126321
v -0.038409 -0.023781 0.125588
v -0.037596 -0.021246 0.126580
v -0.038402 -0.021140 0.125847
v -0.037588 -0.018091 0.126891
v -0.038393 -0.017986 0.126158
v 0.032440 -0.022933 0.125772
v 0.033157 -0.022804 0.125040
v 0.032447 -0.020292 0.126032
v 0.033164 -0.020162 0.125299
v 0.032456 -0.017137 0.126342
v 0.033173 -0.017008 0.125610
v 0.035292 -0.023782 0.125577
v 0.034543 -0.023887 0.126310
v 0.035299 -0.021141 0.125837
v 0.034550 -0.021246 0.126570
v 0.035308 -0.017986 0.126147
v 0.034559 -0.018092 0.126880
v 0.015439 -0.012956 0.126280
v 0.015802 -0.012563 0.125557
v 0.015446 -0.010315 0.126540
v 0.015809 -0.009921 0.125817
v 0.015455 -0.007161 0.126850
v 0.015818 -0.006767 0.126127
v 0.018751 -0.013916 0.125874
v 0.018343 -0.014276 0.126598
v 0.018758 -0.011275 0.126134
v 0.018350 -0.011635 0.126858
v 0.018766 -0.008121 0.126444
v 0.018358 -0.008481 0.127168
v -0.003098 -0.004701 0.126803
v -0.003126 -0.004087 0.126088
v -0.003091 -0.002059 0.127063
v -0.003119 -0.001446 0.126347
v -0.003082 0.001095 0.127373
v -0.003111 0.001708 0.126658
v 0.001588 -0.003690 0.126116
v 0.001533 -0.004313 0.126831
v 0.001595 -0.001048 0.126376
v 0.001540 -0.001672 0.127091
v 0.001603 0.002106 0.126686
v 0.001548 0.001482 0.127401
v -0.018701 -0.004382 0.126525
v -0.018285 -0.004803 0.127318
v -0.019812 -0.004999 0.126500
v -0.019369 -0.005403 0.127294
v -0.001512 0.005164 0.126906
v -0.001510 0.004473 0.127690
v 0.022717 -0.006884 -0.069424
v 0.023689 -0.007497 -0.069447
v 0.022717 -0.006884 -0.112196
v 0.023689 -0.007497 -0.112219
v 0.012088 -0.019388 -0.143825
v 0.012673 -0.019557 -0.143836
v 0.022717 -0.007975 -0.022419
v 0.023689 -0.008587 -0.022442
v 0.022717 -0.009065 0.024586
v 0.023689 -0.009678 0.024563
v 0.022717 -0.010156 0.110404
v 0.023689 -0.010768 0.110381
v 0.022717 -0.009152 0.028321
v 0.023689 -0.009764 0.028297
v 0.022717 -0.008059 -0.018769
v 0.023689 -0.008672 -0.018793
v 0.022717 -0.006931 -0.067415
v 0.023689 -0.007544 -0.067439
v 0.023689 -0.010768 0.071568
v 0.022717 -0.010156 0.071591
v 0.023689 -0.010768 0.114258
v 0.022717 -0.010156 0.114281
v 0.009909 -0.023793 0.139648
v 0.009468 -0.023577 0.139658
v 0.023689 -0.007497 -0.109023
v 0.022717 -0.006884 -0.108999
v 0.022717 -0.010156 0.074194
v 0.023689 -0.010768 0.074170
v 0.022717 -0.006884 -0.069424
v 0.023689 -0.007497 -0.069447
v 0.022717 -0.006884 -0.112196
v 0.023689 -0.007497 -0.112219
v 0.022717 -0.007975 -0.022419
v 0.023689 -0.008587 -0.022442
v 0.022717 -0.009065 0.024586
v 0.023689 -0.009678 0.024563
v 0.022717 -0.010156 0.110404
v 0.023689 -0.010768 0.110381
v 0.022717 -0.009152 0.028321
v 0.023689 -0.009764 0.028297
v 0.022717 -0.008059 -0.018769
v 0.023689 -0.008672 -0.018793
v 0.022717 -0.006931 -0.067415
v 0.023689 -0.007544 -0.067439
v 0.023689 -0.010768 0.071568
v 0.022717 -0.010156 0.071591
v 0.023689 -0.010768 0.114258
v 0.022717 -0.010156 0.114281
v 0.023689 -0.007497 -0.109023
v 0.022717 -0.006884 -0.108999
v 0.022717 -0.010156 0.074194
v 0.023689 -0.010768 0.074170
v 0.023014 0.009279 -0.069236
v 0.023986 0.008666 -0.069260
v 0.023014 0.009279 -0.112008
v 0.023986 0.008666 -0.112032
v 0.023014 0.008189 -0.022231
v 0.023986 0.007576 -0.022255
v 0.023014 0.007098 0.024774
v 0.023986 0.006485 0.024750
v 0.023014 0.006008 0.110592
v 0.023986 0.005395 0.110568
v 0.023014 0.007012 0.028508
v 0.023986 0.006399 0.028484
v 0.023014 0.008104 -0.018581
v 0.023986 0.007491 -0.018605
v 0.023014 0.009232 -0.067228
v 0.023986 0.008620 -0.067251
v 0.023986 0.005395 0.071755
v 0.023014 0.006008 0.071779
v 0.023986 0.005395 0.114445
v 0.023014 0.006008 0.114469
v 0.023986 0.008666 -0.108835
v 0.023014 0.009279 -0.108811
v 0.023014 0.006008 0.074381
v 0.023986 0.005395 0.074358
v 0.023749 -0.004264 -0.108985
v 0.022777 -0.003652 -0.108961
v 0.023808 -0.001032 -0.108948
v 0.022836 -0.000419 -0.108924
v 0.023834 0.002366 -0.108497
v 0.022948 0.002925 -0.108476
v 0.023888 0.005313 -0.108463
v 0.023002 0.005871 -0.108441
v 0.022777 -0.003652 -0.112158
v 0.023749 -0.004264 -0.112182
v 0.022836 -0.000419 -0.112121
v 0.023808 -0.001032 -0.112145
v 0.022934 0.002934 -0.112493
v 0.023820 0.002376 -0.112515
v 0.022988 0.005881 -0.112459
v 0.023874 0.005322 -0.112480
v 0.022777 -0.003652 -0.069386
v 0.023749 -0.004264 -0.069410
v 0.022836 -0.000419 -0.069349
v 0.023808 -0.001032 -0.069372
v 0.022934 0.002934 -0.069721
v 0.023820 0.002376 -0.069743
v 0.022988 0.005881 -0.069687
v 0.023874 0.005322 -0.069708
v 0.023749 -0.004311 -0.067401
v 0.022777 -0.003698 -0.067377
v 0.023808 -0.001078 -0.067364
v 0.022836 -0.000466 -0.067340
v 0.023834 0.002320 -0.066913
v 0.022948 0.002878 -0.066892
v 0.023888 0.005266 -0.066879
v 0.023002 0.005825 -0.066857
v 0.022777 -0.004742 -0.022381
v 0.023749 -0.005355 -0.022405
v 0.022836 -0.001509 -0.022344
v 0.023808 -0.002122 -0.022367
v 0.022934 0.001844 -0.022716
v 0.023820 0.001286 -0.022738
v 0.022988 0.004791 -0.022682
v 0.023874 0.004232 -0.022703
v 0.023749 -0.005439 -0.018755
v 0.022777 -0.004827 -0.018731
v 0.023808 -0.002207 -0.018718
v 0.022836 -0.001594 -0.018694
v 0.023834 0.001191 -0.018267
v 0.022948 0.001750 -0.018246
v 0.023888 0.004138 -0.018233
v 0.023002 0.004696 -0.018211
v 0.022777 -0.005832 0.024624
v 0.023749 -0.006445 0.024600
v 0.022836 -0.002600 0.024661
v 0.023808 -0.003213 0.024638
v 0.022934 0.000754 0.024289
v 0.023820 0.000195 0.024267
v 0.022988 0.003700 0.024323
v 0.023874 0.003142 0.024302
v 0.023749 -0.006532 0.028334
v 0.022777 -0.005919 0.028358
v 0.023808 -0.003299 0.028372
v 0.022836 -0.002686 0.028396
v 0.023834 0.000099 0.028822
v 0.022948 0.000657 0.028844
v 0.023888 0.003045 0.028857
v 0.023002 0.003604 0.028878
v 0.023749 -0.007536 0.074208
v 0.022777 -0.006923 0.074232
v 0.023808 -0.004303 0.074245
v 0.022836 -0.003690 0.074269
v 0.023834 -0.000905 0.074696
v 0.022948 -0.000346 0.074717
v 0.023888 0.002042 0.074730
v 0.023002 0.002600 0.074752
v 0.022777 -0.006923 0.071629
v 0.023749 -0.007536 0.071605
v 0.022836 -0.003690 0.071666
v 0.023808 -0.004303 0.071643
v 0.022934 -0.000337 0.071294
v 0.023820 -0.000895 0.071272
v 0.022988 0.002610 0.071328
v 0.023874 0.002051 0.071307
v 0.023749 -0.007536 0.114295
v 0.022777 -0.006923 0.114319
v 0.023808 -0.004303 0.114333
v 0.022836 -0.003690 0.114356
v 0.023834 -0.000905 0.114783
v 0.022948 -0.000346 0.114805
v 0.023888 0.002042 0.114817
v 0.023002 0.002600 0.114839
v 0.022777 -0.006923 0.110442
v 0.023749 -0.007536 0.110418
v 0.022836 -0.003690 0.110479
v 0.023808 -0.004303 0.110456
v 0.022934 -0.000337 0.110107
v 0.023820 -0.000895 0.110086
v 0.022988 0.002610 0.110141
v 0.023874 0.002051 0.110120
v 0.016093 -0.016866 0.126970
v 0.016799 -0.017280 0.126953
v 0.010518 -0.022513 0.137646
v 0.011001 -0.022760 0.137636
v 0.017336 -0.015607 0.124589
v 0.018092 -0.016058 0.124571
v 0.018181 -0.013527 -0.128028
v 0.017403 -0.013136 -0.128011
v 0.013436 -0.018721 -0.141645
v 0.012825 -0.018521 -0.141633
v 0.018966 -0.012667 -0.125774
v 0.018160 -0.012245 -0.125756
v 0.012088 -0.019388 -0.143825
v 0.012673 -0.019557 -0.143836
v 0.009909 -0.023793 0.139648
v 0.009468 -0.023577 0.139658
v 0.016093 -0.016866 0.126970
v 0.016799 -0.017280 0.126953
v 0.010518 -0.022513 0.137646
v 0.011001 -0.022760 0.137636
v 0.017336 -0.015607 0.124589
v 0.018092 -0.016058 0.124571
v 0.018181 -0.013527 -0.128028
v 0.017403 -0.013136 -0.128011
v 0.013436 -0.018721 -0.141645
v 0.012825 -0.018521 -0.141633
v 0.018966 -0.012667 -0.125774
v 0.018160 -0.012245 -0.125756
v 0.012120 -0.007797 -0.142685
v 0.012704 -0.007966 -0.142696
v 0.009940 -0.012202 0.140788
v 0.009500 -0.011986 0.140798
v 0.016124 -0.005275 0.128110
v 0.016831 -0.005689 0.128093
v 0.010550 -0.010922 0.138786
v 0.011033 -0.011169 0.138776
v 0.017367 -0.004016 0.125729
v 0.018124 -0.004467 0.125711
v 0.018213 -0.001936 -0.126888
v 0.017434 -0.001545 -0.126871
v 0.013468 -0.007130 -0.140505
v 0.012856 -0.006930 -0.140493
v 0.018998 -0.001076 -0.124634
v 0.018192 -0.000654 -0.124616
v 0.012096 -0.016490 -0.143540
v 0.012681 -0.016659 -0.143551
v 0.012134 -0.013431 -0.143652
v 0.012667 -0.013585 -0.143662
v 0.012141 -0.010790 -0.143392
v 0.012674 -0.010944 -0.143402
v 0.013444 -0.015823 -0.141360
v 0.012833 -0.015623 -0.141348
v 0.013420 -0.012828 -0.140654
v 0.012863 -0.012646 -0.140643
v 0.013427 -0.010187 -0.140394
v 0.012870 -0.010005 -0.140383
v 0.017411 -0.010238 -0.127726
v 0.018189 -0.010629 -0.127743
v 0.017464 -0.007189 -0.127837
v 0.018174 -0.007546 -0.127853
v 0.017472 -0.004548 -0.127577
v 0.018181 -0.004904 -0.127593
v 0.018974 -0.009769 -0.125489
v 0.018168 -0.009347 -0.125471
v 0.018935 -0.006765 -0.124782
v 0.018200 -0.006380 -0.124766
v 0.018942 -0.004123 -0.124522
v 0.018208 -0.003738 -0.124506
v 0.016807 -0.014383 0.127238
v 0.016100 -0.013969 0.127255
v 0.016770 -0.011378 0.127945
v 0.016126 -0.011001 0.127960
v 0.016777 -0.008737 0.128204
v 0.016133 -0.008360 0.128219
v 0.017344 -0.012709 0.124874
v 0.018100 -0.013161 0.124856
v 0.017400 -0.009663 0.124762
v 0.018089 -0.010075 0.124746
v 0.017407 -0.007022 0.125022
v 0.018096 -0.007433 0.125006
v 0.010526 -0.019615 0.137931
v 0.011009 -0.019862 0.137921
v 0.010567 -0.016560 0.137820
v 0.011007 -0.016785 0.137810
v 0.010574 -0.013919 0.138080
v 0.011015 -0.014144 0.138070
v 0.009917 -0.020895 0.139933
v 0.009476 -0.020679 0.139943
v 0.009895 -0.017899 0.140640
v 0.009493 -0.017703 0.140648
v 0.009902 -0.015258 0.140899
v 0.009500 -0.015062 0.140908
v 0.010200 -0.011277 0.139457
v 0.010669 -0.011513 0.139447
v 0.009850 -0.011631 0.140127
v 0.010304 -0.011857 0.140117
v 0.016953 -0.004436 0.126522
v 0.017693 -0.004875 0.126505
v 0.016539 -0.004855 0.127316
v 0.017262 -0.005282 0.127299
v 0.045160 -0.021027 -0.069969
v 0.045840 -0.021456 -0.069986
v 0.045160 -0.021027 -0.112741
v 0.045840 -0.021456 -0.112758
v 0.025580 -0.023289 -0.144077
v 0.025989 -0.023407 -0.144084
v 0.045160 -0.022117 -0.022964
v 0.045840 -0.022546 -0.022981
v 0.045160 -0.023208 0.024041
v 0.045840 -0.023636 0.024024
v 0.045160 -0.024298 0.109859
v 0.045840 -0.024727 0.109843
v 0.045160 -0.023294 0.027775
v 0.045840 -0.023723 0.027759
v 0.045160 -0.022202 -0.019314
v 0.045840 -0.022631 -0.019331
v 0.045160 -0.021073 -0.067960
v 0.045840 -0.021502 -0.067977
v 0.045160 -0.024298 0.073649
v 0.045840 -0.024727 0.073632
v 0.045840 -0.024727 0.071029
v 0.045160 -0.024298 0.071046
v 0.045840 -0.024727 0.113720
v 0.045160 -0.024298 0.113736
v 0.019948 -0.028704 0.139428
v 0.019640 -0.028553 0.139435
v 0.045840 -0.021456 -0.109561
v 0.045160 -0.021027 -0.109544
v 0.032400 -0.026425 0.126585
v 0.032894 -0.026715 0.126574
v 0.021663 -0.028215 0.137398
v 0.022001 -0.028388 0.137390
v 0.034794 -0.026026 0.124174
v 0.035323 -0.026342 0.124162
v 0.035915 -0.022431 -0.128421
v 0.035370 -0.022158 -0.128409
v 0.027365 -0.023272 -0.141913
v 0.026937 -0.023132 -0.141905
v 0.037330 -0.022292 -0.126188
v 0.036766 -0.021997 -0.126175
v 0.025580 -0.023289 -0.144077
v 0.025989 -0.023407 -0.144084
v 0.019948 -0.028704 0.139428
v 0.019640 -0.028553 0.139435
v 0.032400 -0.026425 0.126585
v 0.032894 -0.026715 0.126574
v 0.021663 -0.028215 0.137398
v 0.022001 -0.028388 0.137390
v 0.034794 -0.026026 0.124174
v 0.035323 -0.026342 0.124162
v 0.035915 -0.022431 -0.128421
v 0.035370 -0.022158 -0.128409
v 0.027365 -0.023272 -0.141913
v 0.026937 -0.023132 -0.141905
v 0.037330 -0.022292 -0.126188
v 0.036766 -0.021997 -0.126175
v 0.025612 -0.011697 -0.142937
v 0.026021 -0.011816 -0.142944
v 0.019980 -0.017112 0.140568
v 0.019672 -0.016962 0.140575
v 0.032432 -0.014834 0.127725
v 0.032926 -0.015124 0.127714
v 0.021695 -0.016624 0.138538
v 0.022032 -0.016797 0.138530
v 0.034826 -0.014435 0.125314
v 0.035355 -0.014751 0.125302
v 0.035946 -0.010840 -0.127281
v 0.035402 -0.010567 -0.127269
v 0.027397 -0.011681 -0.140773
v 0.026969 -0.011541 -0.140765
v 0.037362 -0.010701 -0.125048
v 0.036798 -0.010405 -0.125035
v 0.046155 -0.007475 -0.069826
v 0.046836 -0.007904 -0.069843
v 0.046155 -0.007475 -0.112598
v 0.046836 -0.007904 -0.112615
v 0.046155 -0.008565 -0.022821
v 0.046836 -0.008994 -0.022838
v 0.046155 -0.009656 0.024184
v 0.046836 -0.010084 0.024167
v 0.046155 -0.010746 0.110002
v 0.046836 -0.011175 0.109985
v 0.046155 -0.009742 0.027918
v 0.046836 -0.010171 0.027902
v 0.046155 -0.008650 -0.019171
v 0.046836 -0.009079 -0.019188
v 0.046155 -0.007522 -0.067818
v 0.046836 -0.007950 -0.067834
v 0.046155 -0.010746 0.073792
v 0.046836 -0.011175 0.073775
v 0.046836 -0.011175 0.071172
v 0.046155 -0.010746 0.071189
v 0.046836 -0.011175 0.113862
v 0.046155 -0.010746 0.113879
v 0.046836 -0.007904 -0.109418
v 0.046155 -0.007475 -0.109401
v 0.025588 -0.020391 -0.143792
v 0.025997 -0.020509 -0.143799
v 0.025618 -0.017330 -0.143903
v 0.025991 -0.017438 -0.143910
v 0.025626 -0.014689 -0.143643
v 0.025998 -0.014796 -0.143650
v 0.027373 -0.020374 -0.141628
v 0.026945 -0.020234 -0.141620
v 0.027357 -0.017382 -0.140922
v 0.026967 -0.017254 -0.140914
v 0.027364 -0.014741 -0.140662
v 0.026974 -0.014613 -0.140655
v 0.035378 -0.019260 -0.128124
v 0.035923 -0.019533 -0.128136
v 0.035421 -0.016206 -0.128235
v 0.035918 -0.016455 -0.128246
v 0.035429 -0.013565 -0.127975
v 0.035925 -0.013814 -0.127986
v 0.037338 -0.019394 -0.125903
v 0.036774 -0.019099 -0.125890
v 0.037309 -0.016395 -0.125196
v 0.036795 -0.016126 -0.125185
v 0.037317 -0.013754 -0.124936
v 0.036802 -0.013485 -0.124925
v 0.045409 -0.017639 -0.112705
v 0.046089 -0.018068 -0.112722
v 0.045692 -0.014115 -0.113079
v 0.046312 -0.014506 -0.113094
v 0.045919 -0.011027 -0.113047
v 0.046539 -0.011418 -0.113062
v 0.046089 -0.018068 -0.109525
v 0.045409 -0.017639 -0.109508
v 0.046326 -0.014516 -0.109077
v 0.045706 -0.014125 -0.109062
v 0.046553 -0.011427 -0.109044
v 0.045933 -0.011037 -0.109029
v 0.046089 -0.018114 -0.067941
v 0.045409 -0.017686 -0.067925
v 0.046326 -0.014562 -0.067493
v 0.045706 -0.014171 -0.067478
v 0.046553 -0.011474 -0.067460
v 0.045933 -0.011083 -0.067445
v 0.045409 -0.017639 -0.069933
v 0.046089 -0.018068 -0.069950
v 0.045692 -0.014115 -0.070307
v 0.046312 -0.014506 -0.070322
v 0.045919 -0.011027 -0.070275
v 0.046539 -0.011418 -0.070290
v 0.045409 -0.018729 -0.022928
v 0.046089 -0.019158 -0.022945
v 0.045692 -0.015205 -0.023302
v 0.046312 -0.015596 -0.023317
v 0.045919 -0.012117 -0.023270
v 0.046539 -0.012508 -0.023285
v 0.046089 -0.019243 -0.019295
v 0.045409 -0.018814 -0.019278
v 0.046326 -0.015691 -0.018847
v 0.045706 -0.015300 -0.018832
v 0.046553 -0.012603 -0.018814
v 0.045933 -0.012212 -0.018799
v 0.046089 -0.020335 0.027795
v 0.045409 -0.019906 0.027811
v 0.046326 -0.016783 0.028243
v 0.045706 -0.016392 0.028258
v 0.046553 -0.013695 0.028275
v 0.045933 -0.013304 0.028290
v 0.045409 -0.019820 0.024077
v 0.046089 -0.020248 0.024060
v 0.045692 -0.016296 0.023703
v 0.046312 -0.016687 0.023688
v 0.045919 -0.013208 0.023735
v 0.046539 -0.013599 0.023720
v 0.046089 -0.021339 0.073668
v 0.045409 -0.020910 0.073684
v 0.046326 -0.017787 0.074116
v 0.045706 -0.017396 0.074131
v 0.046553 -0.014699 0.074149
v 0.045933 -0.014308 0.074164
v 0.045409 -0.020910 0.071082
v 0.046089 -0.021339 0.071065
v 0.045692 -0.017386 0.070708
v 0.046312 -0.017777 0.070693
v 0.045919 -0.014298 0.070740
v 0.046539 -0.014689 0.070725
v 0.046089 -0.021339 0.113755
v 0.045409 -0.020910 0.113772
v 0.046326 -0.017787 0.114203
v 0.045706 -0.017396 0.114219
v 0.046553 -0.014699 0.114236
v 0.045933 -0.014308 0.114251
v 0.045409 -0.020910 0.109895
v 0.046089 -0.021339 0.109878
v 0.045692 -0.017386 0.109521
v 0.046312 -0.017777 0.109506
v 0.045919 -0.014298 0.109554
v 0.046539 -0.014689 0.109538
v 0.032902 -0.023817 0.126859
v 0.032408 -0.023528 0.126870
v 0.032910 -0.020920 0.127144
v 0.032416 -0.020630 0.127155
v 0.032918 -0.018022 0.127429
v 0.032424 -0.017732 0.127440
v 0.034802 -0.023128 0.124459
v 0.035331 -0.023444 0.124447
v 0.034848 -0.020076 0.124348
v 0.035330 -0.020364 0.124337
v 0.034855 -0.017435 0.124608
v 0.035338 -0.017723 0.124597
v 0.019956 -0.025806 0.139713
v 0.019648 -0.025655 0.139720
v 0.019940 -0.022813 0.140419
v 0.019659 -0.022676 0.140425
v 0.019947 -0.020172 0.140679
v 0.019666 -0.020034 0.140685
v 0.021671 -0.025318 0.137683
v 0.022009 -0.025491 0.137675
v 0.021705 -0.022259 0.137572
v 0.022013 -0.022417 0.137565
v 0.021713 -0.019618 0.137831
v 0.022021 -0.019775 0.137825
v 0.021020 -0.016737 0.139217
v 0.021348 -0.016902 0.139209
v 0.020346 -0.016849 0.139896
v 0.020664 -0.017007 0.139889
v 0.034028 -0.014568 0.126118
v 0.034545 -0.014875 0.126106
v 0.033230 -0.014701 0.126922
v 0.033736 -0.015000 0.126910
v 0.046521 -0.025155 0.111118
v 0.046521 -0.025155 0.112411
v 0.002018 0.002888 0.112200
v 0.002018 0.002888 0.113492
v -0.003159 0.002328 0.112178
v -0.003159 0.002328 0.113470
v -0.050543 -0.025155 0.112411
v -0.050543 -0.025155 0.111118
v 0.024662 -0.011381 0.111649
v 0.024662 -0.011381 0.112942
v 0.021745 -0.009543 0.111720
v 0.021745 -0.009543 0.113013
v -0.023067 -0.009219 0.111733
v -0.023067 -0.009219 0.113025
v -0.027521 -0.011803 0.111633
v -0.027521 -0.011803 0.112925
v 0.024662 -0.011381 0.111649
v 0.024662 -0.011381 0.112942
v 0.021745 -0.009543 0.111720
v 0.021745 -0.009543 0.113013
v 0.002556 0.018744 0.112443
v 0.002556 0.018744 0.113621
v -0.003154 0.018170 0.112421
v -0.003154 0.018170 0.113599
v 0.000297 0.020323 0.113728
v 0.000297 0.020323 0.112436
v -0.022486 0.006466 0.111970
v -0.022486 0.006466 0.113148
v -0.027523 0.004036 0.111876
v -0.027523 0.004036 0.113054
v 0.025284 0.004422 0.111891
v 0.025284 0.004422 0.113069
v 0.021702 0.006178 0.111958
v 0.021702 0.006178 0.113136
v -0.003100 0.005560 0.113508
v -0.003100 0.005560 0.112215
v -0.003448 0.008944 0.113490
v -0.003448 0.008944 0.112312
v -0.003394 0.011890 0.113524
v -0.003394 0.011890 0.112346
v -0.003329 0.015409 0.113565
v -0.003329 0.015409 0.112387
v 0.002077 0.006121 0.112237
v 0.002077 0.006121 0.113529
v 0.002549 0.009489 0.112333
v 0.002549 0.009489 0.113511
v 0.002603 0.012436 0.112368
v 0.002603 0.012436 0.113545
v 0.002668 0.015955 0.112408
v 0.002668 0.015955 0.113586
v 0.021804 -0.006310 0.113050
v 0.021804 -0.006310 0.111758
v 0.021456 -0.002927 0.113032
v 0.021456 -0.002927 0.111854
v 0.021510 0.000020 0.113066
v 0.021510 0.000020 0.111888
v 0.021575 0.003538 0.113107
v 0.021575 0.003538 0.111929
v 0.024721 -0.008148 0.111687
v 0.024721 -0.008148 0.112979
v 0.025193 -0.004780 0.111783
v 0.025193 -0.004780 0.112961
v 0.025248 -0.001834 0.111817
v 0.025248 -0.001834 0.112995
v 0.025312 0.001685 0.111858
v 0.025312 0.001685 0.113036
v -0.027462 -0.008570 0.112963
v -0.027462 -0.008570 0.111671
v -0.027810 -0.005187 0.112945
v -0.027810 -0.005187 0.111767
v -0.027756 -0.002240 0.112979
v -0.027756 -0.002240 0.111801
v -0.027691 0.001279 0.113020
v -0.027691 0.001279 0.111842
v -0.023008 -0.005987 0.111770
v -0.023008 -0.005987 0.113063
v -0.022536 -0.002618 0.111867
v -0.022536 -0.002618 0.113045
v -0.022481 0.000328 0.111901
v -0.022481 0.000328 0.113079
v -0.022417 0.003847 0.111942
v -0.022417 0.003847 0.113119
v 0.044480 -0.023869 0.111168
v 0.044480 -0.023869 0.112460
v -0.047945 -0.023649 0.111176
v -0.047945 -0.023649 0.112469
v 0.047840 -0.012020 0.111315
v 0.047840 -0.012020 0.112493
v -0.049918 -0.011954 0.112493
v -0.049918 -0.011954 0.111315
v 0.045089 -0.010742 0.111362
v 0.045089 -0.010742 0.112540
v -0.046640 -0.010588 0.111370
v -0.046640 -0.010588 0.112548
v -0.047276 -0.020141 0.111271
v -0.047276 -0.020141 0.112449
v -0.047049 -0.017053 0.111303
v -0.047049 -0.017053 0.112481
v -0.046778 -0.013365 0.111342
v -0.046778 -0.013365 0.112520
v -0.050692 -0.021587 0.112391
v -0.050692 -0.021587 0.111213
v -0.050465 -0.018499 0.112423
v -0.050465 -0.018499 0.111245
v -0.050194 -0.014811 0.112462
v -0.050194 -0.014811 0.111284
v 0.044330 -0.020301 0.112440
v 0.044330 -0.020301 0.111262
v 0.044557 -0.017213 0.112473
v 0.044557 -0.017213 0.111295
v 0.044828 -0.013525 0.112512
v 0.044828 -0.013525 0.111334
v 0.047190 -0.021648 0.111213
v 0.047190 -0.021648 0.112391
v 0.047416 -0.018560 0.111245
v 0.047416 -0.018560 0.112423
v 0.047687 -0.014872 0.111284
v 0.047687 -0.014872 0.112462
v -0.024255 0.006083 0.111887
v -0.024255 0.006083 0.113179
v -0.025740 0.005222 0.111854
v -0.025740 0.005222 0.113146
v -0.001283 0.019407 0.112401
v -0.001283 0.019407 0.113693
v 0.023986 0.005395 0.111860
v 0.023986 0.005395 0.113153
v 0.023014 0.006008 0.111884
v 0.023014 0.006008 0.113176
v 0.046836 -0.011175 0.111278
v 0.046836 -0.011175 0.112570
v 0.046155 -0.010746 0.111294
v 0.046155 -0.010746 0.112586
v -0.050543 -0.025155 0.072748
v -0.050543 -0.025155 0.071881
v 0.046521 -0.025155 0.071881
v 0.046521 -0.025155 0.072748
v 0.002018 0.002888 0.072962
v 0.002018 0.002888 0.073829
v -0.003159 0.002328 0.072940
v -0.003159 0.002328 0.073808
v 0.024662 -0.011381 0.072412
v 0.024662 -0.011381 0.073279
v 0.021745 -0.009543 0.072482
v 0.021745 -0.009543 0.073350
v -0.023067 -0.009219 0.072495
v -0.023067 -0.009219 0.073363
v -0.027521 -0.011803 0.072395
v -0.027521 -0.011803 0.073263
v 0.024662 -0.011381 0.072412
v 0.024662 -0.011381 0.073279
v 0.021745 -0.009543 0.072482
v 0.021745 -0.009543 0.073350
v 0.000297 0.020323 0.074066
v 0.000297 0.020323 0.073198
v 0.002556 0.018744 0.073187
v 0.002556 0.018744 0.073978
v -0.003154 0.018170 0.073164
v -0.003154 0.018170 0.073955
v -0.022486 0.006466 0.072713
v -0.022486 0.006466 0.073504
v -0.027523 0.004036 0.072619
v -0.027523 0.004036 0.073410
v 0.025284 0.004422 0.072635
v 0.025284 0.004422 0.073425
v 0.021702 0.006178 0.072702
v 0.021702 0.006178 0.073493
v 0.002077 0.006121 0.072999
v 0.002077 0.006121 0.073867
v 0.002549 0.009489 0.073077
v 0.002549 0.009489 0.073868
v 0.002603 0.012436 0.073111
v 0.002603 0.012436 0.073902
v 0.002668 0.015955 0.073152
v 0.002668 0.015955 0.073943
v -0.003100 0.005560 0.073845
v -0.003100 0.005560 0.072978
v -0.003448 0.008944 0.073846
v -0.003448 0.008944 0.073055
v -0.003394 0.011890 0.073880
v -0.003394 0.011890 0.073089
v -0.003329 0.015409 0.073921
v -0.003329 0.015409 0.073130
v 0.021804 -0.006310 0.073388
v 0.021804 -0.006310 0.072520
v 0.021456 -0.002927 0.073388
v 0.021456 -0.002927 0.072597
v 0.021510 0.000020 0.073422
v 0.021510 0.000020 0.072632
v 0.021575 0.003538 0.073463
v 0.021575 0.003538 0.072672
v 0.024721 -0.008148 0.072449
v 0.024721 -0.008148 0.073317
v 0.025193 -0.004780 0.072527
v 0.025193 -0.004780 0.073317
v 0.025248 -0.001834 0.072561
v 0.025248 -0.001834 0.073352
v 0.025312 0.001685 0.072602
v 0.025312 0.001685 0.073392
v -0.027462 -0.008570 0.073300
v -0.027462 -0.008570 0.072433
v -0.027810 -0.005187 0.073301
v -0.027810 -0.005187 0.072510
v -0.027756 -0.002240 0.073335
v -0.027756 -0.002240 0.072545
v -0.027691 0.001279 0.073376
v -0.027691 0.001279 0.072585
v -0.023008 -0.005987 0.072532
v -0.023008 -0.005987 0.073400
v -0.022536 -0.002618 0.072610
v -0.022536 -0.002618 0.073401
v -0.022481 0.000328 0.072644
v -0.022481 0.000328 0.073435
v -0.022417 0.003847 0.072685
v -0.022417 0.003847 0.073476
v 0.044480 -0.023869 0.071930
v 0.044480 -0.023869 0.072798
v -0.047945 -0.023649 0.071939
v -0.047945 -0.023649 0.072806
v -0.049918 -0.011954 0.072850
v -0.049918 -0.011954 0.072059
v 0.047840 -0.012020 0.072059
v 0.047840 -0.012020 0.072849
v 0.045089 -0.010742 0.072105
v 0.045089 -0.010742 0.072896
v -0.046640 -0.010588 0.072114
v -0.046640 -0.010588 0.072905
v -0.050692 -0.021587 0.072747
v -0.050692 -0.021587 0.071956
v -0.050465 -0.018499 0.072780
v -0.050465 -0.018499 0.071989
v -0.050194 -0.014811 0.072818
v -0.050194 -0.014811 0.072028
v -0.047276 -0.020141 0.072014
v -0.047276 -0.020141 0.072805
v -0.047049 -0.017053 0.072047
v -0.047049 -0.017053 0.072838
v -0.046778 -0.013365 0.072086
v -0.046778 -0.013365 0.072876
v 0.047190 -0.021648 0.071956
v 0.047190 -0.021648 0.072747
v 0.047416 -0.018560 0.071989
v 0.047416 -0.018560 0.072780
v 0.047687 -0.014872 0.072028
v 0.047687 -0.014872 0.072818
v 0.044330 -0.020301 0.072797
v 0.044330 -0.020301 0.072006
v 0.044557 -0.017213 0.072829
v 0.044557 -0.017213 0.072038
v 0.044828 -0.013525 0.072868
v 0.044828 -0.013525 0.072077
v -0.024255 0.006083 0.072649
v -0.024255 0.006083 0.073517
v -0.025740 0.005222 0.072616
v -0.025740 0.005222 0.073484
v -0.001283 0.019407 0.073163
v -0.001283 0.019407 0.074030
v 0.023986 0.005395 0.072623
v 0.023986 0.005395 0.073490
v 0.023014 0.006008 0.072646
v 0.023014 0.006008 0.073514
v 0.046836 -0.011175 0.072040
v 0.046836 -0.011175 0.072907
v 0.046155 -0.010746 0.072056
v 0.046155 -0.010746 0.072924
v 0.046521 -0.024123 0.026498
v 0.046521 -0.024094 0.025253
v -0.050543 -0.024123 0.026498
v -0.050543 -0.024094 0.025253
v 0.002018 0.003921 0.027579
v 0.002018 0.003950 0.026334
v -0.003159 0.003360 0.027557
v -0.003159 0.003389 0.026312
v 0.024662 -0.010348 0.027029
v 0.024662 -0.010319 0.025784
v 0.021745 -0.008510 0.027099
v 0.021745 -0.008481 0.025855
v -0.023067 -0.008187 0.027112
v -0.023067 -0.008158 0.025867
v -0.027521 -0.010770 0.027012
v -0.027521 -0.010741 0.025768
v 0.024662 -0.010348 0.027029
v 0.024662 -0.010319 0.025784
v 0.021745 -0.008510 0.027099
v 0.021745 -0.008481 0.025855
v 0.002556 0.019778 0.027710
v 0.002556 0.019805 0.026576
v -0.003154 0.019204 0.027688
v -0.003154 0.019231 0.026553
v 0.000297 0.021385 0.026570
v 0.000297 0.021356 0.027815
v -0.022486 0.007500 0.027237
v -0.022486 0.007526 0.026102
v -0.027523 0.005070 0.027143
v -0.027523 0.005096 0.026008
v 0.025284 0.005456 0.027158
v 0.025284 0.005483 0.026023
v 0.021702 0.007212 0.027225
v 0.021702 0.007238 0.026091
v -0.003100 0.006593 0.027595
v -0.003100 0.006622 0.026350
v -0.003448 0.009978 0.027579
v -0.003448 0.010004 0.026444
v -0.003394 0.012924 0.027613
v -0.003394 0.012950 0.026478
v -0.003329 0.016443 0.027654
v -0.003329 0.016469 0.026519
v 0.002077 0.007183 0.026371
v 0.002077 0.007154 0.027616
v 0.002549 0.010550 0.026465
v 0.002549 0.010523 0.027600
v 0.002603 0.013496 0.026500
v 0.002603 0.013470 0.027634
v 0.002668 0.017015 0.026540
v 0.002668 0.016989 0.027675
v 0.021804 -0.005277 0.027137
v 0.021804 -0.005249 0.025892
v 0.021456 -0.001893 0.027121
v 0.021456 -0.001867 0.025987
v 0.021510 0.001054 0.027155
v 0.021510 0.001080 0.026021
v 0.021575 0.004572 0.027196
v 0.021575 0.004599 0.026062
v 0.024721 -0.007087 0.025821
v 0.024721 -0.007116 0.027066
v 0.025193 -0.003720 0.025915
v 0.025193 -0.003746 0.027050
v 0.025248 -0.000773 0.025949
v 0.025248 -0.000800 0.027084
v 0.025312 0.002745 0.025990
v 0.025312 0.002719 0.027125
v -0.027462 -0.007537 0.027050
v -0.027462 -0.007508 0.025805
v -0.027810 -0.004153 0.027034
v -0.027810 -0.004126 0.025899
v -0.027756 -0.001206 0.027068
v -0.027756 -0.001180 0.025934
v -0.027691 0.002313 0.027109
v -0.027691 0.002339 0.025974
v -0.023008 -0.004925 0.025905
v -0.023008 -0.004954 0.027149
v -0.022536 -0.001558 0.025999
v -0.022536 -0.001585 0.027133
v -0.022481 0.001388 0.026033
v -0.022481 0.001362 0.027167
v -0.022417 0.004907 0.026074
v -0.022417 0.004881 0.027208
v 0.044480 -0.022837 0.026547
v 0.044480 -0.022808 0.025302
v -0.047945 -0.022616 0.026556
v -0.047945 -0.022587 0.025311
v 0.047840 -0.010986 0.026581
v 0.047840 -0.010960 0.025447
v -0.049918 -0.010920 0.026583
v -0.049918 -0.010894 0.025448
v 0.045089 -0.009708 0.026630
v 0.045089 -0.009682 0.025495
v -0.046640 -0.009554 0.026637
v -0.046640 -0.009528 0.025502
v -0.047276 -0.019081 0.025402
v -0.047276 -0.019107 0.026537
v -0.047049 -0.015993 0.025435
v -0.047049 -0.016019 0.026570
v -0.046778 -0.012305 0.025474
v -0.046778 -0.012331 0.026608
v -0.050692 -0.020554 0.026480
v -0.050692 -0.020527 0.025346
v -0.050465 -0.017466 0.026513
v -0.050465 -0.017439 0.025378
v -0.050194 -0.013778 0.026552
v -0.050194 -0.013751 0.025417
v 0.044330 -0.019267 0.026530
v 0.044330 -0.019241 0.025395
v 0.044557 -0.016179 0.026562
v 0.044557 -0.016153 0.025428
v 0.044828 -0.012491 0.026601
v 0.044828 -0.012465 0.025467
v 0.047190 -0.020587 0.025344
v 0.047190 -0.020614 0.026479
v 0.047416 -0.017499 0.025377
v 0.047416 -0.017526 0.026512
v 0.047687 -0.013811 0.025416
v 0.047687 -0.013838 0.026550
v -0.025740 0.006254 0.027233
v -0.025740 0.006283 0.025988
v -0.024255 0.007116 0.027266
v -0.024255 0.007144 0.026021
v -0.001283 0.020440 0.027780
v -0.001283 0.020469 0.026535
v 0.023014 0.007040 0.027263
v 0.023014 0.007069 0.026018
v 0.023986 0.006428 0.027240
v 0.023986 0.006457 0.025995
v 0.046155 -0.009713 0.026673
v 0.046155 -0.009685 0.025428
v 0.046836 -0.010142 0.026657
v 0.046836 -0.010113 0.025412
v 0.046521 -0.023031 -0.020564
v 0.046521 -0.023003 -0.021780
v -0.050543 -0.023031 -0.020564
v -0.050543 -0.023003 -0.021780
v 0.002018 0.005013 -0.019483
v 0.002018 0.005041 -0.020699
v -0.003159 0.004452 -0.019504
v -0.003159 0.004480 -0.020721
v 0.024662 -0.009257 -0.020033
v 0.024662 -0.009228 -0.021249
v 0.021745 -0.007418 -0.019962
v 0.021745 -0.007390 -0.021179
v -0.023067 -0.007095 -0.019949
v -0.023067 -0.007067 -0.021166
v -0.027521 -0.009678 -0.020049
v -0.027521 -0.009650 -0.021266
v 0.024662 -0.009257 -0.020033
v 0.024662 -0.009228 -0.021249
v 0.021745 -0.007418 -0.019962
v 0.021745 -0.007390 -0.021179
v 0.002556 0.020870 -0.019350
v 0.002556 0.020896 -0.020459
v -0.003154 0.020296 -0.019372
v -0.003154 0.020322 -0.020481
v 0.000297 0.022476 -0.020463
v 0.000297 0.022448 -0.019246
v -0.022486 0.008592 -0.019823
v -0.022486 0.008618 -0.020932
v -0.027523 0.006161 -0.019917
v -0.027523 0.006187 -0.021026
v 0.025284 0.006548 -0.019902
v 0.025284 0.006574 -0.021011
v 0.021702 0.008303 -0.019835
v 0.021702 0.008329 -0.020944
v 0.002077 0.008274 -0.020662
v 0.002077 0.008245 -0.019445
v 0.002549 0.011641 -0.020569
v 0.002549 0.011615 -0.019460
v 0.002603 0.014587 -0.020535
v 0.002603 0.014561 -0.019426
v 0.002668 0.018106 -0.020494
v 0.002668 0.018080 -0.019385
v -0.003100 0.007685 -0.019467
v -0.003100 0.007713 -0.020683
v -0.003448 0.011069 -0.019481
v -0.003448 0.011095 -0.020590
v -0.003394 0.014016 -0.019447
v -0.003394 0.014041 -0.020556
v -0.003329 0.017535 -0.019406
v -0.003329 0.017560 -0.020515
v 0.021804 -0.004186 -0.019924
v 0.021804 -0.004158 -0.021141
v 0.021456 -0.000801 -0.019939
v 0.021456 -0.000776 -0.021048
v 0.021510 0.002145 -0.019905
v 0.021510 0.002171 -0.021014
v 0.021575 0.005664 -0.019864
v 0.021575 0.005690 -0.020973
v 0.024721 -0.005996 -0.021212
v 0.024721 -0.006024 -0.019995
v 0.025193 -0.002629 -0.021119
v 0.025193 -0.002655 -0.020010
v 0.025248 0.000318 -0.021085
v 0.025248 0.000292 -0.019976
v 0.025312 0.003837 -0.021044
v 0.025312 0.003811 -0.019935
v -0.027462 -0.006446 -0.020012
v -0.027462 -0.006417 -0.021228
v -0.027810 -0.003061 -0.020026
v -0.027810 -0.003035 -0.021135
v -0.027756 -0.000115 -0.019992
v -0.027756 -0.000089 -0.021101
v -0.027691 0.003404 -0.019951
v -0.027691 0.003430 -0.021060
v -0.023008 -0.003834 -0.021129
v -0.023008 -0.003862 -0.019912
v -0.022536 -0.000467 -0.021036
v -0.022536 -0.000493 -0.019927
v -0.022481 0.002479 -0.021002
v -0.022481 0.002454 -0.019893
v -0.022417 0.005998 -0.020961
v -0.022417 0.005972 -0.019852
v 0.044480 -0.021745 -0.020514
v 0.044480 -0.021717 -0.021731
v -0.047945 -0.021524 -0.020506
v -0.047945 -0.021496 -0.021722
v 0.047840 -0.009894 -0.020479
v 0.047840 -0.009869 -0.021588
v 0.045089 -0.008617 -0.020430
v 0.045089 -0.008591 -0.021539
v -0.050884 -0.008226 -0.020616
v -0.050884 -0.008200 -0.021725
v -0.047604 -0.006799 -0.020561
v -0.047604 -0.006774 -0.021670
v -0.050953 -0.019052 -0.020618
v -0.050953 -0.019026 -0.021727
v -0.050953 -0.015580 -0.020618
v -0.050953 -0.015554 -0.021727
v -0.050953 -0.011434 -0.020618
v -0.050953 -0.011408 -0.021727
v -0.047535 -0.017520 -0.021669
v -0.047535 -0.017545 -0.020560
v -0.047535 -0.014048 -0.021669
v -0.047535 -0.014073 -0.020560
v -0.047535 -0.009901 -0.021669
v -0.047535 -0.009927 -0.020560
v 0.044330 -0.018176 -0.020530
v 0.044330 -0.018150 -0.021639
v 0.044557 -0.015088 -0.020498
v 0.044557 -0.015062 -0.021607
v 0.044828 -0.011400 -0.020459
v 0.044828 -0.011374 -0.021568
v 0.047190 -0.019496 -0.021690
v 0.047190 -0.019522 -0.020581
v 0.047416 -0.016408 -0.021658
v 0.047416 -0.016434 -0.020549
v 0.047687 -0.012720 -0.021619
v 0.047687 -0.012746 -0.020510
v -0.025740 0.007346 -0.019828
v -0.025740 0.007374 -0.021045
v -0.024255 0.008207 -0.019795
v -0.024255 0.008235 -0.021012
v -0.001283 0.021531 -0.019282
v -0.001283 0.021560 -0.020498
v 0.023014 0.008132 -0.019798
v 0.023014 0.008160 -0.021015
v 0.023986 0.007519 -0.019822
v 0.023986 0.007548 -0.021038
v 0.046155 -0.008622 -0.020388
v 0.046155 -0.008594 -0.021605
v 0.046836 -0.009051 -0.020405
v 0.046836 -0.009022 -0.021621
v 0.046521 -0.021915 -0.068663
v 0.046521 -0.021900 -0.069332
v -0.050543 -0.021915 -0.068663
v -0.050543 -0.021900 -0.069332
v 0.002018 0.006129 -0.067582
v 0.002018 0.006144 -0.068251
v -0.003159 0.005568 -0.067603
v -0.003159 0.005583 -0.068273
v 0.024662 -0.008141 -0.068132
v 0.024662 -0.008125 -0.068801
v 0.021745 -0.006303 -0.068061
v 0.021745 -0.006287 -0.068731
v -0.023067 -0.005979 -0.068048
v -0.023067 -0.005964 -0.068718
v -0.027521 -0.008563 -0.068148
v -0.027521 -0.008547 -0.068818
v 0.024662 -0.008141 -0.068132
v 0.024662 -0.008125 -0.068801
v 0.021745 -0.006303 -0.068061
v 0.021745 -0.006287 -0.068731
v 0.002556 0.021985 -0.067425
v 0.002556 0.021999 -0.068035
v -0.003154 0.021411 -0.067447
v -0.003154 0.021425 -0.068058
v 0.000297 0.023579 -0.068015
v 0.000297 0.023563 -0.067345
v -0.022486 0.009707 -0.067898
v -0.022486 0.009721 -0.068509
v -0.027523 0.007276 -0.067992
v -0.027523 0.007291 -0.068602
v 0.025284 0.007663 -0.067977
v 0.025284 0.007677 -0.068587
v 0.021702 0.009418 -0.067910
v 0.021702 0.009433 -0.068520
v 0.002077 0.009377 -0.068214
v 0.002077 0.009361 -0.067544
v 0.002549 0.012744 -0.068145
v 0.002549 0.012730 -0.067535
v 0.002603 0.015691 -0.068111
v 0.002603 0.015677 -0.067501
v 0.002668 0.019210 -0.068070
v 0.002668 0.019196 -0.067460
v -0.003100 0.008800 -0.067566
v -0.003100 0.008816 -0.068235
v -0.003448 0.012184 -0.067556
v -0.003448 0.012199 -0.068166
v -0.003394 0.015131 -0.067522
v -0.003394 0.015145 -0.068132
v -0.003329 0.018650 -0.067481
v -0.003329 0.018664 -0.068092
v 0.021804 -0.003070 -0.068023
v 0.021804 -0.003054 -0.068693
v 0.021456 0.000314 -0.068014
v 0.021456 0.000328 -0.068624
v 0.021510 0.003260 -0.067980
v 0.021510 0.003275 -0.068590
v 0.021575 0.006779 -0.067939
v 0.021575 0.006793 -0.068549
v 0.024721 -0.004893 -0.068764
v 0.024721 -0.004908 -0.068094
v 0.025193 -0.001525 -0.068695
v 0.025193 -0.001539 -0.068085
v 0.025248 0.001421 -0.068661
v 0.025248 0.001407 -0.068051
v 0.025312 0.004940 -0.068620
v 0.025312 0.004926 -0.068010
v -0.027462 -0.005330 -0.068111
v -0.027462 -0.005314 -0.068780
v -0.027810 -0.001946 -0.068101
v -0.027810 -0.001932 -0.068711
v -0.027756 0.001001 -0.068067
v -0.027756 0.001015 -0.068677
v -0.027691 0.004519 -0.068026
v -0.027691 0.004534 -0.068636
v -0.023008 -0.002731 -0.068681
v -0.023008 -0.002747 -0.068011
v -0.022536 0.000637 -0.068612
v -0.022536 0.000622 -0.068002
v -0.022481 0.003583 -0.068578
v -0.022481 0.003569 -0.067968
v -0.022417 0.007102 -0.068537
v -0.022417 0.007088 -0.067927
v 0.044480 -0.020629 -0.068613
v 0.044480 -0.020614 -0.069283
v -0.047945 -0.020409 -0.068605
v -0.047945 -0.020393 -0.069274
v 0.047840 -0.008779 -0.068554
v 0.047840 -0.008765 -0.069164
v -0.049918 -0.008713 -0.068552
v -0.049918 -0.008699 -0.069162
v 0.045089 -0.007502 -0.068505
v 0.045089 -0.007487 -0.069116
v -0.046640 -0.007347 -0.068498
v -0.046640 -0.007333 -0.069109
v -0.047276 -0.016886 -0.069208
v -0.047276 -0.016900 -0.068598
v -0.047049 -0.013798 -0.069176
v -0.047049 -0.013812 -0.068565
v -0.046778 -0.010110 -0.069137
v -0.046778 -0.010124 -0.068527
v -0.050692 -0.018347 -0.068655
v -0.050692 -0.018333 -0.069265
v -0.050465 -0.015259 -0.068622
v -0.050465 -0.015244 -0.069232
v -0.050194 -0.011571 -0.068583
v -0.050194 -0.011557 -0.069194
v 0.044330 -0.017061 -0.068605
v 0.044330 -0.017046 -0.069215
v 0.044557 -0.013973 -0.068572
v 0.044557 -0.013958 -0.069183
v 0.044828 -0.010285 -0.068534
v 0.044828 -0.010270 -0.069144
v 0.047190 -0.018393 -0.069266
v 0.047190 -0.018407 -0.068656
v 0.047416 -0.015305 -0.069234
v 0.047416 -0.015319 -0.068623
v 0.047687 -0.011617 -0.069195
v 0.047687 -0.011631 -0.068585
v -0.025740 0.008462 -0.067927
v -0.025740 0.008477 -0.068597
v -0.024255 0.009323 -0.067894
v -0.024255 0.009339 -0.068564
v -0.001283 0.022647 -0.067381
v -0.001283 0.022663 -0.068050
v 0.023014 0.009248 -0.067897
v 0.023014 0.009263 -0.068567
v 0.023986 0.008635 -0.067921
v 0.023986 0.008651 -0.068590
v 0.046155 -0.007506 -0.068487
v 0.046155 -0.007490 -0.069157
v 0.046836 -0.007935 -0.068504
v 0.046836 -0.007919 -0.069173
v 0.046521 -0.021884 -0.110643
v 0.046521 -0.021884 -0.111708
v 0.002018 0.006160 -0.109562
v 0.002018 0.006160 -0.110627
v -0.003159 0.005599 -0.109583
v -0.003159 0.005599 -0.110649
v -0.050543 -0.021884 -0.111708
v -0.050543 -0.021884 -0.110643
v 0.024662 -0.008110 -0.110112
v 0.024662 -0.008110 -0.111177
v 0.021745 -0.006272 -0.110041
v 0.021745 -0.006272 -0.111107
v -0.023067 -0.005948 -0.110028
v -0.023067 -0.005948 -0.111094
v -0.027521 -0.008531 -0.110128
v -0.027521 -0.008531 -0.111194
v 0.024662 -0.008110 -0.110112
v 0.024662 -0.008110 -0.111177
v 0.021745 -0.006272 -0.110041
v 0.021745 -0.006272 -0.111107
v 0.000297 0.023594 -0.109325
v 0.000297 0.023594 -0.110391
v 0.002556 0.022016 -0.109422
v 0.002556 0.022016 -0.110393
v -0.003154 0.021442 -0.109445
v -0.003154 0.021442 -0.110416
v -0.022486 0.009737 -0.109896
v -0.022486 0.009737 -0.110867
v -0.027523 0.007307 -0.109990
v -0.027523 0.007307 -0.110961
v 0.025284 0.007694 -0.109974
v 0.025284 0.007694 -0.110946
v 0.021702 0.009449 -0.109907
v 0.021702 0.009449 -0.110879
v -0.003100 0.008832 -0.109546
v -0.003100 0.008832 -0.110611
v -0.003448 0.012215 -0.109554
v -0.003448 0.012215 -0.110525
v -0.003394 0.015161 -0.109520
v -0.003394 0.015161 -0.110491
v -0.003329 0.018680 -0.109479
v -0.003329 0.018680 -0.110450
v 0.002077 0.009392 -0.110590
v 0.002077 0.009392 -0.109524
v 0.002549 0.012761 -0.110504
v 0.002549 0.012761 -0.109532
v 0.002603 0.015707 -0.110469
v 0.002603 0.015707 -0.109498
v 0.002668 0.019226 -0.110429
v 0.002668 0.019226 -0.109457
v 0.021804 -0.003039 -0.110003
v 0.021804 -0.003039 -0.111069
v 0.021456 0.000344 -0.110011
v 0.021456 0.000344 -0.110983
v 0.021510 0.003291 -0.109977
v 0.021510 0.003291 -0.110949
v 0.021575 0.006810 -0.109937
v 0.021575 0.006810 -0.110908
v 0.024721 -0.004877 -0.111140
v 0.024721 -0.004877 -0.110074
v 0.025193 -0.001509 -0.111054
v 0.025193 -0.001509 -0.110082
v 0.025248 0.001438 -0.111019
v 0.025248 0.001438 -0.110048
v 0.025312 0.004956 -0.110979
v 0.025312 0.004956 -0.110007
v -0.023008 -0.002716 -0.111057
v -0.023008 -0.002716 -0.109991
v -0.022536 0.000653 -0.110970
v -0.022536 0.000653 -0.109999
v -0.022481 0.003599 -0.110936
v -0.022481 0.003599 -0.109965
v -0.022417 0.007118 -0.110895
v -0.022417 0.007118 -0.109924
v -0.027462 -0.005299 -0.110091
v -0.027462 -0.005299 -0.111156
v -0.027810 -0.001916 -0.110099
v -0.027810 -0.001916 -0.111070
v -0.027756 0.001031 -0.110064
v -0.027756 0.001031 -0.111036
v -0.027691 0.004550 -0.110024
v -0.027691 0.004550 -0.110995
v 0.044480 -0.020598 -0.110593
v 0.044480 -0.020598 -0.111659
v -0.047945 -0.020378 -0.110585
v -0.047945 -0.020378 -0.111650
v 0.047840 -0.008749 -0.110550
v 0.047840 -0.008749 -0.111522
v -0.049918 -0.008683 -0.111522
v -0.049918 -0.008683 -0.110550
v 0.045089 -0.007471 -0.110504
v 0.045089 -0.007471 -0.111475
v -0.046640 -0.007317 -0.110495
v -0.046640 -0.007317 -0.111467
v -0.050692 -0.018316 -0.110653
v -0.050692 -0.018316 -0.111624
v -0.050465 -0.015228 -0.110620
v -0.050465 -0.015228 -0.111592
v -0.050194 -0.011540 -0.110581
v -0.050194 -0.011540 -0.111553
v -0.047276 -0.016870 -0.111566
v -0.047276 -0.016870 -0.110595
v -0.047049 -0.013782 -0.111533
v -0.047049 -0.013782 -0.110562
v -0.046778 -0.010094 -0.111495
v -0.046778 -0.010094 -0.110523
v 0.044330 -0.017030 -0.110603
v 0.044330 -0.017030 -0.111574
v 0.044557 -0.013942 -0.110571
v 0.044557 -0.013942 -0.111542
v 0.044828 -0.010254 -0.110532
v 0.044828 -0.010254 -0.111503
v 0.047190 -0.018376 -0.111624
v 0.047190 -0.018376 -0.110653
v 0.047416 -0.015288 -0.111592
v 0.047416 -0.015288 -0.110620
v 0.047687 -0.011600 -0.111553
v 0.047687 -0.011600 -0.110581
v -0.025740 0.008493 -0.109907
v -0.025740 0.008493 -0.110973
v -0.024255 0.009354 -0.109874
v -0.024255 0.009354 -0.110940
v -0.001283 0.022678 -0.109361
v -0.001283 0.022678 -0.110426
v 0.023014 0.009279 -0.109877
v 0.023014 0.009279 -0.110943
v 0.023986 0.008666 -0.109901
v 0.023986 0.008666 -0.110966
v 0.046155 -0.007475 -0.110467
v 0.046155 -0.007475 -0.111533
v 0.046836 -0.007904 -0.110484
v 0.046836 -0.007904 -0.111549
v 0.037416 -0.022627 -0.126945
v 0.036937 -0.022666 -0.127689
v -0.040018 -0.022627 -0.126945
v -0.039465 -0.022666 -0.127689
v 0.000944 -0.003772 -0.126127
v 0.000887 -0.004293 -0.126885
v -0.003167 -0.004149 -0.126144
v -0.003167 -0.004661 -0.126901
v 0.019502 -0.013366 -0.126543
v 0.019231 -0.013642 -0.127294
v 0.017111 -0.012130 -0.126490
v 0.016868 -0.012437 -0.127241
v -0.018650 -0.011912 -0.126480
v -0.018418 -0.012226 -0.127232
v -0.022114 -0.013649 -0.126555
v -0.021830 -0.013918 -0.127306
v 0.035743 -0.021762 -0.126907
v 0.035284 -0.021823 -0.127652
v -0.037998 -0.021614 -0.126901
v -0.037475 -0.021679 -0.127646
v 0.037416 -0.022627 -0.126945
v 0.036937 -0.022666 -0.127689
v -0.040018 -0.022627 -0.126945
v -0.039465 -0.022666 -0.127689
v 0.000944 -0.003772 -0.126127
v 0.000887 -0.004293 -0.126885
v -0.003167 -0.004149 -0.126144
v -0.003167 -0.004661 -0.126901
v 0.019502 -0.013366 -0.126543
v 0.019231 -0.013642 -0.127294
v 0.017111 -0.012130 -0.126490
v 0.016868 -0.012437 -0.127241
v -0.018650 -0.011912 -0.126480
v -0.018418 -0.012226 -0.127232
v -0.022114 -0.013649 -0.126555
v -0.021830 -0.013918 -0.127306
v 0.035743 -0.021762 -0.126907
v 0.035284 -0.021823 -0.127652
v -0.037998 -0.021614 -0.126901
v -0.037475 -0.021679 -0.127646
v 0.037725 -0.011353 -0.126094
v 0.037290 -0.011389 -0.126773
v -0.040237 -0.011345 -0.126117
v -0.039734 -0.011381 -0.126795
v 0.001249 0.007507 -0.125085
v 0.001199 0.007030 -0.125776
v -0.003448 0.007110 -0.125071
v -0.003450 0.006642 -0.125762
v 0.019533 -0.001775 -0.125403
v 0.019262 -0.002051 -0.126154
v 0.016806 -0.000957 -0.125289
v 0.016583 -0.001236 -0.125974
v -0.018311 -0.000755 -0.125285
v -0.018098 -0.001039 -0.125970
v -0.022360 -0.002368 -0.125632
v -0.022102 -0.002614 -0.126316
v 0.035450 -0.010577 -0.125620
v 0.035031 -0.010632 -0.126299
v -0.037663 -0.010436 -0.125594
v -0.037186 -0.010495 -0.126273
v -0.000715 0.008131 -0.125709
v -0.000678 0.008674 -0.124950
v -0.037156 -0.018674 -0.127078
v -0.037632 -0.018615 -0.126399
v -0.037148 -0.016033 -0.126819
v -0.037625 -0.015974 -0.126140
v -0.037140 -0.012878 -0.126508
v -0.037616 -0.012819 -0.125829
v -0.040313 -0.019577 -0.126925
v -0.039810 -0.019613 -0.127603
v -0.040306 -0.016936 -0.126665
v -0.039802 -0.016972 -0.127344
v -0.040298 -0.013782 -0.126355
v -0.039794 -0.013817 -0.127033
v -0.022474 -0.010619 -0.126441
v -0.022216 -0.010864 -0.127125
v -0.022467 -0.007978 -0.126181
v -0.022208 -0.008223 -0.126866
v -0.022459 -0.004824 -0.125871
v -0.022200 -0.005069 -0.126555
v -0.018029 -0.009199 -0.126775
v -0.018241 -0.008914 -0.126090
v -0.018022 -0.006558 -0.126515
v -0.018234 -0.006272 -0.125830
v -0.018014 -0.003404 -0.126205
v -0.018225 -0.003118 -0.125520
v -0.003569 -0.001144 -0.125880
v -0.003569 -0.001611 -0.126571
v -0.003561 0.001497 -0.125620
v -0.003562 0.001030 -0.126311
v -0.003553 0.004651 -0.125310
v -0.003553 0.004185 -0.126001
v 0.001307 -0.001242 -0.126586
v 0.001359 -0.000767 -0.125895
v 0.001314 0.001399 -0.126326
v 0.001366 0.001874 -0.125635
v 0.001323 0.004553 -0.126016
v 0.001374 0.005029 -0.125325
v 0.016720 -0.009129 -0.126095
v 0.016498 -0.009410 -0.126780
v 0.016727 -0.006488 -0.125835
v 0.016505 -0.006768 -0.126520
v 0.016735 -0.003334 -0.125524
v 0.016514 -0.003614 -0.126210
v 0.019238 -0.010744 -0.127009
v 0.019509 -0.010468 -0.126258
v 0.019246 -0.007846 -0.126724
v 0.019517 -0.007570 -0.125973
v 0.019254 -0.004948 -0.126439
v 0.019525 -0.004672 -0.125688
v 0.035383 -0.018759 -0.126426
v 0.034965 -0.018815 -0.127105
v 0.035390 -0.016118 -0.126167
v 0.034972 -0.016173 -0.126845
v 0.035399 -0.012963 -0.125856
v 0.034980 -0.013019 -0.126535
v 0.037311 -0.019617 -0.127581
v 0.037747 -0.019581 -0.126902
v 0.037318 -0.016976 -0.127321
v 0.037754 -0.016940 -0.126642
v 0.037327 -0.013821 -0.127011
v 0.037763 -0.013786 -0.126332
v -0.020927 -0.001479 -0.125390
v -0.020661 -0.001763 -0.126142
v -0.019773 -0.000900 -0.125365
v -0.019523 -0.001199 -0.126117
v -0.001907 0.008058 -0.124977
v -0.001925 0.007530 -0.125735
v 0.017940 -0.000951 -0.125367
v 0.017687 -0.001248 -0.126119
v 0.018736 -0.001363 -0.125385
v 0.018475 -0.001649 -0.126137
v 0.036332 -0.010459 -0.125780
v 0.035867 -0.010513 -0.126524
v 0.036890 -0.010747 -0.125792
v 0.036418 -0.010794 -0.126537
v 0.027328 -0.023449 -0.142645
v 0.026863 -0.023487 -0.143368
v -0.028357 -0.023449 -0.142645
v -0.027820 -0.023487 -0.143368
v -0.000246 -0.014776 -0.142120
v -0.000301 -0.015283 -0.142857
v -0.003175 -0.014949 -0.142130
v -0.003176 -0.015447 -0.142867
v 0.013784 -0.019189 -0.142387
v 0.013521 -0.019457 -0.143117
v 0.011977 -0.018620 -0.142353
v 0.011740 -0.018920 -0.143084
v -0.013755 -0.018520 -0.142347
v -0.013530 -0.018825 -0.143078
v -0.016122 -0.019319 -0.142395
v -0.015846 -0.019581 -0.143125
v 0.026063 -0.023052 -0.142621
v 0.025617 -0.023111 -0.143345
v -0.026977 -0.022983 -0.142617
v -0.026469 -0.023046 -0.143341
v 0.027328 -0.023449 -0.142645
v 0.026863 -0.023487 -0.143368
v -0.028357 -0.023449 -0.142645
v -0.027820 -0.023487 -0.143368
v -0.000246 -0.014776 -0.142120
v -0.000301 -0.015283 -0.142857
v -0.003175 -0.014949 -0.142130
v -0.003176 -0.015447 -0.142867
v 0.013784 -0.019189 -0.142387
v 0.013521 -0.019457 -0.143117
v 0.011977 -0.018620 -0.142353
v 0.011740 -0.018920 -0.143084
v -0.013755 -0.018520 -0.142347
v -0.013530 -0.018825 -0.143078
v -0.016122 -0.019319 -0.142395
v -0.015846 -0.019581 -0.143125
v 0.026063 -0.023052 -0.142621
v 0.025617 -0.023111 -0.143345
v -0.026977 -0.022983 -0.142617
v -0.026469 -0.023046 -0.143341
v 0.027649 -0.012188 -0.141794
v 0.027225 -0.012223 -0.142454
v -0.028594 -0.012182 -0.141817
v -0.028105 -0.012217 -0.142476
v 0.000091 -0.003533 -0.141078
v 0.000043 -0.003997 -0.141749
v -0.003488 -0.003716 -0.141057
v -0.003490 -0.004171 -0.141729
v 0.014139 -0.007941 -0.141457
v 0.013900 -0.008187 -0.142123
v 0.011656 -0.007429 -0.141151
v 0.011440 -0.007701 -0.141817
v -0.013387 -0.007337 -0.141150
v -0.013180 -0.007614 -0.141816
v -0.016398 -0.008063 -0.141471
v -0.016148 -0.008302 -0.142137
v 0.025760 -0.011854 -0.141333
v 0.025353 -0.011907 -0.141993
v -0.026626 -0.011791 -0.141308
v -0.026162 -0.011848 -0.141968
v -0.001501 -0.003320 -0.141693
v -0.001465 -0.002791 -0.140956
v -0.026148 -0.020042 -0.142775
v -0.026611 -0.019984 -0.142115
v -0.026141 -0.017401 -0.142515
v -0.026604 -0.017343 -0.141855
v -0.026133 -0.014246 -0.142205
v -0.026596 -0.014189 -0.141545
v -0.028653 -0.020400 -0.142624
v -0.028163 -0.020434 -0.143284
v -0.028646 -0.017759 -0.142365
v -0.028156 -0.017793 -0.143024
v -0.028637 -0.014604 -0.142054
v -0.028148 -0.014639 -0.142714
v -0.016483 -0.016289 -0.142280
v -0.016232 -0.016527 -0.142945
v -0.016476 -0.013648 -0.142020
v -0.016225 -0.013886 -0.142685
v -0.016468 -0.010494 -0.141710
v -0.016216 -0.010732 -0.142375
v -0.013141 -0.015799 -0.142622
v -0.013347 -0.015521 -0.141955
v -0.013134 -0.013158 -0.142362
v -0.013340 -0.012880 -0.141695
v -0.013125 -0.010003 -0.142052
v -0.013331 -0.009726 -0.141385
v -0.003577 -0.011944 -0.141866
v -0.003578 -0.012397 -0.142537
v -0.003570 -0.009303 -0.141606
v -0.003570 -0.009756 -0.142277
v -0.003561 -0.006148 -0.141296
v -0.003562 -0.006602 -0.141967
v 0.000119 -0.012232 -0.142558
v 0.000169 -0.011770 -0.141887
v 0.000126 -0.009591 -0.142298
v 0.000176 -0.009129 -0.141627
v 0.000135 -0.006437 -0.141988
v 0.000185 -0.005974 -0.141317
v 0.011586 -0.015619 -0.141957
v 0.011370 -0.015892 -0.142623
v 0.011593 -0.012978 -0.141697
v 0.011377 -0.013251 -0.142363
v 0.011602 -0.009824 -0.141387
v 0.011386 -0.010097 -0.142053
v 0.013925 -0.016406 -0.142931
v 0.014165 -0.016162 -0.142265
v 0.013932 -0.013765 -0.142671
v 0.014172 -0.013521 -0.142005
v 0.013941 -0.010611 -0.142361
v 0.014181 -0.010366 -0.141695
v 0.025704 -0.020048 -0.142139
v 0.025297 -0.020103 -0.142799
v 0.025711 -0.017407 -0.141879
v 0.025304 -0.017461 -0.142539
v 0.025719 -0.014253 -0.141569
v 0.025313 -0.014307 -0.142229
v 0.027236 -0.020439 -0.143261
v 0.027660 -0.020404 -0.142602
v 0.027243 -0.017797 -0.143001
v 0.027667 -0.017763 -0.142342
v 0.027252 -0.014643 -0.142691
v 0.027676 -0.014608 -0.142032
v -0.015302 -0.007462 -0.141239
v -0.015042 -0.007738 -0.141969
v -0.014513 -0.007196 -0.141223
v -0.014270 -0.007486 -0.141953
v -0.002304 -0.003075 -0.140973
v -0.002322 -0.003588 -0.141710
v 0.012611 -0.007219 -0.141224
v 0.012365 -0.007508 -0.141955
v 0.013213 -0.007408 -0.141235
v 0.012959 -0.007687 -0.141966
v 0.026517 -0.011593 -0.141489
v 0.026064 -0.011645 -0.142213
v 0.026938 -0.011726 -0.141497
v 0.026479 -0.011771 -0.142221
v -0.048811 -0.024151 0.071052
v -0.049677 -0.024653 0.071032
v -0.048811 -0.024151 0.113742
v -0.049677 -0.024653 0.113722
v -0.021545 -0.028501 0.139437
v -0.021913 -0.028678 0.139429
v -0.048811 -0.020880 -0.109538
v -0.049677 -0.021382 -0.109558
v -0.049677 -0.021382 -0.069983
v -0.048811 -0.020880 -0.069963
v -0.049677 -0.021382 -0.112755
v -0.048811 -0.020880 -0.112735
v -0.026842 -0.023387 -0.144083
v -0.026401 -0.023248 -0.144074
v -0.049677 -0.022472 -0.022978
v -0.048811 -0.021970 -0.022958
v -0.049677 -0.023563 0.024027
v -0.048811 -0.023061 0.024047
v -0.049677 -0.024653 0.109845
v -0.048811 -0.024151 0.109865
v -0.049677 -0.023649 0.027762
v -0.048811 -0.023147 0.027781
v -0.049677 -0.022557 -0.019328
v -0.048811 -0.022055 -0.019308
v -0.049677 -0.021429 -0.067974
v -0.048811 -0.020926 -0.067955
v -0.049677 -0.024653 0.073635
v -0.048811 -0.024151 0.073654
v -0.035795 -0.026665 0.126576
v -0.035178 -0.026326 0.126589
v -0.024114 -0.028359 0.137391
v -0.023707 -0.028156 0.137400
v -0.038400 -0.026288 0.124164
v -0.037736 -0.025918 0.124179
v -0.037606 -0.022064 -0.128405
v -0.038259 -0.022384 -0.128419
v -0.027954 -0.023084 -0.141902
v -0.028424 -0.023248 -0.141912
v -0.039204 -0.021895 -0.126171
v -0.039887 -0.022241 -0.126185
v -0.021545 -0.028501 0.139437
v -0.021913 -0.028678 0.139429
v -0.026842 -0.023387 -0.144083
v -0.026401 -0.023248 -0.144074
v -0.035795 -0.026665 0.126576
v -0.035178 -0.026326 0.126589
v -0.024114 -0.028359 0.137391
v -0.023707 -0.028156 0.137400
v -0.038400 -0.026288 0.124164
v -0.037736 -0.025918 0.124179
v -0.037606 -0.022064 -0.128405
v -0.038259 -0.022384 -0.128419
v -0.027954 -0.023084 -0.141902
v -0.028424 -0.023248 -0.141912
v -0.039204 -0.021895 -0.126171
v -0.039887 -0.022241 -0.126185
v -0.021514 -0.016910 0.140577
v -0.021881 -0.017087 0.140569
v -0.026810 -0.011795 -0.142943
v -0.026370 -0.011657 -0.142934
v -0.035763 -0.015074 0.127716
v -0.035146 -0.014735 0.127729
v -0.024082 -0.016768 0.138531
v -0.023675 -0.016565 0.138540
v -0.038368 -0.014697 0.125304
v -0.037704 -0.014327 0.125319
v -0.037574 -0.010473 -0.127265
v -0.038228 -0.010793 -0.127279
v -0.027923 -0.011493 -0.140762
v -0.028393 -0.011657 -0.140772
v -0.039172 -0.010304 -0.125031
v -0.039855 -0.010650 -0.125045
v -0.047815 -0.010599 0.071194
v -0.048681 -0.011101 0.071175
v -0.047815 -0.010599 0.113884
v -0.048681 -0.011101 0.113865
v -0.047815 -0.007328 -0.109396
v -0.048681 -0.007830 -0.109415
v -0.048681 -0.007830 -0.069840
v -0.047815 -0.007328 -0.069821
v -0.048681 -0.007830 -0.112612
v -0.047815 -0.007328 -0.112593
v -0.048681 -0.010011 0.024170
v -0.047815 -0.009509 0.024189
v -0.048681 -0.011101 0.109988
v -0.047815 -0.010599 0.110007
v -0.048681 -0.010098 0.027904
v -0.047815 -0.009595 0.027924
v -0.048681 -0.007877 -0.067831
v -0.047815 -0.007375 -0.067812
v -0.048681 -0.011101 0.073778
v -0.047815 -0.010599 0.073797
v -0.024106 -0.025461 0.137676
v -0.023699 -0.025258 0.137685
v -0.024091 -0.022386 0.137566
v -0.023720 -0.022201 0.137574
v -0.024083 -0.019744 0.137826
v -0.023712 -0.019560 0.137834
v -0.021537 -0.025603 0.139722
v -0.021905 -0.025780 0.139714
v -0.021535 -0.022625 0.140428
v -0.021870 -0.022786 0.140420
v -0.021528 -0.019984 0.140687
v -0.021863 -0.020145 0.140680
v -0.035170 -0.023428 0.126874
v -0.035787 -0.023768 0.126861
v -0.035176 -0.020457 0.127580
v -0.035738 -0.020767 0.127567
v -0.035169 -0.017816 0.127839
v -0.035731 -0.018126 0.127827
v -0.038392 -0.023390 0.124449
v -0.037728 -0.023020 0.124464
v -0.038367 -0.020307 0.124339
v -0.037763 -0.019970 0.124352
v -0.038360 -0.017666 0.124599
v -0.037755 -0.017329 0.124612
v -0.048562 -0.020763 0.113777
v -0.049428 -0.021265 0.113758
v -0.048347 -0.017251 0.114224
v -0.049137 -0.017709 0.114206
v -0.048121 -0.014163 0.114257
v -0.048910 -0.014621 0.114239
v -0.049428 -0.021265 0.109881
v -0.048562 -0.020763 0.109900
v -0.049123 -0.017701 0.109509
v -0.048333 -0.017244 0.109527
v -0.048896 -0.014613 0.109541
v -0.048107 -0.014155 0.109559
v -0.048562 -0.020763 0.073690
v -0.049428 -0.021265 0.073671
v -0.048347 -0.017251 0.074137
v -0.049137 -0.017709 0.074119
v -0.048121 -0.014163 0.074169
v -0.048910 -0.014621 0.074152
v -0.049428 -0.021265 0.071068
v -0.048562 -0.020763 0.071087
v -0.049123 -0.017701 0.070696
v -0.048333 -0.017244 0.070713
v -0.048896 -0.014613 0.070728
v -0.048107 -0.014155 0.070746
v -0.049428 -0.020175 0.024063
v -0.048562 -0.019673 0.024082
v -0.049123 -0.016611 0.023691
v -0.048333 -0.016153 0.023708
v -0.048896 -0.013523 0.023723
v -0.048107 -0.013065 0.023741
v -0.048562 -0.019759 0.027817
v -0.049428 -0.020261 0.027797
v -0.048347 -0.016247 0.028263
v -0.049137 -0.016705 0.028246
v -0.048121 -0.013159 0.028296
v -0.048910 -0.013617 0.028278
v -0.049677 -0.007236 -0.022978
v -0.048811 -0.006733 -0.022958
v -0.049677 -0.007320 -0.019328
v -0.048811 -0.006818 -0.019308
v -0.049677 -0.018663 -0.022978
v -0.048811 -0.018161 -0.022958
v -0.049629 -0.014663 -0.023387
v -0.048840 -0.014205 -0.023369
v -0.049629 -0.011191 -0.023387
v -0.048840 -0.010733 -0.023369
v -0.048811 -0.018246 -0.019308
v -0.049677 -0.018748 -0.019328
v -0.048858 -0.014290 -0.018899
v -0.049648 -0.014748 -0.018917
v -0.048858 -0.010818 -0.018899
v -0.049648 -0.011276 -0.018917
v -0.049428 -0.017994 -0.069947
v -0.048562 -0.017492 -0.069928
v -0.049123 -0.014430 -0.070319
v -0.048333 -0.013972 -0.070302
v -0.048896 -0.011342 -0.070287
v -0.048107 -0.010884 -0.070269
v -0.048562 -0.017538 -0.067919
v -0.049428 -0.018041 -0.067938
v -0.048347 -0.014027 -0.067472
v -0.049137 -0.014484 -0.067490
v -0.048121 -0.010939 -0.067440
v -0.048910 -0.011396 -0.067457
v -0.049428 -0.017994 -0.112719
v -0.048562 -0.017492 -0.112700
v -0.049123 -0.014430 -0.113091
v -0.048333 -0.013972 -0.113074
v -0.048896 -0.011342 -0.113059
v -0.048107 -0.010884 -0.113041
v -0.048562 -0.017492 -0.109503
v -0.049428 -0.017994 -0.109522
v -0.048347 -0.013980 -0.109056
v -0.049137 -0.014438 -0.109074
v -0.048121 -0.010892 -0.109024
v -0.048910 -0.011350 -0.109041
v -0.038251 -0.019487 -0.128134
v -0.037598 -0.019166 -0.128120
v -0.038225 -0.016406 -0.128244
v -0.037630 -0.016114 -0.128231
v -0.038218 -0.013765 -0.127984
v -0.037622 -0.013473 -0.127971
v -0.039196 -0.018997 -0.125886
v -0.039879 -0.019344 -0.125900
v -0.039206 -0.016027 -0.125180
v -0.039829 -0.016342 -0.125194
v -0.039199 -0.013386 -0.124921
v -0.039822 -0.013701 -0.124934
v -0.027946 -0.020186 -0.141617
v -0.028416 -0.020350 -0.141627
v -0.027953 -0.017208 -0.140912
v -0.028382 -0.017357 -0.140920
v -0.027946 -0.014566 -0.140652
v -0.028375 -0.014716 -0.140661
v -0.026834 -0.020489 -0.143798
v -0.026393 -0.020350 -0.143789
v -0.026810 -0.017416 -0.143908
v -0.026409 -0.017290 -0.143900
v -0.026803 -0.014775 -0.143649
v -0.026402 -0.014649 -0.143640
v -0.023348 -0.016874 0.139211
v -0.022954 -0.016680 0.139219
v -0.022615 -0.016980 0.139890
v -0.022234 -0.016795 0.139898
v -0.037500 -0.014823 0.126108
v -0.036852 -0.014463 0.126122
v -0.036631 -0.014948 0.126912
v -0.035999 -0.014599 0.126926
v -0.048681 -0.011101 0.111280
v -0.047815 -0.010599 0.111300
v -0.048681 -0.011101 0.112573
v -0.047815 -0.010599 0.112592
v -0.048681 -0.011101 0.072043
v -0.047815 -0.010599 0.072062
v -0.048681 -0.011101 0.072910
v -0.047815 -0.010599 0.072930
v -0.048681 -0.010040 0.025415
v -0.047815 -0.009538 0.025434
v -0.048681 -0.010069 0.026660
v -0.047815 -0.009566 0.026679
v -0.049677 -0.007264 -0.021761
v -0.048811 -0.006762 -0.021742
v -0.049677 -0.007292 -0.020544
v -0.048811 -0.006790 -0.020525
v -0.048681 -0.007846 -0.069170
v -0.047815 -0.007343 -0.069151
v -0.048681 -0.007861 -0.068501
v -0.047815 -0.007359 -0.068481
v -0.047815 -0.007328 -0.110461
v -0.048681 -0.007830 -0.110481
v -0.047815 -0.007328 -0.111527
v -0.048681 -0.007830 -0.111546
v -0.038639 -0.010360 -0.125775
v -0.039313 -0.010698 -0.125790
v -0.038107 -0.010417 -0.126520
v -0.038770 -0.010746 -0.126534
v -0.027405 -0.011548 -0.141486
v -0.027865 -0.011703 -0.141496
v -0.026887 -0.011602 -0.142210
v -0.027338 -0.011749 -0.142219
v -0.001016 -0.001689 0.140174
v -0.001002 -0.001648 0.140141
v -0.011965 -0.007060 0.139937
v -0.011971 -0.007033 0.139903
v -0.011918 -0.007035 0.139938
v -0.011949 -0.007024 0.139904
v -0.000967 -0.001662 0.140175
v -0.000979 -0.001638 0.140141
v -0.000840 0.009692 0.127464
v -0.000823 0.009740 0.127424
v -0.018940 -0.000363 0.127063
v -0.018947 -0.000331 0.127023
v -0.018869 -0.000320 0.127065
v -0.018906 -0.000307 0.127024
v -0.000764 0.009737 0.127466
v -0.000779 0.009765 0.127425
v 0.010388 -0.007038 0.139938
v 0.010357 -0.007020 0.139939
v 0.010399 -0.007013 0.139904
v 0.010383 -0.007007 0.139904
v 0.017250 -0.000322 0.127065
v 0.017203 -0.000291 0.127066
v 0.017262 -0.000292 0.127024
v 0.017234 -0.000276 0.127025
v 0.020964 -0.012346 0.139704
v 0.020942 -0.012333 0.139705
v 0.020994 -0.012336 0.139669
v 0.020982 -0.012332 0.139670
v 0.034006 -0.010258 0.126668
v 0.033974 -0.010237 0.126669
v 0.034041 -0.010246 0.126627
v 0.034021 -0.010235 0.126628
v -0.000407 0.024468 0.113165
v -0.000407 0.024468 0.113231
v -0.024909 0.010221 0.112683
v -0.024909 0.010221 0.112617
v -0.024833 0.010268 0.112685
v -0.024833 0.010268 0.112619
v -0.000327 0.024518 0.113233
v -0.000327 0.024518 0.113167
v 0.023601 0.010311 0.112686
v 0.023601 0.010311 0.112620
v 0.023651 0.010277 0.112685
v 0.023651 0.010277 0.112619
v 0.046604 -0.006397 0.112100
v 0.046604 -0.006397 0.112034
v 0.046639 -0.006421 0.112099
v 0.046639 -0.006421 0.112033
v -0.000407 0.024468 0.073726
v -0.000407 0.024468 0.073770
v -0.024909 0.010221 0.073222
v -0.024909 0.010221 0.073178
v -0.024833 0.010268 0.073224
v -0.024833 0.010268 0.073179
v -0.000327 0.024518 0.073772
v -0.000327 0.024518 0.073727
v 0.023601 0.010311 0.073225
v 0.023601 0.010311 0.073181
v 0.023651 0.010277 0.073224
v 0.023651 0.010277 0.073180
v 0.046604 -0.006397 0.072639
v 0.046604 -0.006397 0.072594
v 0.046639 -0.006421 0.072638
v 0.046639 -0.006421 0.072594
v -0.000407 0.025517 0.027340
v -0.000407 0.025518 0.027277
v -0.024833 0.011319 0.026730
v -0.024833 0.011317 0.026794
v -0.024909 0.011272 0.026729
v -0.024909 0.011270 0.026793
v -0.000327 0.025568 0.027278
v -0.000327 0.025566 0.027342
v 0.023651 0.011328 0.026731
v 0.023651 0.011326 0.026795
v 0.023601 0.011361 0.026732
v 0.023601 0.011360 0.026796
v 0.046639 -0.005370 0.026145
v 0.046639 -0.005372 0.026208
v 0.046604 -0.005347 0.026145
v 0.046604 -0.005348 0.026209
v -0.000407 0.026611 -0.019708
v -0.000407 0.026612 -0.019770
v -0.024833 0.012413 -0.020316
v -0.024833 0.012411 -0.020254
v -0.024909 0.012366 -0.020318
v -0.024909 0.012364 -0.020255
v -0.000327 0.026662 -0.019768
v -0.000327 0.026660 -0.019706
v 0.023651 0.012422 -0.020316
v 0.023651 0.012420 -0.020253
v 0.023601 0.012455 -0.020314
v 0.023601 0.012454 -0.020252
v 0.046639 -0.004276 -0.020902
v 0.046639 -0.004278 -0.020840
v 0.046604 -0.004253 -0.020901
v 0.046604 -0.004254 -0.020839
v -0.000407 0.027723 -0.067547
v -0.000407 0.027724 -0.067581
v -0.024833 0.013524 -0.068128
v -0.024833 0.013524 -0.068093
v -0.024909 0.013478 -0.068129
v -0.024909 0.013477 -0.068095
v -0.000327 0.027774 -0.067580
v -0.000327 0.027773 -0.067545
v 0.023651 0.013534 -0.068127
v 0.023651 0.013533 -0.068093
v 0.023601 0.013567 -0.068126
v 0.023601 0.013566 -0.068092
v 0.046639 -0.003164 -0.068713
v 0.046639 -0.003165 -0.068679
v 0.046604 -0.003141 -0.068713
v 0.046604 -0.003142 -0.068678
v -0.000407 0.027747 -0.109770
v -0.000407 0.027747 -0.109715
v -0.024833 0.013547 -0.110316
v -0.024833 0.013547 -0.110261
v -0.024909 0.013501 -0.110317
v -0.024909 0.013501 -0.110263
v -0.000327 0.027797 -0.109768
v -0.000327 0.027797 -0.109713
v 0.023651 0.013557 -0.110315
v 0.023651 0.013557 -0.110261
v 0.023601 0.013590 -0.110314
v 0.023601 0.013590 -0.110260
v 0.046639 -0.003141 -0.110902
v 0.046639 -0.003141 -0.110847
v 0.046604 -0.003118 -0.110901
v 0.046604 -0.003118 -0.110846
v -0.001206 0.012699 -0.125189
v -0.001217 0.012662 -0.125229
v -0.020054 0.003252 -0.125638
v -0.020077 0.003259 -0.125599
v -0.020122 0.003213 -0.125639
v -0.020126 0.003237 -0.125600
v -0.001145 0.012703 -0.125227
v -0.001154 0.012724 -0.125188
v 0.018352 0.003251 -0.125637
v 0.018360 0.003273 -0.125599
v 0.018306 0.003279 -0.125636
v 0.018324 0.003289 -0.125598
v 0.036507 -0.006087 -0.126043
v 0.036527 -0.006080 -0.126005
v 0.036475 -0.006067 -0.126042
v 0.036502 -0.006069 -0.126004
v -0.001788 0.001388 -0.141180
v -0.001799 0.001352 -0.141218
v -0.014625 -0.002907 -0.141480
v -0.014647 -0.002899 -0.141443
v -0.014674 -0.002929 -0.141481
v -0.014678 -0.002905 -0.141443
v -0.001747 0.001375 -0.141217
v -0.001755 0.001395 -0.141180
v 0.012924 -0.002911 -0.141480
v 0.012932 -0.002890 -0.141442
v 0.012889 -0.002895 -0.141479
v 0.012907 -0.002885 -0.141442
v 0.026626 -0.007141 -0.141739
v 0.026646 -0.007134 -0.141702
v 0.026601 -0.007130 -0.141739
v 0.026628 -0.007131 -0.141702
v -0.022630 -0.012291 0.139706
v -0.022657 -0.012306 0.139706
v -0.022674 -0.012289 0.139672
v -0.022687 -0.012295 0.139671
v -0.036577 -0.010157 0.126672
v -0.036618 -0.010182 0.126671
v -0.036629 -0.010155 0.126631
v -0.036654 -0.010169 0.126630
v -0.048100 -0.006285 0.112104
v -0.048145 -0.006312 0.112103
v -0.048100 -0.006285 0.112038
v -0.048145 -0.006312 0.112037
v -0.048100 -0.006285 0.072643
v -0.048145 -0.006312 0.072642
v -0.048100 -0.006285 0.072599
v -0.048145 -0.006312 0.072598
v -0.048100 -0.005236 0.026214
v -0.048145 -0.005263 0.026213
v -0.048100 -0.005234 0.026150
v -0.048145 -0.005262 0.026149
v -0.049096 -0.002453 -0.020977
v -0.049140 -0.002480 -0.020978
v -0.049096 -0.002451 -0.021039
v -0.049140 -0.002478 -0.021040
v -0.048100 -0.003029 -0.068674
v -0.048145 -0.003057 -0.068675
v -0.048100 -0.003028 -0.068708
v -0.048145 -0.003056 -0.068709
v -0.048145 -0.003033 -0.110897
v -0.048100 -0.003006 -0.110896
v -0.048145 -0.003033 -0.110843
v -0.048100 -0.003006 -0.110842
v -0.038587 -0.006015 -0.126040
v -0.038548 -0.005992 -0.126039
v -0.038609 -0.006008 -0.126002
v -0.038581 -0.005994 -0.126001
v -0.027249 -0.007108 -0.141737
v -0.027220 -0.007095 -0.141737
v -0.027270 -0.007101 -0.141700
v -0.027252 -0.007097 -0.141700
v -0.000456 0.015208 0.106621
v -0.000460 0.014987 0.106619
v -0.000600 0.014887 0.119397
v -0.000596 0.015108 0.119400
v -0.000568 0.014925 0.106617
v -0.000564 0.015146 0.106619
v -0.000460 0.014987 0.067806
v -0.000456 0.015208 0.067808
v -0.000600 0.014887 0.079310
v -0.000596 0.015108 0.079313
v -0.000568 0.014925 0.067803
v -0.000564 0.015146 0.067806
v -0.000596 0.016111 0.033439
v -0.000600 0.015890 0.033437
v -0.000456 0.016299 0.020803
v -0.000460 0.016078 0.020801
v -0.000568 0.016015 0.020798
v -0.000564 0.016236 0.020801
v -0.000596 0.017204 -0.013650
v -0.000600 0.016983 -0.013653
v -0.000456 0.017389 -0.026202
v -0.000460 0.017168 -0.026204
v -0.000568 0.017106 -0.026207
v -0.000564 0.017326 -0.026204
v -0.000596 0.018332 -0.062296
v -0.000600 0.018111 -0.062299
v -0.000456 0.018479 -0.073207
v -0.000460 0.018259 -0.073209
v -0.000568 0.018196 -0.073212
v -0.000564 0.018417 -0.073209
v -0.000600 0.018158 -0.103883
v -0.000596 0.018379 -0.103880
v -0.000456 0.018479 -0.115979
v -0.000460 0.018259 -0.115981
v -0.000568 0.018196 -0.115984
v -0.000564 0.018417 -0.115981
v -0.001970 -0.007777 -0.147286
v -0.001971 -0.007975 -0.147306
v -0.001779 -0.007086 -0.136214
v -0.001779 -0.007284 -0.136234
v -0.002026 -0.007993 -0.147307
v -0.002025 -0.007795 -0.147287
v -0.001109 0.004042 -0.120213
v -0.001109 0.004240 -0.120193
v -0.001438 0.003305 -0.131345
v -0.001437 0.003503 -0.131326
v -0.001519 0.003265 -0.131347
v -0.001519 0.003463 -0.131328
v -0.001026 0.002206 0.121271
v -0.001025 0.002404 0.121290
v -0.000777 -0.000769 0.132478
v -0.000776 -0.000571 0.132497
v -0.001108 0.002160 0.121269
v -0.001108 0.002358 0.121288
v -0.001210 -0.009332 0.134165
v -0.001209 -0.009134 0.134184
v -0.001007 -0.011981 0.145009
v -0.001007 -0.011783 0.145028
v -0.001261 -0.009357 0.134164
v -0.001260 -0.009159 0.134183
v -0.025069 0.000714 0.106069
v -0.024967 0.000773 0.106071
v -0.025065 0.000935 0.106071
v -0.024963 0.000994 0.106073
v -0.025108 0.000672 0.118849
v -0.025209 0.000613 0.118847
v -0.025104 0.000893 0.118852
v -0.025205 0.000834 0.118850
v -0.025069 0.000714 0.067255
v -0.024967 0.000773 0.067258
v -0.025065 0.000935 0.067258
v -0.024963 0.000994 0.067260
v -0.025108 0.000672 0.078762
v -0.025209 0.000613 0.078760
v -0.025104 0.000893 0.078765
v -0.025205 0.000834 0.078762
v -0.025108 0.001676 0.032889
v -0.025209 0.001617 0.032887
v -0.025104 0.001897 0.032891
v -0.025205 0.001838 0.032889
v -0.025069 0.001804 0.020250
v -0.024967 0.001863 0.020253
v -0.025065 0.002025 0.020253
v -0.024963 0.002084 0.020255
v -0.025069 0.002895 -0.026755
v -0.024967 0.002953 -0.026752
v -0.025065 0.003115 -0.026752
v -0.024963 0.003174 -0.026750
v -0.025108 0.002768 -0.014201
v -0.025209 0.002709 -0.014203
v -0.025104 0.002989 -0.014198
v -0.025205 0.002930 -0.014200
v -0.025069 0.003985 -0.073759
v -0.024967 0.004044 -0.073757
v -0.025065 0.004206 -0.073757
v -0.024963 0.004265 -0.073755
v -0.025108 0.003897 -0.062847
v -0.025209 0.003838 -0.062849
v -0.025104 0.004117 -0.062844
v -0.025205 0.004059 -0.062847
v -0.025108 0.003943 -0.104431
v -0.025209 0.003884 -0.104433
v -0.025104 0.004164 -0.104428
v -0.025205 0.004105 -0.104430
v -0.025069 0.003985 -0.116532
v -0.024967 0.004044 -0.116529
v -0.025065 0.004206 -0.116529
v -0.024963 0.004265 -0.116527
v -0.018231 -0.010377 0.132092
v -0.018304 -0.010417 0.132090
v -0.018231 -0.010179 0.132111
v -0.018303 -0.010219 0.132109
v -0.019881 -0.008309 0.120852
v -0.019804 -0.008266 0.120854
v -0.019881 -0.008111 0.120872
v -0.019803 -0.008068 0.120874
v -0.020002 -0.005800 -0.131747
v -0.019926 -0.005763 -0.131746
v -0.020002 -0.005602 -0.131728
v -0.019925 -0.005565 -0.131726
v -0.020456 -0.005760 -0.120634
v -0.020536 -0.005801 -0.120636
v -0.020455 -0.005562 -0.120615
v -0.020535 -0.005602 -0.120616
v -0.014491 -0.011913 -0.147559
v -0.014439 -0.011896 -0.147558
v -0.014490 -0.011715 -0.147540
v -0.014439 -0.011698 -0.147539
v -0.015082 -0.011918 -0.136507
v -0.015137 -0.011937 -0.136508
v -0.015081 -0.011720 -0.136488
v -0.015136 -0.011739 -0.136489
v -0.012777 -0.015087 0.133914
v -0.012730 -0.015063 0.133915
v -0.012777 -0.014889 0.133933
v -0.012729 -0.014865 0.133934
v -0.011409 -0.016982 0.144784
v -0.011452 -0.017003 0.144783
v -0.011408 -0.016784 0.144804
v -0.011452 -0.016805 0.144803
v -0.000708 0.014824 0.119395
v -0.000704 0.015045 0.119398
v -0.000708 0.014824 0.079308
v -0.000704 0.015045 0.079310
v -0.000708 0.015828 0.033434
v -0.000704 0.016049 0.033437
v -0.000708 0.016920 -0.013655
v -0.000704 0.017141 -0.013653
v -0.000708 0.018049 -0.062301
v -0.000704 0.018270 -0.062299
v -0.000708 0.018095 -0.103885
v -0.000704 0.018316 -0.103883
v -0.001838 -0.007304 -0.136235
v -0.001837 -0.007106 -0.136216
v -0.001195 0.003999 -0.120215
v -0.001194 0.004197 -0.120195
v -0.000854 -0.000812 0.132476
v -0.000853 -0.000613 0.132496
v -0.001053 -0.012003 0.145008
v -0.001052 -0.011805 0.145027
v 0.004633 -0.007902 0.140160
v 0.004630 -0.007941 0.140205
v -0.006630 -0.008077 0.140017
v -0.006628 -0.008115 0.140062
v 0.014877 -0.013472 0.141716
v 0.014851 -0.013495 0.141762
v 0.005553 -0.012362 0.137740
v 0.005530 -0.012386 0.137786
v -0.007065 -0.012264 0.137770
v -0.007043 -0.012289 0.137816
v -0.016961 -0.013619 0.141797
v -0.016934 -0.013641 0.141842
v 0.017178 -0.017665 0.136329
v 0.017133 -0.017674 0.136375
v -0.019132 -0.017589 0.136233
v -0.019084 -0.017598 0.136279
v 0.024431 -0.018788 0.142582
v 0.024479 -0.018782 0.142536
v -0.026358 -0.018783 0.142696
v -0.026409 -0.018776 0.142650
v -0.026374 -0.024776 0.142107
v -0.026425 -0.024770 0.142060
v -0.026374 -0.024578 0.142126
v -0.026425 -0.024572 0.142080
v -0.026359 -0.018981 0.142677
v -0.026410 -0.018974 0.142630
v -0.019149 -0.023583 0.135644
v -0.019100 -0.023592 0.135690
v -0.019148 -0.023385 0.135663
v -0.019100 -0.023393 0.135709
v -0.019133 -0.017787 0.136214
v -0.019085 -0.017796 0.136260
v 0.024462 -0.024775 0.141946
v 0.024415 -0.024782 0.141993
v 0.024463 -0.024577 0.141966
v 0.024415 -0.024584 0.142012
v 0.024478 -0.018980 0.142516
v 0.024431 -0.018986 0.142563
v 0.017117 -0.023667 0.135786
v 0.017162 -0.023659 0.135740
v 0.017117 -0.023469 0.135805
v 0.017163 -0.023461 0.135759
v 0.017132 -0.017872 0.136356
v 0.017178 -0.017863 0.136310
v 0.005514 -0.018380 0.137197
v 0.005537 -0.018355 0.137151
v 0.005514 -0.018182 0.137216
v 0.005537 -0.018157 0.137170
v 0.005529 -0.012585 0.137767
v 0.005552 -0.012560 0.137721
v 0.014860 -0.019466 0.141127
v 0.014834 -0.019489 0.141172
v 0.014861 -0.019268 0.141146
v 0.014835 -0.019291 0.141192
v 0.014876 -0.013670 0.141697
v 0.014850 -0.013693 0.141742
v -0.006644 -0.014109 0.139472
v -0.006646 -0.014070 0.139427
v -0.006644 -0.013911 0.139492
v -0.006646 -0.013872 0.139447
v -0.006628 -0.008313 0.140042
v -0.006630 -0.008275 0.139997
v 0.004617 -0.013896 0.139570
v 0.004613 -0.013935 0.139616
v 0.004617 -0.013698 0.139590
v 0.004614 -0.013737 0.139635
v 0.004633 -0.008100 0.140140
v 0.004629 -0.008140 0.140186
v -0.016951 -0.019635 0.141253
v -0.016978 -0.019613 0.141207
v -0.016950 -0.019437 0.141272
v -0.016977 -0.019415 0.141227
v -0.016935 -0.013839 0.141823
v -0.016962 -0.013817 0.141777
v -0.007082 -0.018257 0.137180
v -0.007059 -0.018283 0.137226
v -0.007081 -0.018059 0.137200
v -0.007059 -0.018085 0.137246
v -0.007066 -0.012462 0.137750
v -0.007043 -0.012487 0.137796
v 0.005613 0.003199 0.127433
v 0.005609 0.003152 0.127487
v -0.007132 0.002840 0.127284
v -0.007130 0.002794 0.127337
v 0.022139 -0.007065 0.128825
v 0.022109 -0.007092 0.128879
v 0.012006 -0.005349 0.124870
v 0.011979 -0.005379 0.124924
v -0.013382 -0.005145 0.124903
v -0.013355 -0.005175 0.124958
v -0.024579 -0.007350 0.128900
v -0.024547 -0.007377 0.128955
v 0.029940 -0.015365 0.123293
v 0.029886 -0.015375 0.123348
v -0.032715 -0.015217 0.123200
v -0.032658 -0.015227 0.123255
v 0.037750 -0.016912 0.129540
v 0.037806 -0.016905 0.129485
v -0.040690 -0.016907 0.129654
v -0.040750 -0.016899 0.129599
v -0.024563 -0.013370 0.128365
v -0.024595 -0.013344 0.128311
v -0.024563 -0.013172 0.128385
v -0.024595 -0.013146 0.128330
v -0.024548 -0.007575 0.128935
v -0.024580 -0.007548 0.128881
v -0.013398 -0.011139 0.124314
v -0.013372 -0.011169 0.124368
v -0.013398 -0.010941 0.124333
v -0.013371 -0.010971 0.124388
v -0.013382 -0.005343 0.124884
v -0.013356 -0.005373 0.124938
v -0.032732 -0.021211 0.122611
v -0.032674 -0.021221 0.122665
v -0.032731 -0.021012 0.122630
v -0.032674 -0.021022 0.122685
v -0.032716 -0.015415 0.123181
v -0.032658 -0.015425 0.123236
v -0.040706 -0.022900 0.129065
v -0.040767 -0.022893 0.129010
v -0.040706 -0.022702 0.129084
v -0.040766 -0.022695 0.129029
v -0.040691 -0.017105 0.129635
v -0.040751 -0.017097 0.129580
v 0.029869 -0.021369 0.122759
v 0.029923 -0.021359 0.122704
v 0.029870 -0.021171 0.122778
v 0.029924 -0.021161 0.122723
v 0.029885 -0.015573 0.123329
v 0.029939 -0.015563 0.123274
v 0.037790 -0.022898 0.128896
v 0.037734 -0.022906 0.128951
v 0.037790 -0.022700 0.128915
v 0.037734 -0.022708 0.128970
v 0.037806 -0.017103 0.129466
v 0.037749 -0.017111 0.129521
v 0.011963 -0.011373 0.124335
v 0.011990 -0.011343 0.124281
v 0.011963 -0.011174 0.124354
v 0.011991 -0.011145 0.124300
v 0.011979 -0.005577 0.124905
v 0.012006 -0.005547 0.124851
v 0.022123 -0.013058 0.128235
v 0.022092 -0.013085 0.128290
v 0.022124 -0.012860 0.128255
v 0.022093 -0.012887 0.128309
v 0.022139 -0.007263 0.128805
v 0.022108 -0.007290 0.128860
v -0.007146 -0.003200 0.126748
v -0.007148 -0.003154 0.126694
v -0.007146 -0.003002 0.126767
v -0.007148 -0.002956 0.126714
v -0.007130 0.002596 0.127318
v -0.007132 0.002642 0.127264
v 0.005597 -0.002795 0.126844
v 0.005593 -0.002841 0.126897
v 0.005598 -0.002597 0.126863
v 0.005593 -0.002643 0.126917
v 0.005613 0.003001 0.127414
v 0.005609 0.002954 0.127467
v 0.023517 0.003939 -0.104431
v 0.023451 0.003981 -0.104429
v 0.023521 0.004160 -0.104428
v 0.023455 0.004202 -0.104427
v 0.023301 0.004087 -0.116528
v 0.023368 0.004045 -0.116529
v 0.023305 0.004308 -0.116525
v 0.023372 0.004266 -0.116527
v 0.023301 0.004087 -0.073756
v 0.023368 0.004045 -0.073757
v 0.023305 0.004308 -0.073753
v 0.023372 0.004266 -0.073755
v 0.023517 0.003893 -0.062847
v 0.023451 0.003934 -0.062845
v 0.023521 0.004114 -0.062844
v 0.023455 0.004155 -0.062843
v 0.023301 0.002997 -0.026751
v 0.023368 0.002955 -0.026752
v 0.023305 0.003218 -0.026748
v 0.023372 0.003176 -0.026750
v 0.023517 0.002764 -0.014201
v 0.023451 0.002806 -0.014199
v 0.023521 0.002985 -0.014198
v 0.023455 0.003027 -0.014197
v 0.023301 0.001906 0.020254
v 0.023368 0.001864 0.020253
v 0.023305 0.002127 0.020257
v 0.023372 0.002085 0.020255
v 0.023517 0.001672 0.032889
v 0.023451 0.001714 0.032890
v 0.023521 0.001893 0.032891
v 0.023455 0.001935 0.032893
v 0.023517 0.000668 0.078762
v 0.023451 0.000710 0.078764
v 0.023521 0.000889 0.078765
v 0.023455 0.000931 0.078766
v 0.023301 0.000816 0.067259
v 0.023368 0.000774 0.067258
v 0.023305 0.001037 0.067262
v 0.023372 0.000995 0.067260
v 0.023517 0.000668 0.118849
v 0.023451 0.000710 0.118851
v 0.023521 0.000889 0.118852
v 0.023455 0.000931 0.118853
v 0.023301 0.000816 0.106073
v 0.023368 0.000774 0.106071
v 0.023305 0.001037 0.106075
v 0.023372 0.000995 0.106074
v 0.012423 -0.011885 -0.147558
v 0.012463 -0.011897 -0.147559
v 0.012424 -0.011687 -0.147538
v 0.012464 -0.011699 -0.147539
v 0.013114 -0.011918 -0.136507
v 0.013072 -0.011904 -0.136506
v 0.013114 -0.011720 -0.136487
v 0.013073 -0.011706 -0.136487
v 0.017905 -0.005737 -0.131745
v 0.017958 -0.005764 -0.131746
v 0.017906 -0.005539 -0.131725
v 0.017959 -0.005566 -0.131726
v 0.018482 -0.005760 -0.120634
v 0.018427 -0.005731 -0.120633
v 0.018483 -0.005562 -0.120615
v 0.018428 -0.005533 -0.120614
v 0.016339 -0.010377 0.132091
v 0.016290 -0.010349 0.132092
v 0.016339 -0.010179 0.132111
v 0.016291 -0.010151 0.132112
v 0.017862 -0.008237 0.120856
v 0.017914 -0.008268 0.120854
v 0.017863 -0.008039 0.120875
v 0.017914 -0.008070 0.120874
v 0.010886 -0.015048 0.133916
v 0.010919 -0.015064 0.133915
v 0.010887 -0.014850 0.133935
v 0.010920 -0.014866 0.133934
v 0.009607 -0.016982 0.144784
v 0.009577 -0.016967 0.144785
v 0.009608 -0.016784 0.144804
v 0.009578 -0.016769 0.144804
v 0.025834 -0.015763 -0.147808
v 0.025862 -0.015771 -0.147808
v 0.025834 -0.015565 -0.147788
v 0.025862 -0.015573 -0.147789
v 0.027128 -0.016497 -0.136777
v 0.027099 -0.016487 -0.136776
v 0.027129 -0.016299 -0.136757
v 0.027099 -0.016289 -0.136757
v 0.035764 -0.014704 -0.132140
v 0.035801 -0.014723 -0.132141
v 0.035764 -0.014506 -0.132121
v 0.035801 -0.014525 -0.132122
v 0.036958 -0.015444 -0.121051
v 0.036920 -0.015424 -0.121050
v 0.036959 -0.015246 -0.121031
v 0.036920 -0.015226 -0.121030
v 0.046015 -0.012820 -0.117112
v 0.046062 -0.012849 -0.117113
v 0.046032 -0.012588 -0.117109
v 0.046079 -0.012618 -0.117110
v 0.046212 -0.012954 -0.105014
v 0.046166 -0.012925 -0.105013
v 0.046229 -0.012723 -0.105012
v 0.046183 -0.012693 -0.105011
v 0.046212 -0.013001 -0.063430
v 0.046166 -0.012971 -0.063429
v 0.046229 -0.012769 -0.063428
v 0.046183 -0.012740 -0.063427
v 0.046015 -0.012820 -0.074339
v 0.046062 -0.012849 -0.074341
v 0.046032 -0.012588 -0.074337
v 0.046079 -0.012618 -0.074338
v 0.046015 -0.013910 -0.027334
v 0.046062 -0.013940 -0.027336
v 0.046032 -0.013679 -0.027332
v 0.046079 -0.013708 -0.027333
v 0.046212 -0.014129 -0.014784
v 0.046166 -0.014100 -0.014783
v 0.046229 -0.013898 -0.014782
v 0.046183 -0.013868 -0.014781
v 0.046212 -0.015222 0.032305
v 0.046166 -0.015192 0.032306
v 0.046229 -0.014990 0.032308
v 0.046183 -0.014961 0.032309
v 0.046015 -0.015001 0.019671
v 0.046062 -0.015030 0.019669
v 0.046032 -0.014769 0.019673
v 0.046079 -0.014799 0.019672
v 0.046212 -0.016225 0.078179
v 0.046166 -0.016196 0.078180
v 0.046229 -0.015994 0.078181
v 0.046183 -0.015964 0.078182
v 0.046015 -0.016091 0.066676
v 0.046062 -0.016121 0.066674
v 0.046032 -0.015860 0.066678
v 0.046079 -0.015889 0.066677
v 0.046212 -0.016225 0.118266
v 0.046166 -0.016196 0.118267
v 0.046229 -0.015994 0.118268
v 0.046183 -0.015964 0.118269
v 0.046015 -0.016091 0.105489
v 0.046062 -0.016121 0.105488
v 0.046032 -0.015860 0.105491
v 0.046079 -0.015889 0.105490
v 0.032467 -0.019656 0.132416
v 0.032520 -0.019687 0.132415
v 0.032466 -0.019969 0.132385
v 0.032519 -0.020000 0.132384
v 0.035215 -0.018593 0.120444
v 0.035251 -0.018614 0.120443
v 0.035215 -0.018395 0.120463
v 0.035252 -0.018416 0.120462
v 0.019709 -0.021923 0.144563
v 0.019687 -0.021913 0.144563
v 0.019709 -0.021725 0.144582
v 0.019688 -0.021715 0.144583
v 0.021964 -0.020715 0.133668
v 0.021987 -0.020727 0.133668
v 0.021964 -0.020517 0.133688
v 0.021987 -0.020529 0.133687
v 0.006738 0.017464 0.112972
v 0.006738 0.017464 0.113060
v -0.007341 0.017067 0.112950
v -0.007341 0.017067 0.113038
v -0.018347 0.005356 0.112505
v -0.018347 0.005356 0.112593
v -0.031703 0.002937 0.112405
v -0.031703 0.002937 0.112493
v 0.029382 0.003195 0.112421
v 0.029382 0.003195 0.112510
v 0.017563 0.005196 0.112492
v 0.017563 0.005196 0.112581
v -0.007463 0.010381 0.112961
v -0.007463 0.010381 0.112872
v -0.007459 0.010602 0.112963
v -0.007459 0.010602 0.112875
v -0.007345 0.016846 0.113036
v -0.007345 0.016846 0.112947
v 0.006615 0.010778 0.112894
v 0.006615 0.010778 0.112982
v 0.006619 0.010999 0.112897
v 0.006619 0.010999 0.112985
v 0.006734 0.017243 0.112969
v 0.006734 0.017243 0.113057
v 0.017440 -0.001490 0.112503
v 0.017440 -0.001490 0.112415
v 0.017444 -0.001269 0.112506
v 0.017444 -0.001269 0.112417
v 0.017559 0.004975 0.112578
v 0.017559 0.004975 0.112490
v 0.029259 -0.003492 0.112344
v 0.029259 -0.003492 0.112432
v 0.029263 -0.003271 0.112346
v 0.029263 -0.003271 0.112435
v 0.029378 0.002974 0.112419
v 0.029378 0.002974 0.112507
v -0.031826 -0.003750 0.112416
v -0.031826 -0.003750 0.112328
v -0.031822 -0.003529 0.112418
v -0.031822 -0.003529 0.112330
v -0.031707 0.002716 0.112491
v -0.031707 0.002716 0.112403
v -0.018470 -0.001330 0.112427
v -0.018470 -0.001330 0.112516
v -0.018466 -0.001109 0.112430
v -0.018466 -0.001109 0.112518
v -0.018351 0.005135 0.112502
v -0.018351 0.005135 0.112591
v 0.051840 -0.013508 0.111846
v 0.051840 -0.013508 0.111935
v -0.054103 -0.012856 0.111935
v -0.054103 -0.012856 0.111846
v 0.040919 -0.011570 0.111896
v 0.040919 -0.011570 0.111984
v -0.042626 -0.012001 0.111905
v -0.042626 -0.012001 0.111993
v -0.043140 -0.019009 0.111831
v -0.043140 -0.019009 0.111919
v -0.043123 -0.018777 0.111833
v -0.043123 -0.018777 0.111922
v -0.042643 -0.012233 0.111902
v -0.042643 -0.012233 0.111990
v -0.054617 -0.019863 0.111861
v -0.054617 -0.019863 0.111773
v -0.054600 -0.019632 0.111863
v -0.054600 -0.019632 0.111775
v -0.054120 -0.013087 0.111932
v -0.054120 -0.013087 0.111844
v 0.040405 -0.018577 0.111911
v 0.040405 -0.018577 0.111822
v 0.040422 -0.018345 0.111913
v 0.040422 -0.018345 0.111825
v 0.040902 -0.011801 0.111982
v 0.040902 -0.011801 0.111894
v 0.051325 -0.020515 0.111773
v 0.051325 -0.020515 0.111861
v 0.051342 -0.020284 0.111775
v 0.051342 -0.020284 0.111863
v 0.051823 -0.013739 0.111844
v 0.051823 -0.013739 0.111932
v 0.006738 0.017464 0.073536
v 0.006738 0.017464 0.073595
v -0.007341 0.017067 0.073514
v -0.007341 0.017067 0.073573
v -0.018347 0.005356 0.073069
v -0.018347 0.005356 0.073128
v -0.031703 0.002937 0.072969
v -0.031703 0.002937 0.073029
v 0.029382 0.003195 0.072986
v 0.029382 0.003195 0.073045
v 0.017563 0.005196 0.073057
v 0.017563 0.005196 0.073116
v 0.006615 0.010778 0.073458
v 0.006615 0.010778 0.073518
v 0.006619 0.010999 0.073461
v 0.006619 0.010999 0.073520
v 0.006734 0.017243 0.073533
v 0.006734 0.017243 0.073593
v -0.007463 0.010381 0.073496
v -0.007463 0.010381 0.073437
v -0.007459 0.010602 0.073499
v -0.007459 0.010602 0.073439
v -0.007345 0.016846 0.073571
v -0.007345 0.016846 0.073512
v 0.017440 -0.001490 0.073038
v 0.017440 -0.001490 0.072979
v 0.017444 -0.001269 0.073041
v 0.017444 -0.001269 0.072982
v 0.017559 0.004975 0.073113
v 0.017559 0.004975 0.073054
v 0.029259 -0.003492 0.072908
v 0.029259 -0.003492 0.072967
v 0.029263 -0.003271 0.072911
v 0.029263 -0.003271 0.072970
v 0.029378 0.002974 0.072983
v 0.029378 0.002974 0.073042
v -0.031826 -0.003750 0.072951
v -0.031826 -0.003750 0.072892
v -0.031822 -0.003529 0.072954
v -0.031822 -0.003529 0.072894
v -0.031707 0.002716 0.073026
v -0.031707 0.002716 0.072967
v -0.018470 -0.001330 0.072991
v -0.018470 -0.001330 0.073051
v -0.018466 -0.001109 0.072994
v -0.018466 -0.001109 0.073053
v -0.018351 0.005135 0.073066
v -0.018351 0.005135 0.073126
v -0.054103 -0.012856 0.072470
v -0.054103 -0.012856 0.072411
v 0.051840 -0.013508 0.072411
v 0.051840 -0.013508 0.072470
v 0.040919 -0.011570 0.072460
v 0.040919 -0.011570 0.072520
v -0.042626 -0.012001 0.072469
v -0.042626 -0.012001 0.072528
v -0.054617 -0.019863 0.072396
v -0.054617 -0.019863 0.072337
v -0.054600 -0.019632 0.072399
v -0.054600 -0.019632 0.072339
v -0.054120 -0.013087 0.072468
v -0.054120 -0.013087 0.072408
v -0.043140 -0.019009 0.072395
v -0.043140 -0.019009 0.072454
v -0.043123 -0.018777 0.072398
v -0.043123 -0.018777 0.072457
v -0.042643 -0.012233 0.072466
v -0.042643 -0.012233 0.072526
v 0.051325 -0.020515 0.072337
v 0.051325 -0.020515 0.072396
v 0.051342 -0.020284 0.072339
v 0.051342 -0.020284 0.072399
v 0.051823 -0.013739 0.072408
v 0.051823 -0.013739 0.072468
v 0.040405 -0.018577 0.072446
v 0.040405 -0.018577 0.072387
v 0.040422 -0.018345 0.072448
v 0.040422 -0.018345 0.072389
v 0.040902 -0.011801 0.072517
v 0.040902 -0.011801 0.072458
v 0.006738 0.018510 0.027167
v 0.006738 0.018512 0.027082
v -0.007341 0.018113 0.027149
v -0.007341 0.018115 0.027064
v -0.018347 0.006403 0.026700
v -0.018347 0.006404 0.026615
v -0.031703 0.003983 0.026604
v -0.031703 0.003985 0.026519
v 0.029382 0.004241 0.026617
v 0.029382 0.004243 0.026532
v 0.017563 0.006242 0.026691
v 0.017563 0.006244 0.026606
v -0.007463 0.011427 0.027072
v -0.007463 0.011429 0.026986
v -0.007459 0.011648 0.027074
v -0.007459 0.011650 0.026989
v -0.007345 0.017892 0.027147
v -0.007345 0.017894 0.027061
v 0.006615 0.011826 0.027004
v 0.006615 0.011824 0.027089
v 0.006619 0.012047 0.027007
v 0.006619 0.012045 0.027092
v 0.006734 0.018291 0.027079
v 0.006734 0.018289 0.027164
v 0.017440 -0.000444 0.026614
v 0.017440 -0.000442 0.026529
v 0.017444 -0.000223 0.026616
v 0.017444 -0.000221 0.026531
v 0.017559 0.006022 0.026689
v 0.017559 0.006023 0.026604
v 0.029259 -0.002443 0.026454
v 0.029259 -0.002445 0.026539
v 0.029263 -0.002223 0.026457
v 0.029263 -0.002224 0.026542
v 0.029378 0.004022 0.026529
v 0.029378 0.004020 0.026614
v -0.031826 -0.002704 0.026527
v -0.031826 -0.002702 0.026442
v -0.031822 -0.002483 0.026529
v -0.031822 -0.002481 0.026444
v -0.031707 0.003762 0.026602
v -0.031707 0.003764 0.026517
v -0.018470 -0.000282 0.026538
v -0.018470 -0.000284 0.026623
v -0.018466 -0.000061 0.026540
v -0.018466 -0.000063 0.026625
v -0.018351 0.006184 0.026612
v -0.018351 0.006182 0.026698
v 0.051840 -0.012462 0.026036
v 0.051840 -0.012460 0.025951
v -0.054103 -0.011810 0.026051
v -0.054103 -0.011808 0.025966
v 0.040919 -0.010524 0.026101
v 0.040919 -0.010522 0.026016
v -0.042626 -0.010955 0.026094
v -0.042626 -0.010953 0.026009
v -0.043140 -0.017961 0.025935
v -0.043140 -0.017963 0.026020
v -0.043123 -0.017729 0.025938
v -0.043123 -0.017731 0.026023
v -0.042643 -0.011185 0.026007
v -0.042643 -0.011187 0.026092
v -0.054617 -0.018817 0.025978
v -0.054617 -0.018815 0.025892
v -0.054600 -0.018586 0.025980
v -0.054600 -0.018584 0.025895
v -0.054120 -0.012041 0.026049
v -0.054120 -0.012039 0.025964
v 0.040405 -0.017531 0.026027
v 0.040405 -0.017529 0.025942
v 0.040422 -0.017299 0.026030
v 0.040422 -0.017298 0.025944
v 0.040902 -0.010755 0.026098
v 0.040902 -0.010753 0.026013
v 0.051325 -0.019467 0.025877
v 0.051325 -0.019469 0.025962
v 0.051342 -0.019236 0.025880
v 0.051342 -0.019238 0.025965
v 0.051823 -0.012691 0.025949
v 0.051823 -0.012693 0.026034
v 0.006738 0.019602 -0.019881
v 0.006738 0.019604 -0.019964
v -0.007341 0.019204 -0.019899
v -0.007341 0.019206 -0.019982
v -0.018347 0.007494 -0.020348
v -0.018347 0.007496 -0.020431
v -0.031703 0.005074 -0.020444
v -0.031703 0.005076 -0.020527
v 0.029382 0.005332 -0.020431
v 0.029382 0.005334 -0.020515
v 0.017563 0.007334 -0.020357
v 0.017563 0.007336 -0.020440
v 0.006615 0.012917 -0.020042
v 0.006615 0.012915 -0.019959
v 0.006619 0.013138 -0.020039
v 0.006619 0.013136 -0.019956
v 0.006734 0.019383 -0.019967
v 0.006734 0.019381 -0.019884
v -0.007463 0.012518 -0.019977
v -0.007463 0.012520 -0.020060
v -0.007459 0.012739 -0.019974
v -0.007459 0.012741 -0.020057
v -0.007345 0.018983 -0.019902
v -0.007345 0.018985 -0.019985
v 0.017440 0.000648 -0.020434
v 0.017440 0.000650 -0.020517
v 0.017444 0.000869 -0.020432
v 0.017444 0.000870 -0.020515
v 0.017559 0.007113 -0.020359
v 0.017559 0.007115 -0.020443
v 0.029259 -0.001352 -0.020592
v 0.029259 -0.001354 -0.020509
v 0.029263 -0.001131 -0.020590
v 0.029263 -0.001133 -0.020506
v 0.029378 0.005113 -0.020517
v 0.029378 0.005111 -0.020434
v -0.031826 -0.001612 -0.020521
v -0.031826 -0.001610 -0.020605
v -0.031822 -0.001391 -0.020519
v -0.031822 -0.001389 -0.020602
v -0.031707 0.004853 -0.020446
v -0.031707 0.004855 -0.020530
v -0.018470 0.000810 -0.020509
v -0.018470 0.000808 -0.020426
v -0.018466 0.001031 -0.020506
v -0.018466 0.001029 -0.020423
v -0.018351 0.007275 -0.020434
v -0.018351 0.007273 -0.020351
v 0.051840 -0.011370 -0.021012
v 0.051840 -0.011368 -0.021095
v 0.040919 -0.009432 -0.020947
v 0.040919 -0.009430 -0.021031
v -0.054994 -0.009556 -0.021131
v -0.054994 -0.009554 -0.021214
v -0.043493 -0.008049 -0.021072
v -0.043493 -0.008047 -0.021156
v -0.054994 -0.017434 -0.021131
v -0.054994 -0.017432 -0.021214
v -0.054994 -0.017174 -0.021131
v -0.054994 -0.017172 -0.021214
v -0.054994 -0.009816 -0.021131
v -0.054994 -0.009814 -0.021214
v -0.043493 -0.015926 -0.021156
v -0.043493 -0.015928 -0.021072
v -0.043493 -0.015665 -0.021156
v -0.043493 -0.015667 -0.021072
v -0.043493 -0.008307 -0.021156
v -0.043493 -0.008309 -0.021072
v 0.040405 -0.016440 -0.021021
v 0.040405 -0.016438 -0.021104
v 0.040422 -0.016208 -0.021019
v 0.040422 -0.016206 -0.021102
v 0.040902 -0.009664 -0.020950
v 0.040902 -0.009662 -0.021033
v 0.051325 -0.018376 -0.021169
v 0.051325 -0.018378 -0.021086
v 0.051342 -0.018144 -0.021167
v 0.051342 -0.018146 -0.021083
v 0.051823 -0.011600 -0.021098
v 0.051823 -0.011602 -0.021014
v 0.006738 0.020712 -0.067726
v 0.006738 0.020713 -0.067771
v -0.007341 0.020314 -0.067743
v -0.007341 0.020315 -0.067789
v -0.018347 0.008604 -0.068192
v -0.018347 0.008605 -0.068238
v -0.031703 0.006184 -0.068288
v -0.031703 0.006185 -0.068334
v 0.029382 0.006442 -0.068276
v 0.029382 0.006443 -0.068321
v 0.017563 0.008444 -0.068201
v 0.017563 0.008445 -0.068247
v 0.006615 0.014026 -0.067849
v 0.006615 0.014025 -0.067803
v 0.006619 0.014247 -0.067846
v 0.006619 0.014246 -0.067801
v 0.006734 0.020492 -0.067774
v 0.006734 0.020491 -0.067728
v -0.007463 0.013628 -0.067821
v -0.007463 0.013629 -0.067867
v -0.007459 0.013849 -0.067818
v -0.007459 0.013850 -0.067864
v -0.007345 0.020093 -0.067746
v -0.007345 0.020094 -0.067792
v 0.017440 0.001757 -0.068279
v 0.017440 0.001758 -0.068324
v 0.017444 0.001978 -0.068276
v 0.017444 0.001979 -0.068322
v 0.017559 0.008223 -0.068204
v 0.017559 0.008224 -0.068249
v 0.029259 -0.000243 -0.068399
v 0.029259 -0.000244 -0.068353
v 0.029263 -0.000022 -0.068396
v 0.029263 -0.000023 -0.068351
v 0.029378 0.006222 -0.068324
v 0.029378 0.006221 -0.068278
v -0.031826 -0.000502 -0.068366
v -0.031826 -0.000501 -0.068411
v -0.031822 -0.000281 -0.068363
v -0.031822 -0.000280 -0.068409
v -0.031707 0.005963 -0.068291
v -0.031707 0.005964 -0.068336
v -0.018470 0.001919 -0.068316
v -0.018470 0.001917 -0.068270
v -0.018466 0.002139 -0.068313
v -0.018466 0.002138 -0.068267
v -0.018351 0.008384 -0.068241
v -0.018351 0.008383 -0.068195
v 0.051840 -0.010260 -0.068856
v 0.051840 -0.010259 -0.068902
v -0.054103 -0.009608 -0.068841
v -0.054103 -0.009607 -0.068887
v 0.040919 -0.008322 -0.068792
v 0.040919 -0.008321 -0.068837
v -0.042626 -0.008754 -0.068798
v -0.042626 -0.008753 -0.068844
v -0.043140 -0.015760 -0.068918
v -0.043140 -0.015761 -0.068872
v -0.043123 -0.015529 -0.068915
v -0.043123 -0.015530 -0.068870
v -0.042643 -0.008984 -0.068846
v -0.042643 -0.008985 -0.068801
v -0.054617 -0.016616 -0.068915
v -0.054617 -0.016615 -0.068961
v -0.054600 -0.016384 -0.068912
v -0.054600 -0.016383 -0.068958
v -0.054120 -0.009840 -0.068844
v -0.054120 -0.009839 -0.068889
v 0.040405 -0.015330 -0.068865
v 0.040405 -0.015329 -0.068911
v 0.040422 -0.015098 -0.068863
v 0.040422 -0.015097 -0.068909
v 0.040902 -0.008554 -0.068794
v 0.040902 -0.008553 -0.068840
v 0.051325 -0.017267 -0.068976
v 0.051325 -0.017268 -0.068930
v 0.051342 -0.017035 -0.068973
v 0.051342 -0.017036 -0.068928
v 0.051823 -0.010491 -0.068904
v 0.051823 -0.010492 -0.068859
v 0.006738 0.020735 -0.109888
v 0.006738 0.020735 -0.109961
v -0.007341 0.020338 -0.109910
v -0.007341 0.020338 -0.109983
v -0.018347 0.008628 -0.110355
v -0.018347 0.008628 -0.110428
v -0.031703 0.006208 -0.110454
v -0.031703 0.006208 -0.110527
v 0.029382 0.006466 -0.110438
v 0.029382 0.006466 -0.110511
v 0.017563 0.008468 -0.110367
v 0.017563 0.008468 -0.110440
v -0.007463 0.013652 -0.109987
v -0.007463 0.013652 -0.110060
v -0.007459 0.013873 -0.109985
v -0.007459 0.013873 -0.110058
v -0.007345 0.020117 -0.109912
v -0.007345 0.020117 -0.109985
v 0.006615 0.014049 -0.110038
v 0.006615 0.014049 -0.109966
v 0.006619 0.014270 -0.110036
v 0.006619 0.014270 -0.109963
v 0.006734 0.020514 -0.109964
v 0.006734 0.020514 -0.109891
v 0.017440 0.001781 -0.110445
v 0.017440 0.001781 -0.110518
v 0.017444 0.002002 -0.110442
v 0.017444 0.002002 -0.110515
v 0.017559 0.008247 -0.110370
v 0.017559 0.008247 -0.110443
v 0.029259 -0.000220 -0.110589
v 0.029259 -0.000220 -0.110516
v 0.029263 0.000001 -0.110586
v 0.029263 0.000001 -0.110513
v 0.029378 0.006245 -0.110514
v 0.029378 0.006245 -0.110441
v -0.018470 0.001941 -0.110505
v -0.018470 0.001941 -0.110432
v -0.018466 0.002162 -0.110503
v -0.018466 0.002162 -0.110430
v -0.018351 0.008407 -0.110430
v -0.018351 0.008407 -0.110357
v -0.031826 -0.000479 -0.110532
v -0.031826 -0.000479 -0.110605
v -0.031822 -0.000258 -0.110529
v -0.031822 -0.000258 -0.110602
v -0.031707 0.005987 -0.110457
v -0.031707 0.005987 -0.110530
v 0.051840 -0.010237 -0.111013
v 0.051840 -0.010237 -0.111086
v -0.054103 -0.009584 -0.111086
v -0.054103 -0.009584 -0.111013
v 0.040919 -0.008298 -0.110964
v 0.040919 -0.008298 -0.111036
v -0.042626 -0.008730 -0.110955
v -0.042626 -0.008730 -0.111028
v -0.054617 -0.016592 -0.111087
v -0.054617 -0.016592 -0.111160
v -0.054600 -0.016360 -0.111085
v -0.054600 -0.016360 -0.111157
v -0.054120 -0.009816 -0.111016
v -0.054120 -0.009816 -0.111088
v -0.043140 -0.015738 -0.111102
v -0.043140 -0.015738 -0.111029
v -0.043123 -0.015506 -0.111099
v -0.043123 -0.015506 -0.111026
v -0.042643 -0.008962 -0.111030
v -0.042643 -0.008962 -0.110958
v 0.040405 -0.015306 -0.111037
v 0.040405 -0.015306 -0.111110
v 0.040422 -0.015074 -0.111035
v 0.040422 -0.015074 -0.111108
v 0.040902 -0.008530 -0.110966
v 0.040902 -0.008530 -0.111039
v 0.051325 -0.017244 -0.111160
v 0.051325 -0.017244 -0.111087
v 0.051342 -0.017013 -0.111157
v 0.051342 -0.017013 -0.111085
v 0.051823 -0.010468 -0.111088
v 0.051823 -0.010468 -0.111016
v 0.040956 -0.012177 -0.128696
v 0.040923 -0.012179 -0.128747
v -0.043293 -0.012132 -0.128943
v -0.043255 -0.012135 -0.128993
v 0.005384 0.006248 -0.125818
v 0.005380 0.006213 -0.125870
v -0.007590 0.005867 -0.125495
v -0.007590 0.005832 -0.125547
v 0.012808 -0.002160 -0.124415
v 0.012791 -0.002181 -0.124466
v -0.014280 -0.001963 -0.124456
v -0.014264 -0.001984 -0.124508
v -0.026093 -0.003362 -0.127525
v -0.026074 -0.003380 -0.127576
v 0.031780 -0.011770 -0.123902
v 0.031749 -0.011774 -0.123953
v -0.034099 -0.011665 -0.123674
v -0.034063 -0.011670 -0.123725
v -0.034079 -0.017663 -0.124314
v -0.034115 -0.017659 -0.124263
v -0.034079 -0.017465 -0.124295
v -0.034115 -0.017461 -0.124244
v -0.034064 -0.011868 -0.123744
v -0.034099 -0.011863 -0.123693
v -0.043309 -0.018126 -0.129532
v -0.043271 -0.018129 -0.129583
v -0.043309 -0.017928 -0.129513
v -0.043271 -0.017931 -0.129563
v -0.043293 -0.012330 -0.128962
v -0.043256 -0.012333 -0.129013
v -0.026110 -0.009355 -0.128115
v -0.026090 -0.009374 -0.128166
v -0.026109 -0.009157 -0.128095
v -0.026090 -0.009176 -0.128146
v -0.026094 -0.003560 -0.127545
v -0.026074 -0.003578 -0.127596
v -0.014280 -0.007978 -0.125097
v -0.014296 -0.007957 -0.125046
v -0.014280 -0.007780 -0.125078
v -0.014295 -0.007759 -0.125026
v -0.014264 -0.002182 -0.124527
v -0.014280 -0.002161 -0.124476
v -0.007607 -0.000127 -0.126085
v -0.007607 -0.000162 -0.126137
v -0.007606 0.000071 -0.126066
v -0.007606 0.000036 -0.126117
v -0.007591 0.005669 -0.125515
v -0.007591 0.005634 -0.125567
v 0.005363 0.000219 -0.126460
v 0.005367 0.000255 -0.126408
v 0.005364 0.000417 -0.126440
v 0.005368 0.000453 -0.126388
v 0.005379 0.006015 -0.125890
v 0.005383 0.006050 -0.125838
v 0.012791 -0.008153 -0.125005
v 0.012775 -0.008174 -0.125056
v 0.012792 -0.007955 -0.124985
v 0.012775 -0.007976 -0.125036
v 0.012807 -0.002358 -0.124435
v 0.012790 -0.002379 -0.124486
v 0.031763 -0.017763 -0.124491
v 0.031732 -0.017767 -0.124542
v 0.031764 -0.017565 -0.124472
v 0.031733 -0.017569 -0.124523
v 0.031779 -0.011968 -0.123921
v 0.031748 -0.011972 -0.123972
v 0.040907 -0.018173 -0.129336
v 0.040939 -0.018170 -0.129285
v 0.040907 -0.017975 -0.129317
v 0.040940 -0.017972 -0.129266
v 0.040923 -0.012377 -0.128766
v 0.040955 -0.012375 -0.128715
v 0.030874 -0.012999 -0.144386
v 0.030842 -0.013001 -0.144436
v -0.031639 -0.012954 -0.144633
v -0.031602 -0.012957 -0.144683
v 0.004194 -0.004749 -0.141801
v 0.004191 -0.004783 -0.141851
v -0.007599 -0.004927 -0.141472
v -0.007599 -0.004961 -0.141523
v 0.017858 -0.008931 -0.143276
v 0.017840 -0.008949 -0.143326
v 0.007677 -0.008646 -0.140268
v 0.007660 -0.008667 -0.140318
v -0.009388 -0.008567 -0.140313
v -0.009373 -0.008588 -0.140363
v -0.020106 -0.009028 -0.143355
v -0.020087 -0.009046 -0.143405
v 0.022106 -0.013058 -0.139606
v 0.022076 -0.013062 -0.139655
v -0.023084 -0.013034 -0.139380
v -0.023050 -0.013038 -0.139430
v -0.023066 -0.019032 -0.140019
v -0.023101 -0.019027 -0.139970
v -0.023065 -0.018834 -0.140000
v -0.023100 -0.018829 -0.139950
v -0.023050 -0.013236 -0.139449
v -0.023085 -0.013232 -0.139400
v -0.031655 -0.018948 -0.145223
v -0.031619 -0.018951 -0.145272
v -0.031655 -0.018750 -0.145203
v -0.031618 -0.018753 -0.145253
v -0.031640 -0.013153 -0.144653
v -0.031603 -0.013155 -0.144702
v -0.020122 -0.015022 -0.143944
v -0.020103 -0.015040 -0.143994
v -0.020122 -0.014824 -0.143925
v -0.020103 -0.014842 -0.143975
v -0.020106 -0.009227 -0.143374
v -0.020087 -0.009244 -0.143424
v -0.009389 -0.014581 -0.140952
v -0.009405 -0.014561 -0.140902
v -0.009389 -0.014383 -0.140933
v -0.009404 -0.014363 -0.140883
v -0.009373 -0.008786 -0.140382
v -0.009389 -0.008765 -0.140332
v -0.007615 -0.010920 -0.142062
v -0.007615 -0.010954 -0.142112
v -0.007615 -0.010722 -0.142042
v -0.007615 -0.010756 -0.142093
v -0.007599 -0.005125 -0.141492
v -0.007600 -0.005159 -0.141542
v 0.004174 -0.010777 -0.142441
v 0.004178 -0.010742 -0.142390
v 0.004175 -0.010579 -0.142421
v 0.004179 -0.010544 -0.142371
v 0.004190 -0.004981 -0.141871
v 0.004194 -0.004947 -0.141820
v 0.007660 -0.014640 -0.140858
v 0.007644 -0.014660 -0.140908
v 0.007661 -0.014442 -0.140838
v 0.007645 -0.014462 -0.140888
v 0.007676 -0.008844 -0.140288
v 0.007660 -0.008865 -0.140338
v 0.017823 -0.014943 -0.143916
v 0.017841 -0.014925 -0.143866
v 0.017824 -0.014745 -0.143896
v 0.017842 -0.014727 -0.143846
v 0.017839 -0.009148 -0.143345
v 0.017857 -0.009129 -0.143296
v 0.022090 -0.019052 -0.140195
v 0.022059 -0.019056 -0.140245
v 0.022090 -0.018854 -0.140176
v 0.022060 -0.018858 -0.140225
v 0.022105 -0.013256 -0.139625
v 0.022075 -0.013260 -0.139675
v 0.030826 -0.018995 -0.145025
v 0.030858 -0.018992 -0.144976
v 0.030827 -0.018797 -0.145006
v 0.030858 -0.018794 -0.144956
v 0.030842 -0.013199 -0.144455
v 0.030874 -0.013197 -0.144406
v -0.024025 -0.020683 0.133670
v -0.023997 -0.020669 0.133670
v -0.024025 -0.020485 0.133689
v -0.023997 -0.020471 0.133690
v -0.021583 -0.021874 0.144565
v -0.021608 -0.021886 0.144564
v -0.021582 -0.021676 0.144584
v -0.021608 -0.021688 0.144584
v -0.035304 -0.019775 0.131714
v -0.035346 -0.019798 0.131713
v -0.035303 -0.019577 0.131733
v -0.035345 -0.019600 0.131732
v -0.038216 -0.018534 0.120446
v -0.038170 -0.018509 0.120447
v -0.038215 -0.018336 0.120465
v -0.038170 -0.018311 0.120466
v -0.048676 -0.016072 0.118271
v -0.048735 -0.016106 0.118270
v -0.048659 -0.015841 0.118274
v -0.048718 -0.015875 0.118273
v -0.048584 -0.016024 0.105492
v -0.048525 -0.015989 0.105493
v -0.048567 -0.015792 0.105494
v -0.048508 -0.015758 0.105495
v -0.048676 -0.016072 0.078184
v -0.048735 -0.016106 0.078183
v -0.048659 -0.015841 0.078187
v -0.048718 -0.015875 0.078185
v -0.048584 -0.016024 0.066678
v -0.048525 -0.015989 0.066680
v -0.048567 -0.015792 0.066681
v -0.048508 -0.015758 0.066682
v -0.048584 -0.014933 0.019673
v -0.048525 -0.014899 0.019675
v -0.048567 -0.014702 0.019676
v -0.048508 -0.014668 0.019677
v -0.048676 -0.015068 0.032311
v -0.048735 -0.015103 0.032309
v -0.048659 -0.014837 0.032313
v -0.048718 -0.014871 0.032312
v -0.049174 -0.012846 -0.027419
v -0.049115 -0.012811 -0.027418
v -0.049174 -0.012585 -0.027419
v -0.049115 -0.012551 -0.027418
v -0.049314 -0.012896 -0.014867
v -0.049373 -0.012930 -0.014868
v -0.049314 -0.012636 -0.014867
v -0.049373 -0.012670 -0.014868
v -0.048584 -0.012753 -0.074337
v -0.048525 -0.012718 -0.074335
v -0.048567 -0.012521 -0.074334
v -0.048508 -0.012487 -0.074333
v -0.048676 -0.012848 -0.063425
v -0.048735 -0.012882 -0.063426
v -0.048659 -0.012616 -0.063422
v -0.048718 -0.012650 -0.063424
v -0.048584 -0.012753 -0.117109
v -0.048525 -0.012718 -0.117107
v -0.048567 -0.012521 -0.117106
v -0.048508 -0.012487 -0.117105
v -0.048676 -0.012801 -0.105009
v -0.048735 -0.012835 -0.105010
v -0.048659 -0.012569 -0.105006
v -0.048718 -0.012604 -0.105008
v -0.038053 -0.014654 -0.132138
v -0.038009 -0.014632 -0.132137
v -0.038053 -0.014456 -0.132119
v -0.038008 -0.014434 -0.132118
v -0.039378 -0.015347 -0.121046
v -0.039425 -0.015371 -0.121047
v -0.039378 -0.015149 -0.121027
v -0.039424 -0.015173 -0.121028
v -0.028093 -0.016451 -0.136774
v -0.028125 -0.016462 -0.136775
v -0.028092 -0.016253 -0.136755
v -0.028124 -0.016264 -0.136755
v -0.026664 -0.015741 -0.147806
v -0.026634 -0.015731 -0.147806
v -0.026664 -0.015543 -0.147787
v -0.026634 -0.015533 -0.147786
v 0.021998 -0.003207 -0.126870
v 0.021987 -0.003218 -0.126901
v 0.021970 -0.009135 -0.127483
v 0.021982 -0.009123 -0.127451
v 0.021971 -0.009014 -0.127471
v 0.021982 -0.009002 -0.127440
v 0.021986 -0.003339 -0.126913
v 0.021998 -0.003328 -0.126881
vn 0.9888 -0.1492 -0.0035
vn -0.0000 -0.9997 -0.0232
vn -0.9652 -0.2614 -0.0061
vn -0.1434 0.0740 -0.9869
vn 0.3128 0.0224 0.9496
vn 0.9333 0.0056 -0.3591
vn -0.0000 -0.0489 0.9988
vn -0.0000 -0.0232 0.9997
vn 0.9458 -0.0560 -0.3199
vn -0.0000 0.0493 -0.9988
vn -0.5020 0.8647 0.0201
vn 0.5334 0.8457 0.0196
vn -0.5017 0.8650 -0.0000
vn 0.5331 0.8460 -0.0000
vn -0.0000 -1.0000 -0.0000
vn 0.9888 -0.1494 -0.0000
vn -0.9652 -0.2617 -0.0000
vn 0.8842 0.0009 -0.4670
vn 0.2471 0.0433 0.9680
vn 0.9659 0.0046 -0.2589
vn 0.9444 -0.0573 -0.3237
vn 0.9644 0.0046 -0.2645
vn -0.9433 0.0746 0.3235
vn -0.9335 0.0323 0.3571
vn 0.1810 0.0332 0.9829
vn 0.1441 0.0437 0.9886
vn 0.8949 0.0065 -0.4463
vn 0.9719 0.0113 -0.2349
vn 0.9409 0.0123 -0.3386
vn -0.4026 0.7560 -0.5161
vn -0.1760 0.0745 -0.9816
vn 0.1159 0.0694 -0.9908
vn -0.2455 0.0840 -0.9658
vn 0.0818 0.0473 0.9955
vn 0.9699 0.0114 -0.2431
vn 0.9596 0.0118 -0.2812
vn 0.5528 0.8320 -0.0462
vn 0.5542 0.8305 0.0557
vn -0.5276 0.8483 -0.0447
vn 0.5534 0.8324 -0.0286
vn 0.5534 0.8324 -0.0298
vn 0.5516 0.8311 -0.0699
vn -0.3318 0.8752 -0.3521
vn -0.3505 0.9162 -0.1942
vn -0.3509 0.9170 -0.1895
vn -0.3533 0.9029 0.2449
vn -0.5291 0.8474 -0.0443
vn -0.5281 0.8466 -0.0660
vn -0.5266 0.8475 -0.0666
vn 0.5517 0.8312 -0.0688
vn 0.5699 0.8194 -0.0609
vn 0.5714 0.8203 -0.0250
vn 0.5714 0.8203 -0.0240
vn 0.5719 0.8188 0.0500
vn 0.3191 0.9272 -0.1960
vn 0.3104 0.9069 -0.2849
vn -0.0746 0.1062 0.9915
vn 0.9602 -0.0017 -0.2793
vn -0.9322 0.0311 0.3605
vn -0.9533 0.0326 0.3001
vn 0.9619 -0.0018 -0.2734
vn -0.0746 0.1063 0.9915
vn 0.9645 -0.0019 -0.2640
vn 0.9543 0.0050 -0.2989
vn 0.9491 -0.0012 -0.3150
vn -0.9648 0.0335 0.2608
vn 0.9682 0.0045 -0.2501
vn -0.9633 0.0334 0.2664
vn -0.8933 0.0286 0.4485
vn -0.1511 0.0740 -0.9857
vn -0.9680 0.0350 0.2485
vn -0.9489 0.0265 0.3146
vn -0.9615 0.0274 0.2736
vn -0.9640 0.0346 0.2637
vn -0.9598 0.0273 0.2794
vn -0.9674 0.0337 0.2511
vn -0.8952 0.0298 0.4446
vn -0.8840 0.0228 0.4669
vn -0.9642 0.0276 0.2636
vn -0.9542 0.0339 0.2971
vn 0.9260 -0.0003 -0.3775
vn -0.9655 0.0348 0.2582
vn -0.9259 0.0251 0.3769
vn 0.9686 0.0114 -0.2484
vn 0.9064 0.0130 -0.4222
vn 0.0168 -0.0119 0.9998
vn 0.0768 -0.0754 0.9942
vn 0.2066 -0.0151 0.9783
vn -0.0168 0.0119 -0.9998
vn 0.0454 -0.0540 -0.9975
vn 0.1818 0.0081 -0.9833
vn -0.9998 0.0184 -0.0000
vn -0.9877 -0.0436 0.1500
vn -0.9566 0.0142 0.2909
vn -0.0158 -0.0113 0.9998
vn 0.0503 -0.1355 0.9895
vn -0.5139 -0.8039 -0.2994
vn 0.9998 -0.0184 -0.0000
vn 0.9857 -0.0763 -0.1501
vn 0.9566 -0.0142 -0.2909
vn 0.0158 0.0113 -0.9998
vn -0.0738 -0.0475 -0.9961
vn -0.2285 0.0155 -0.9734
vn -0.6013 0.0798 -0.7950
vn 0.9725 -0.0745 -0.2205
vn 0.9108 -0.0119 -0.4126
vn -0.9744 -0.0438 0.2204
vn -0.9108 0.0119 0.4126
vn -0.9998 0.0184 0.0004
vn -0.9870 -0.0436 0.1546
vn -0.9534 0.0140 0.3014
vn -0.2641 0.9645 -0.0000
vn 0.9998 -0.0184 -0.0004
vn 0.9846 -0.0762 -0.1574
vn 0.9534 -0.0140 -0.3014
vn 0.9840 -0.0761 -0.1609
vn 0.9514 -0.0139 -0.3077
vn -0.9865 -0.0436 0.1582
vn -0.9514 0.0139 0.3077
vn 0.9858 -0.0200 0.1668
vn 0.9565 -0.0725 -0.2827
vn 0.8622 -0.0100 -0.5064
vn -0.9590 -0.0439 0.2801
vn -0.8622 0.0100 0.5064
vn 0.1617 -0.9274 -0.3374
vn -0.9825 -0.0437 0.1810
vn -0.9381 0.0132 0.3460
vn 0.0892 0.0129 -0.9959
vn 0.9806 -0.0756 -0.1810
vn 0.9381 -0.0132 -0.3460
vn 0.1760 -0.0745 0.9816
vn 0.3865 -0.0178 0.9221
vn -0.2471 -0.0433 -0.9680
vn -0.3865 0.0178 -0.9221
vn -0.0818 -0.0473 -0.9955
vn -0.2431 0.0157 -0.9699
vn 0.1511 -0.0740 0.9857
vn 0.2431 -0.0157 0.9699
vn -0.9382 0.0132 0.3460
vn 0.3128 0.0224 0.9495
vn -0.2500 0.0847 -0.9645
vn 0.1710 0.0505 0.9840
vn -0.8770 0.0686 0.4756
vn -0.9443 0.0759 0.3203
vn 0.3958 0.6866 0.6098
vn -0.3970 0.7267 0.5605
vn -0.3882 0.7088 0.5890
vn 0.4081 0.7103 0.5736
vn 0.4278 0.6713 0.6053
vn -0.3927 0.7180 0.5747
vn -0.3839 0.7003 0.6018
vn 0.4021 0.6988 0.5915
vn 0.4145 0.7226 0.5533
vn 0.6568 -0.2268 0.7191
vn -0.6368 -0.2769 0.7196
vn 0.3908 0.6771 0.6236
vn -0.0000 -0.8719 0.4897
vn 0.4241 0.6650 0.6147
vn -0.6509 -0.2289 0.7238
vn 0.6737 -0.1588 0.7217
vn 0.4413 0.6948 0.5679
vn 0.4324 0.6793 0.5930
vn -0.4069 0.6900 0.5986
vn -0.4130 0.7015 0.5808
vn -0.3804 0.6931 0.6123
vn 0.4367 0.6867 0.5811
vn -0.4098 0.6955 0.5901
vn -0.4160 0.7071 0.5717
vn 0.3248 0.7898 -0.5202
vn 0.3608 0.8660 -0.3463
vn -0.3524 0.8381 -0.4163
vn 0.3376 0.8175 -0.4667
vn -0.3331 0.7975 -0.5031
vn 0.3145 0.7676 -0.5584
vn -0.3426 0.8176 -0.4628
vn -0.3614 0.8565 -0.3685
vn 0.3492 0.8419 -0.4114
vn 0.4234 0.7480 -0.5111
vn -0.4044 0.6854 0.6056
vn 0.6944 -0.3434 -0.6324
vn -0.6808 -0.3550 -0.6407
vn -0.0000 -0.9183 -0.3959
vn -0.7272 -0.2112 -0.6532
vn 0.7520 -0.1456 -0.6429
vn -0.3249 0.7800 -0.5348
vn 0.4462 0.7840 -0.4317
vn -0.4331 0.8070 -0.4016
vn -0.4172 0.7806 -0.4653
vn 0.4139 0.7328 -0.5401
vn -0.4094 0.7674 -0.4935
vn 0.4354 0.7669 -0.4715
vn -0.4254 0.7943 -0.4336
vn 0.4574 0.8013 -0.3858
vn -0.1795 0.1620 -0.9703
vn 0.9585 0.0467 -0.2814
vn 0.1879 0.1614 -0.9688
vn -0.2275 0.1614 -0.9603
vn 0.4211 -0.0293 0.9066
vn -0.9691 0.0334 -0.2445
vn -0.3468 0.1561 -0.9249
vn -0.0289 0.0351 0.9990
vn 0.3878 0.0916 -0.9172
vn 0.5422 0.0841 -0.8360
vn 0.1885 0.1582 -0.9692
vn 0.1643 -0.0296 0.9860
vn 0.9771 -0.0169 0.2120
vn -0.2667 0.1596 -0.9505
vn -0.4216 -0.0834 0.9029
vn 0.3118 -0.0303 0.9497
vn -0.4324 0.1499 -0.8891
vn -0.4086 0.1511 -0.9001
vn 0.8876 -0.0405 0.4588
vn 0.2282 -0.0303 0.9732
vn -0.5540 -0.0766 0.8290
vn 0.2454 0.1577 -0.9565
vn 0.3792 -0.0291 0.9248
vn -0.9250 0.0441 -0.3774
vn 0.4111 0.7048 0.5782
vn -0.4104 0.7384 0.5351
vn 0.3935 0.8912 -0.2257
vn -0.2439 0.7964 -0.5534
vn 0.2911 0.8183 -0.4956
vn -0.4258 0.7126 0.5576
vn 0.3382 0.8646 -0.3715
vn 0.0348 0.9704 0.2389
vn -0.0472 0.9892 -0.1386
vn -0.3967 0.7281 0.5589
vn -0.0079 0.9977 -0.0671
vn 0.0511 0.9817 0.1835
vn 0.1705 0.9820 0.0815
vn -0.4140 0.7067 0.5737
vn 0.2207 0.9242 0.3117
vn -0.4367 0.7008 0.5641
vn -0.4198 0.7174 0.5560
vn 0.4400 0.6824 0.5838
vn -0.1654 0.9824 0.0866
vn -0.2557 0.9547 -0.1520
vn 0.3971 0.8043 -0.4420
vn 0.3984 0.7628 -0.5093
vn -0.3666 0.7663 -0.5276
vn 0.4577 0.8339 -0.3085
vn 0.8487 0.0649 -0.5249
vn -0.9055 -0.0234 0.4236
vn 0.3300 -0.0305 0.9435
vn -0.2372 0.1611 -0.9580
vn 0.9286 0.0470 -0.3681
vn 0.9914 -0.0045 0.1308
vn -0.0347 0.0343 0.9988
vn -0.2799 0.1582 -0.9469
vn -0.0341 0.0351 0.9988
vn -0.9976 0.0201 -0.0655
vn 0.1245 -0.0299 0.9918
vn 0.5533 0.0844 -0.8287
vn -0.8696 -0.0369 0.4923
vn 0.6921 0.0807 -0.7172
vn 0.2400 -0.0309 0.9703
vn -0.9644 0.0380 -0.2616
vn -0.8898 -0.0311 0.4552
vn -0.6348 -0.0634 0.7701
vn 0.1597 -0.0304 0.9867
vn 0.8610 0.0678 -0.5040
vn -0.2916 0.1581 -0.9434
vn -0.9007 0.0519 -0.4313
vn 0.2722 -0.0298 0.9618
vn -0.9045 -0.0226 0.4258
vn 0.9983 -0.0015 0.0587
vn 0.4409 0.0912 -0.8929
vn 0.9364 0.0318 -0.3496
vn 0.6778 0.0761 -0.7313
vn -0.0338 -0.0977 0.9946
vn -0.7152 -0.0581 0.6965
vn 0.4070 -0.0298 0.9130
vn 0.1783 -0.0303 0.9835
vn 0.9927 0.0261 -0.1180
vn -0.7020 -0.0615 0.7095
vn 0.2691 -0.0309 0.9626
vn -0.9992 0.0165 0.0353
vn -0.9999 0.0092 0.0046
vn -0.0365 0.0344 0.9987
vn -0.5654 -0.0747 0.8214
vn 0.3011 -0.0294 0.9531
vn 0.9731 -0.0156 0.2296
vn 0.1401 -0.0298 0.9897
vn -0.2807 0.1590 -0.9465
vn -0.3412 0.1563 -0.9269
vn 0.9131 -0.0379 0.4060
vn 0.6338 0.0806 -0.7693
vn -0.2297 0.1613 -0.9598
vn -0.3696 -0.0877 0.9251
vn 0.9893 0.0230 -0.1441
vn -0.1862 0.1619 -0.9691
vn -0.4539 0.1471 -0.8788
vn 0.2933 -0.0296 0.9556
vn 0.1742 0.1596 -0.9717
vn -0.3259 0.1571 -0.9323
vn -0.9979 0.0083 0.0639
vn -0.2198 0.1616 -0.9621
vn -0.3216 0.1562 -0.9339
vn -0.5779 -0.0725 0.8128
vn -0.2838 0.1581 -0.9458
vn 0.2201 -0.0293 0.9750
vn -0.3112 0.1579 -0.9371
vn 0.5335 -0.0283 0.8453
vn 0.4711 -0.0275 0.8817
vn -0.4822 0.1464 -0.8638
vn -0.5401 0.8408 -0.0357
vn 0.6017 0.7962 0.0628
vn 0.6012 0.7983 -0.0356
vn 0.6011 0.7983 -0.0368
vn 0.5989 0.7967 -0.0819
vn -0.5395 0.8403 -0.0531
vn 0.2329 0.9333 -0.2733
vn 0.2392 0.9527 -0.1877
vn -0.2281 0.9070 -0.3540
vn -0.2421 0.9514 -0.1904
vn -0.2456 0.9374 0.2468
vn -0.9192 0.0720 0.3871
vn 0.8761 -0.0512 -0.4793
vn 0.9575 -0.0586 -0.2825
vn -0.8750 0.0674 0.4794
vn 0.9557 -0.0584 -0.2884
vn -0.2501 0.0847 -0.9645
vn -0.9544 0.0759 0.2886
vn -0.9601 0.0778 0.2686
vn 0.1810 0.0331 0.9829
vn -0.9562 0.0761 0.2827
vn 0.9221 -0.0539 -0.3832
vn 0.9616 -0.0575 -0.2682
vn -0.9206 0.0733 0.3836
vn 0.8787 -0.0502 -0.4748
vn 0.9606 -0.0589 -0.2715
vn -0.9569 0.0774 0.2799
vn -0.9594 0.0765 0.2713
vn 0.9203 -0.0551 -0.3873
vn 0.9586 -0.0572 -0.2791
vn 0.0319 -0.0979 0.9947
vn 0.2483 -0.1607 0.9553
vn 0.3784 -0.0916 0.9211
vn -0.7642 -0.1266 0.6324
vn -0.6159 -0.0754 0.7842
vn 0.7794 -0.0063 -0.6265
vn 0.6655 0.0713 -0.7430
vn -0.0325 0.0979 -0.9947
vn -0.1658 0.0304 -0.9857
vn -0.3574 0.0924 -0.9294
vn -0.0271 0.0979 -0.9948
vn -0.4339 0.0280 -0.9005
vn -0.7142 0.0704 -0.6964
vn 0.0256 -0.0979 0.9949
vn 0.5148 -0.1434 0.8452
vn 0.7480 -0.0670 0.6604
vn -0.5245 -0.1475 0.8385
vn -0.3645 -0.0902 0.9268
vn 0.5390 0.0150 -0.8422
vn 0.3821 0.0894 -0.9198
vn 0.3820 0.0894 -0.9198
vn 0.3645 -0.1550 0.9182
vn 0.5644 -0.0823 0.8214
vn 0.5638 0.0130 -0.8258
vn 0.4318 0.0871 -0.8978
vn 0.4317 0.0871 -0.8978
vn -0.5490 -0.1462 0.8229
vn -0.4136 -0.0880 0.9062
vn -0.2813 0.0296 -0.9592
vn -0.5377 0.0840 -0.8389
vn 0.9804 -0.1277 -0.1501
vn 0.9544 -0.0670 -0.2909
vn -0.0170 -0.0093 0.9998
vn 0.2455 -0.0840 0.9658
vn 0.4127 -0.0399 0.9100
vn -0.9886 0.0138 0.1501
vn -0.9544 0.0670 0.2909
vn 0.0170 0.0093 -0.9998
vn -0.1810 -0.0332 -0.9829
vn -0.4127 0.0399 -0.9100
vn -0.9753 0.0129 0.2205
vn -0.9088 0.0624 0.4126
vn 0.9673 -0.1252 -0.2206
vn 0.9088 -0.0624 -0.4126
vn 0.9791 -0.1274 -0.1586
vn 0.9508 -0.0667 -0.3026
vn -0.9877 0.0137 0.1560
vn -0.9508 0.0667 0.3026
vn -0.2278 0.9518 -0.2054
vn 0.9593 0.0095 -0.2824
vn -0.2267 0.0499 -0.9727
vn -0.9591 0.0094 0.2831
vn -0.9861 -0.0509 0.1581
vn -0.9516 -0.0000 0.3074
vn 0.0224 -0.0000 -0.9998
vn -0.1710 -0.0505 -0.9840
vn -0.3927 -0.0000 -0.9197
vn 0.9857 -0.0508 -0.1604
vn 0.9516 -0.0000 -0.3074
vn -0.0224 -0.0000 0.9998
vn 0.2267 -0.0499 0.9727
vn 0.3927 -0.0000 0.9197
vn 0.9510 -0.1224 -0.2839
vn 0.8597 -0.0578 -0.5075
vn -0.9595 0.0119 0.2815
vn -0.8597 0.0578 0.5075
vn -0.1810 -0.0331 -0.9829
vn -0.9834 0.0134 0.1810
vn -0.9360 0.0651 0.3460
vn 0.9753 -0.1267 -0.1810
vn 0.9360 -0.0651 -0.3460
vn -0.0265 0.0979 -0.9948
vn -0.2837 0.0297 -0.9584
vn -0.5384 0.0839 -0.8385
vn 0.9135 -0.1073 0.3923
vn 0.9786 -0.0228 0.2046
vn 0.0280 -0.0979 0.9948
vn 0.3322 -0.1568 0.9301
vn 0.5228 -0.0849 0.8482
vn -0.9088 -0.0226 -0.4166
vn -0.9712 0.0260 -0.2370
vn -0.1669 0.0304 -0.9855
vn -0.3562 0.0924 -0.9298
vn -0.9930 -0.0520 -0.1057
vn -0.9957 -0.0064 0.0925
vn 0.9935 -0.0770 0.0843
vn 0.9862 0.0135 -0.1648
vn 0.0279 -0.0979 0.9948
vn 0.2248 -0.1614 0.9609
vn 0.3446 -0.0928 0.9342
vn 0.0137 -0.0979 0.9951
vn 0.4159 -0.1512 0.8968
vn 0.6522 -0.0760 0.7543
vn -0.0106 0.0979 -0.9951
vn -0.4003 0.0289 -0.9159
vn -0.6739 0.0741 -0.7351
vn 0.9159 -0.1067 0.3869
vn 0.9807 -0.0218 0.1945
vn 0.9807 -0.0218 0.1944
vn -0.9112 -0.0230 -0.4113
vn -0.9736 0.0250 -0.2270
vn -0.9937 -0.0525 -0.0991
vn -0.9946 -0.0075 0.1039
vn 0.9941 -0.0762 0.0773
vn 0.9842 0.0146 -0.1763
vn -0.2423 0.0302 -0.9697
vn -0.4712 0.0876 -0.8776
vn 0.2711 -0.1595 0.9493
vn 0.4509 -0.0886 0.8882
vn -0.9447 -0.0924 0.3147
vn -0.8681 -0.0462 0.4943
vn 0.9520 -0.0387 -0.3035
vn 0.8264 0.0529 -0.5605
vn -0.2280 0.0303 -0.9732
vn -0.4491 0.0887 -0.8891
vn -0.0128 -0.0978 0.9951
vn 0.1240 -0.1664 0.9782
vn 0.2984 -0.0942 0.9498
vn 0.0537 -0.2319 0.9713
vn -0.4552 -0.8755 0.1623
vn 0.0098 0.0979 -0.9952
vn 0.1533 0.0283 -0.9878
vn 0.3254 0.0917 -0.9411
vn -0.1567 0.0304 -0.9872
vn -0.3385 0.0930 -0.9363
vn 0.0270 0.0978 -0.9948
vn 0.1152 0.0289 -0.9929
vn 0.2617 0.0938 -0.9606
vn -0.9470 -0.0919 0.3079
vn -0.8740 -0.0452 0.4838
vn 0.9543 -0.0395 -0.2963
vn 0.8332 0.0519 -0.5505
vn -0.0288 -0.0978 0.9948
vn 0.0584 -0.1690 0.9839
vn 0.2146 -0.0962 0.9720
vn 0.0865 -0.2339 0.9684
vn -0.9906 0.0166 0.1360
vn -0.8139 -0.1185 0.5688
vn -0.6856 -0.0694 0.7247
vn -0.6856 -0.0694 0.7246
vn 0.8308 -0.0135 -0.5564
vn 0.6657 0.0712 -0.7429
vn 0.6656 0.0712 -0.7429
vn 0.0097 0.0979 -0.9952
vn -0.3251 0.0301 -0.9452
vn -0.5495 0.0833 -0.8314
vn 0.2736 -0.1589 0.9486
vn 0.5295 -0.0845 0.8441
vn 0.0271 0.0978 -0.9948
vn -0.2482 0.0308 -0.9682
vn -0.4257 0.0897 -0.9004
vn -0.8178 -0.1181 0.5632
vn -0.6940 -0.0686 0.7167
vn 0.1750 -0.1622 0.9711
vn 0.4115 -0.0903 0.9069
vn -0.6978 -0.1330 0.7038
vn -0.5453 -0.0806 0.8343
vn 0.0097 0.0978 -0.9952
vn -0.4374 0.0290 -0.8988
vn -0.6855 0.0731 -0.7244
vn 0.6998 0.0023 -0.7143
vn 0.5346 0.0813 -0.8412
vn 0.3878 -0.1525 0.9091
vn 0.6667 -0.0748 0.7416
vn -0.3406 0.0304 -0.9397
vn -0.5623 0.0825 -0.8228
vn -0.7022 -0.1327 0.6995
vn -0.5543 -0.0800 0.8285
vn 0.7041 0.0018 -0.7101
vn 0.5436 0.0807 -0.8355
vn 0.2700 -0.1587 0.9497
vn 0.5471 -0.0834 0.8329
vn -0.0169 0.0118 -0.9998
vn -0.3128 -0.0224 -0.9496
vn -0.4976 0.0457 -0.8662
vn 0.0169 -0.0118 0.9998
vn 0.2500 -0.0847 0.9645
vn 0.4976 -0.0457 0.8662
vn -0.9871 0.0137 0.1595
vn -0.9488 0.0664 0.3089
vn 0.9785 -0.1273 -0.1621
vn 0.9488 -0.0664 -0.3089
vn 0.9673 -0.1252 -0.2205
vn -0.0339 -0.0977 0.9946
vn -0.8236 -0.0087 -0.5672
vn -0.9072 0.0436 -0.4184
vn 0.0347 0.0977 -0.9946
vn -0.3468 0.0305 -0.9374
vn -0.5671 0.0822 -0.8196
vn 0.8116 -0.1250 0.5707
vn 0.8946 -0.0462 0.4444
vn -0.0260 -0.0978 0.9949
vn 0.4932 -0.1437 0.8580
vn 0.7699 -0.0646 0.6349
vn 0.0278 0.0978 -0.9948
vn -0.4992 0.0289 -0.8660
vn -0.7393 0.0679 -0.6700
vn 0.8288 -0.1223 0.5461
vn 0.9178 -0.0414 0.3949
vn -0.8406 -0.0107 -0.5416
vn -0.9293 0.0387 -0.3674
vn 0.1981 -0.1614 0.9668
vn 0.4554 -0.0884 0.8859
vn -0.9645 -0.0381 -0.2615
vn -0.9991 0.0068 -0.0415
vn 0.9623 -0.0937 0.2552
vn 0.9951 -0.0124 0.0980
vn -0.2528 0.0310 -0.9670
vn -0.4291 0.0896 -0.8988
vn -0.3769 0.0302 -0.9257
vn -0.6087 0.0793 -0.7894
vn -0.9734 -0.0412 -0.2252
vn -0.9997 0.0005 0.0225
vn 0.3562 -0.1542 0.9216
vn 0.6453 -0.0765 0.7601
vn 0.9712 -0.0897 0.2206
vn 0.9994 -0.0062 0.0350
vn 0.0664 -0.1689 0.9834
vn 0.2422 -0.0956 0.9655
vn 0.0953 -0.2337 0.9676
vn 0.9994 -0.0062 0.0348
vn -0.9737 -0.0847 0.2115
vn -0.8904 -0.0421 0.4533
vn 0.1196 0.0292 -0.9924
vn 0.2723 0.0934 -0.9577
vn -0.1558 0.0304 -0.9873
vn -0.3399 0.0930 -0.9359
vn 0.9772 -0.0475 -0.2069
vn 0.9345 0.0323 -0.3546
vn -0.2512 0.0299 -0.9675
vn -0.4920 0.0865 -0.8663
vn 0.1612 -0.1659 0.9729
vn 0.3924 -0.0911 0.9153
vn -0.9640 -0.0880 0.2509
vn -0.8575 -0.0480 0.5122
vn 0.0803 -0.2319 0.9694
vn 0.0883 -0.0089 0.9961
vn 0.9687 -0.0430 -0.2446
vn 0.9083 0.0385 -0.4166
vn 0.1875 0.0287 -0.9818
vn 0.3890 0.0891 -0.9169
vn -0.7404 -0.1289 0.6597
vn -0.5651 -0.0792 0.8212
vn -0.2666 0.0298 -0.9633
vn -0.5145 0.0853 -0.8533
vn 0.3492 -0.1558 0.9240
vn 0.5511 -0.0832 0.8303
vn 0.7560 -0.0029 -0.6546
vn 0.6161 0.0754 -0.7841
vn -0.5076 -0.0830 0.8576
vn -0.2307 0.9730 -0.0000
vn -0.2441 -0.1586 0.9567
vn 0.0895 -0.2297 0.9691
vn 0.4672 0.0853 -0.8800
vn -0.4022 -0.9156 -0.0000
vn 0.2742 0.0293 -0.9612
vn 0.0396 -0.0360 -0.9986
vn -0.4263 -0.0874 0.9004
vn 0.0958 -0.8503 -0.5175
vn -0.2015 -0.1606 0.9662
vn 0.0602 -0.2299 0.9713
vn 0.4524 0.0861 -0.8877
vn -0.9980 -0.0034 0.0625
vn 0.2603 0.0291 -0.9651
vn 0.0316 -0.0361 -0.9988
vn -0.2916 -0.0928 0.9520
vn -0.0891 -0.0068 0.9960
vn -0.1045 -0.1633 0.9810
vn 0.0952 -0.2296 0.9686
vn 0.3063 0.0923 -0.9475
vn 0.4402 0.8246 0.3553
vn 0.1779 0.0300 -0.9836
vn 0.0393 -0.0360 -0.9986
vn 0.2959 0.0927 -0.9507
vn -0.0881 0.0175 -0.9960
vn 0.1737 0.0301 -0.9843
vn 0.0422 -0.0359 -0.9985
vn -0.0326 0.0979 -0.9947
vn -0.3186 -0.0919 0.9434
vn 0.2870 0.9579 -0.0000
vn -0.1154 -0.1630 0.9799
vn 0.1049 -0.2295 0.9676
vn 0.2141 0.1599 -0.9637
vn -0.0932 0.2296 -0.9688
vn -0.3009 -0.0290 0.9532
vn -0.0388 0.0360 0.9986
vn 0.1145 0.1630 -0.9799
vn -0.0917 0.2296 -0.9689
vn 0.2217 0.1598 -0.9619
vn -0.0527 0.2300 -0.9718
vn -0.1862 -0.0300 0.9821
vn -0.0419 0.0359 0.9985
vn -0.1702 -0.0301 0.9850
vn -0.0400 0.0360 0.9986
vn 0.1015 0.1633 -0.9813
vn -0.1065 0.2295 -0.9675
vn -0.4104 0.8102 -0.4186
vn -0.3882 0.8066 -0.4457
vn -0.2775 0.9050 0.3225
vn -0.4020 0.7053 0.5839
vn -0.1274 0.9580 0.2570
vn -0.3657 0.7301 0.5772
vn -0.3363 0.8652 -0.3718
vn -0.2681 0.8638 -0.4266
vn -0.2447 -0.0293 0.9691
vn -0.0331 0.0361 0.9988
vn -0.4214 0.7876 -0.4497
vn -0.3476 0.8280 -0.4400
vn -0.4114 0.6985 0.5855
vn -0.3905 0.7134 0.5819
vn 0.2737 0.0061 -0.9618
vn 0.2641 -0.9645 -0.0000
vn 0.1822 -0.0518 -0.9819
vn 0.0862 -0.1105 -0.9901
vn -0.2736 -0.0061 0.9618
vn 0.3973 0.8716 0.2872
vn -0.1132 -0.0698 0.9911
vn 0.0549 -0.1328 0.9896
vn 0.0882 0.0156 -0.9960
vn 0.4397 0.8829 -0.1650
vn -0.4676 0.0878 -0.8796
vn 0.2736 0.0061 -0.9618
vn 0.0885 -0.0093 0.9960
vn -0.2543 0.9671 -0.0000
vn -0.2737 -0.0061 0.9618
vn 0.6164 -0.0787 0.7835
vn 0.4022 0.9156 -0.0000
vn -0.4255 -0.8316 -0.3570
vn -0.1822 0.0518 0.9819
vn -0.0862 0.1105 0.9901
vn 0.1132 0.0698 -0.9911
vn -0.0549 0.1328 -0.9896
vn -0.3398 0.8934 -0.2939
vn -0.3498 0.9147 -0.2025
vn -0.5303 0.8461 0.0535
vn -0.5297 0.8478 -0.0264
vn -0.5297 0.8478 -0.0274
vn -0.5282 0.8466 -0.0659
vn -0.4838 -0.0843 0.8711
vn -0.2271 -0.1593 0.9607
vn -0.9994 0.0062 -0.0348
vn 0.0356 -0.0370 -0.9987
vn 0.2590 0.9659 -0.0000
vn 0.0384 -0.0377 -0.9985
vn -0.2998 -0.0926 0.9495
vn -0.1045 -0.1632 0.9810
vn -0.2741 -0.0934 0.9572
vn -0.0946 -0.1635 0.9820
vn 0.0356 -0.0377 -0.9987
vn -0.4045 -0.0884 0.9103
vn -0.1878 -0.1611 0.9689
vn -0.9858 0.0200 -0.1668
vn 0.0281 -0.0371 -0.9989
vn -0.0817 0.2275 -0.9704
vn -0.0797 0.2261 -0.9708
vn -0.1757 -0.0301 0.9840
vn -0.2847 -0.0291 0.9582
vn -0.1606 -0.0301 0.9866
vn -0.4142 0.7807 -0.4679
vn -0.3933 0.6884 0.6095
vn -0.3523 0.7003 0.6208
vn -0.3392 0.8192 -0.4625
vn -0.0460 0.2285 -0.9725
vn -0.2314 -0.0294 0.9724
vn -0.0927 0.2254 -0.9698
vn -0.2591 -0.0064 0.9658
vn -0.1053 -0.0700 0.9920
vn -0.3888 -0.8978 -0.2067
vn 0.0789 -0.1147 -0.9903
vn 0.9984 0.0028 -0.0565
vn 0.9906 -0.0166 -0.1360
vn -0.2548 0.9670 -0.0000
vn 0.3321 0.9432 -0.0000
vn -0.0475 0.1302 -0.9904
vn -0.1745 0.0517 0.9833
vn -0.5266 0.8475 -0.0667
vn -0.5282 0.8487 -0.0278
vn -0.5282 0.8487 -0.0267
vn -0.5289 0.8470 0.0540
vn -0.3591 0.6984 0.6190
vn 0.9393 0.0482 -0.3396
vn -0.3719 0.7260 0.5784
vn 0.9988 0.0484 0.0011
vn -0.0562 0.6954 0.7164
vn 0.1250 0.8980 0.4218
vn 0.9995 -0.0056 0.0295
vn 0.9054 0.0391 -0.4229
vn -0.0945 0.8723 0.4798
vn 0.9746 -0.0471 -0.2191
vn 0.8736 -0.0895 -0.4784
vn -0.9981 -0.0034 0.0620
vn -0.8697 -0.0459 0.4914
vn 0.2950 0.8812 0.3694
vn -0.9654 -0.0869 0.2458
vn -0.8826 -0.1748 0.4364
vn 0.8418 -0.0551 0.5369
vn 0.9976 -0.0095 0.0686
vn 0.9556 -0.0960 0.2785
vn 0.9904 -0.1326 -0.0394
vn -0.8945 0.0462 -0.4447
vn -0.9993 -0.0011 0.0385
vn 0.2928 0.9562 -0.0000
vn -0.9612 -0.0349 -0.2735
vn -0.9899 -0.1244 -0.0676
vn 0.5794 -0.0813 0.8109
vn 0.8804 -0.0488 0.4717
vn 0.5795 -0.0813 0.8109
vn -0.3513 0.9223 -0.1608
vn 0.7535 -0.1314 0.6442
vn 0.8925 -0.1775 0.4146
vn -0.6117 0.0791 -0.7871
vn -0.9026 0.0446 -0.4283
vn -0.1946 0.9809 -0.0000
vn -0.7527 0.0016 -0.6584
vn -0.8716 -0.0843 -0.4830
vn -0.4007 0.0908 -0.9117
vn -0.7190 0.0700 -0.6915
vn -0.3889 -0.8978 -0.2067
vn -0.5602 0.0168 -0.8282
vn -0.7076 -0.0632 -0.7038
vn 0.3864 -0.0913 0.9178
vn 0.7030 -0.0715 0.7076
vn -0.9973 0.0098 -0.0722
vn 0.5492 -0.1487 0.8224
vn 0.6995 -0.2037 0.6850
vn 0.9128 0.0375 -0.4066
vn 0.6969 0.0683 -0.7139
vn -0.3021 -0.9355 0.1831
vn 0.8196 -0.0123 -0.5729
vn 0.6850 -0.0649 -0.7257
vn -0.8968 -0.0409 0.4405
vn -0.6764 -0.0703 0.7332
vn 0.3370 -0.8613 -0.3801
vn -0.8037 -0.1215 0.5826
vn -0.6735 -0.2025 0.7109
vn -0.9954 0.0034 0.0955
vn -0.2106 0.9776 -0.0000
vn -0.8909 -0.0368 0.4527
vn -0.1415 0.9458 0.2923
vn 1.0000 0.0067 0.0040
vn -0.3555 0.9200 -0.1651
vn 0.3909 -0.0892 0.9161
vn 0.9875 0.0127 -0.1569
vn -0.6239 0.0827 -0.7771
vn 0.5885 -0.0766 0.8048
vn 0.3419 -0.8615 -0.3754
vn -0.9105 0.0525 -0.4102
vn -0.9947 -0.0073 0.1024
vn 0.8588 -0.0403 0.5107
vn 0.3486 0.9373 -0.0000
vn -0.1084 0.9333 0.3422
vn -0.2517 0.9641 -0.0842
vn -0.3848 0.7056 0.5950
vn -0.4022 0.7064 0.5824
vn -0.0232 0.7363 0.6762
vn -0.2373 0.9017 0.3614
vn -0.3973 0.6546 0.6431
vn -0.4473 0.6702 0.5923
vn -0.3993 0.7256 0.5605
vn -0.4125 0.7203 0.5577
vn 0.3854 0.6460 0.6589
vn 0.4271 0.6638 0.6140
vn -0.4058 0.0927 -0.9093
vn 0.9075 0.0439 -0.4177
vn 0.1500 0.9453 0.2898
vn -0.3772 0.7462 0.5486
vn -0.3661 0.7217 0.5874
vn 0.3794 0.7324 0.5653
vn 0.3645 0.7006 0.6134
vn -0.3718 0.7342 0.5681
vn -0.3607 0.7101 0.6047
vn 0.3722 0.7170 0.5893
vn 0.3871 0.7490 0.5378
vn 0.6389 -0.2867 0.7138
vn -0.6227 -0.3197 0.7142
vn -0.3961 0.6875 0.6087
vn 0.0418 0.1050 -0.9936
vn -0.4045 0.7035 0.5844
vn 0.9859 0.1675 -0.0000
vn -0.1799 0.6563 0.7328
vn -0.0673 0.8629 0.5008
vn 0.8764 -0.0495 0.4790
vn 0.2697 0.9448 -0.1861
vn 0.9665 -0.0927 0.2394
vn -0.9227 0.0402 -0.3834
vn -0.9709 -0.0393 -0.2361
vn 0.6299 -0.0777 0.7727
vn 0.6299 -0.0777 0.7728
vn 0.7770 -0.1292 0.6161
vn -0.6613 0.0752 -0.7463
vn -0.9025 0.0446 -0.4283
vn 0.2007 0.9791 -0.0323
vn -0.7762 -0.0017 -0.6305
vn 0.4364 -0.0893 0.8953
vn -0.0892 -0.0070 0.9960
vn 0.5741 -0.1475 0.8054
vn -0.4511 0.0886 -0.8881
vn -0.9953 0.0122 -0.0962
vn -0.5853 0.0147 -0.8107
vn -0.8720 -0.0455 0.4874
vn -0.2643 -0.8899 -0.3717
vn -0.7861 -0.1241 0.6055
vn -0.6735 -0.2025 0.7110
vn 0.8893 0.0424 -0.4554
vn -0.0882 0.0173 -0.9960
vn 0.8022 -0.0102 -0.5970
vn 0.9994 0.0007 -0.0346
vn 0.9054 0.0391 -0.4228
vn -0.2016 0.9791 -0.0257
vn 0.9658 -0.0440 -0.2555
vn -0.9922 -0.0095 0.1244
vn 0.0893 0.0127 -0.9959
vn -0.9557 -0.0909 0.2798
vn 0.8809 0.0524 -0.4704
vn -0.4589 0.0920 -0.8837
vn 0.0892 -0.0113 0.9960
vn -0.9851 0.0022 0.1722
vn -0.9877 -0.0126 0.1560
vn 0.9973 0.0206 -0.0705
vn 0.3021 -0.9533 -0.0000
vn -0.6789 0.0815 -0.7297
vn -0.0569 0.8837 0.4647
vn 0.6427 -0.0695 0.7629
vn -0.0891 -0.0070 0.9960
vn -0.9430 0.0513 -0.3289
vn -0.2642 -0.8899 -0.3717
vn 0.4204 0.6439 0.6393
vn 0.4463 0.6563 0.6083
vn -0.4162 0.7112 0.5666
vn -0.4207 0.7098 0.5650
vn -0.4131 0.6566 0.6311
vn -0.4482 0.6698 0.5920
vn 0.1307 0.6874 0.7144
vn -0.0372 0.8886 0.4571
vn -0.4083 0.6949 0.5919
vn -0.4160 0.6961 0.5851
vn 0.0684 0.8575 0.5098
vn -0.0973 0.9926 0.0730
vn 0.4433 -0.0854 0.8923
vn -0.0891 0.0152 -0.9959
vn -0.8629 -0.0387 0.5038
vn 0.9988 -0.0075 0.0485
vn 0.8969 -0.0255 0.4415
vn 0.3369 0.9415 -0.0000
vn -0.6454 -0.2483 0.7224
vn 0.6673 -0.1864 0.7211
vn 0.4309 0.7058 0.5623
vn 0.4205 0.6871 0.5925
vn -0.3980 0.6941 0.5999
vn -0.4052 0.7079 0.5785
vn 0.4255 0.6961 0.5782
vn -0.4014 0.7008 0.5897
vn -0.4087 0.7148 0.5675
vn 0.4152 0.6774 0.6072
vn 0.4344 0.6841 0.5859
vn 0.9988 0.0484 -0.0000
vn 0.4290 0.6838 0.5902
vn 0.4247 0.6903 0.5857
vn 0.4163 0.6978 0.5828
vn 0.9988 0.0483 0.0011
vn 0.3982 0.6987 0.5943
vn 0.3798 0.7220 0.5783
vn -0.6841 -0.0695 0.7261
vn 0.3394 0.8845 0.3202
vn -0.4538 -0.1463 0.8790
vn -0.0908 -0.2292 0.9691
vn 0.6519 0.0725 -0.7549
vn 0.3736 0.0267 -0.9272
vn -0.0406 -0.0358 -0.9985
vn 0.4907 0.0840 -0.8673
vn -0.9890 -0.0118 0.1476
vn 0.2472 0.0285 -0.9685
vn -0.0450 -0.0357 -0.9984
vn -0.5146 -0.0825 0.8535
vn -0.3336 -0.1551 0.9299
vn -0.1113 -0.2288 0.9671
vn -0.4633 -0.0855 0.8821
vn -0.2954 -0.1571 0.9424
vn -0.0982 -0.2290 0.9684
vn 0.4740 0.0849 -0.8764
vn -0.3391 0.8876 0.3118
vn 0.2390 0.0287 -0.9706
vn -0.0401 -0.0358 -0.9986
vn -0.5510 -0.0802 0.8306
vn 0.2641 -0.9642 -0.0224
vn -0.3359 -0.1545 0.9291
vn -0.0563 -0.2297 0.9716
vn 0.5656 0.0792 -0.8208
vn -0.9957 0.0118 -0.0921
vn 0.3102 0.0281 -0.9502
vn -0.0290 -0.0360 -0.9989
vn 0.0098 0.0978 -0.9952
vn 0.4277 0.1485 -0.8916
vn 0.0956 0.2291 -0.9687
vn 0.3001 0.1568 -0.9410
vn 0.0936 0.2291 -0.9689
vn -0.2638 -0.0283 0.9642
vn 0.0444 0.0357 0.9984
vn -0.4041 -0.0263 0.9143
vn 0.0394 0.0358 0.9986
vn 0.3434 0.1539 -0.9265
vn 0.0483 0.2298 -0.9720
vn -0.2313 -0.0288 0.9725
vn 0.0412 0.0357 0.9985
vn 0.1944 0.9695 -0.1491
vn 0.3959 0.8022 -0.4470
vn 0.4319 0.6921 0.5783
vn 0.4212 0.6929 0.5852
vn 0.4091 0.7193 0.5615
vn 0.3715 0.7275 0.5768
vn -0.0290 0.9909 -0.1315
vn 0.2495 0.8708 -0.4236
vn -0.2981 -0.0282 0.9541
vn 0.0310 0.0359 0.9989
vn 0.3192 0.1559 -0.9348
vn 0.1136 0.2288 -0.9668
vn 0.4408 0.7755 -0.4520
vn 0.3434 0.8298 -0.4398
vn 0.4345 0.6830 0.5871
vn 0.4051 0.7045 0.5827
vn 0.3553 0.0043 -0.9347
vn 0.0610 0.8793 0.4724
vn 0.1429 -0.0510 -0.9884
vn -0.0916 -0.1072 -0.9900
vn -0.3553 -0.0043 0.9347
vn 0.0903 0.0099 -0.9959
vn -0.2145 -0.0664 0.9745
vn -0.0584 -0.1308 0.9897
vn 0.4022 0.9153 0.0212
vn 0.0899 -0.0132 0.9959
vn -0.3369 -0.9415 -0.0000
vn 0.9940 -0.0134 0.1088
vn -0.1792 0.7429 0.6450
vn -0.9987 0.0076 -0.0496
vn -0.3021 0.9533 -0.0000
vn 0.1671 0.7359 0.6562
vn 0.2145 0.0664 -0.9745
vn 0.0583 0.1308 -0.9897
vn -0.1429 0.0510 0.9884
vn 0.0916 0.1072 0.9900
vn 0.0584 0.1308 -0.9897
vn 0.5699 0.8194 -0.0617
vn 0.5708 0.8200 -0.0414
vn 0.3230 0.9162 0.2373
vn 0.3201 0.9296 -0.1825
vn 0.3198 0.9288 -0.1871
vn 0.3034 0.8898 -0.3410
vn 0.4426 0.7050 0.5542
vn -0.9521 0.0855 0.2935
vn 0.4397 0.7058 0.5555
vn 0.4365 0.7116 0.5505
vn 0.4309 0.7196 0.5445
vn 0.9859 0.1673 0.0039
vn 0.4163 0.7257 0.5478
vn 0.3966 0.7578 0.5180
vn 0.7756 0.0597 -0.6284
vn 0.9940 0.0080 -0.1089
vn 0.5026 0.0242 -0.8642
vn -0.8020 -0.0563 0.5947
vn -0.4022 -0.9153 -0.0212
vn -0.5767 -0.1340 0.8059
vn -0.0259 -0.0978 0.9949
vn 0.6228 0.0749 -0.7788
vn 0.3457 0.0271 -0.9380
vn -0.9955 -0.0066 0.0950
vn 0.4681 -0.0251 -0.8833
vn 0.2173 -0.0619 -0.9741
vn -0.0860 -0.0982 -0.9914
vn -0.4681 0.0251 0.8833
vn -0.3334 0.8706 0.3617
vn -0.2806 -0.0448 0.9588
vn -0.0525 -0.1216 0.9912
vn -0.2641 0.9642 0.0224
vn 0.3433 -0.9213 0.1825
vn -0.0903 -0.0099 0.9959
vn 0.3059 -0.9406 -0.1473
vn -0.0899 0.0132 -0.9959
vn -0.3946 0.9061 -0.1525
vn 0.1781 0.9700 -0.1653
vn 0.3692 -0.9291 -0.0216
vn -0.5944 -0.0771 0.8005
vn 0.3772 -0.8452 -0.3785
vn -0.3837 -0.1517 0.9109
vn 0.6062 0.0762 -0.7917
vn 0.3351 0.0274 -0.9418
vn -0.6855 -0.0694 0.7247
vn -0.4441 -0.1467 0.8839
vn -0.0129 -0.0978 0.9951
vn 0.6995 0.0680 -0.7113
vn 0.4263 0.0263 -0.9042
vn -0.2173 0.0619 0.9741
vn 0.0860 0.0982 0.9914
vn 0.2806 0.0448 -0.9588
vn 0.0525 0.1216 -0.9912
vn 0.6005 0.7979 -0.0521
vn 0.5992 0.7969 -0.0775
vn 0.2278 0.9173 -0.3265
vn 0.2397 0.9544 -0.1777
vn 0.2399 0.9552 -0.1734
vn 0.2432 0.9429 0.2276
vn -0.5377 -0.0235 0.8428
vn 0.3908 0.1512 -0.9080
vn 0.5465 0.1374 -0.8261
vn 0.4109 0.1499 -0.8993
vn -0.3249 -0.0275 0.9453
vn 0.1301 0.9847 0.1160
vn 0.4216 0.8476 -0.3223
vn 0.4414 0.7110 0.5473
vn 0.4335 0.7153 0.5481
vn 0.4279 0.7391 0.5203
vn 0.3891 0.7660 0.5117
vn -0.0861 0.9773 0.1936
vn 0.2716 0.9336 -0.2337
vn 0.4548 0.1457 -0.8786
vn -0.4112 -0.0265 0.9112
vn 0.4656 0.8139 -0.3477
vn 0.3690 0.8826 -0.2915
vn 0.4450 0.7011 0.5573
vn 0.4194 0.7322 0.5367
vn -0.9938 0.1110 0.0026
vn 0.6019 0.7969 0.0519
vn 0.6439 0.7651 -0.0000
vn -0.9928 0.1198 -0.0000
vn 0.5720 0.8192 0.0412
vn 0.5998 0.8001 -0.0000
vn 0.9859 0.1671 0.0039
vn -0.9891 0.1476 -0.0000
vn -0.3561 0.9120 0.2038
vn -0.2118 0.9773 -0.0000
vn 0.9539 -0.0731 0.2909
vn 0.9973 -0.0733 -0.0000
vn 0.3692 0.9291 0.0216
vn 0.9800 -0.1308 0.1501
vn 0.9823 -0.1874 -0.0000
vn -0.9539 0.0731 -0.2909
vn -0.9973 0.0733 -0.0000
vn -0.9885 0.0169 -0.1501
vn -0.9991 -0.0418 -0.0000
vn 0.0686 0.0126 -0.9976
vn -0.9589 0.0821 -0.2715
vn -0.2296 0.9562 -0.1817
vn 0.9602 -0.0647 0.2717
vn 0.0694 -0.0114 0.9975
vn 0.9613 -0.0631 0.2680
vn -0.1685 -0.9685 0.1833
vn -0.9597 0.0835 -0.2684
vn 0.2241 -0.8971 -0.3808
vn 0.2447 0.9510 0.1891
vn 0.0036 1.0000 -0.0000
vn -0.5411 0.8402 0.0355
vn -0.5676 0.8233 -0.0000
vn 0.9565 -0.0209 0.2909
vn 0.9855 -0.0798 0.1500
vn 0.9903 -0.1389 -0.0000
vn -0.9565 0.0209 -0.2909
vn -0.3766 0.8565 0.3528
vn -0.9879 -0.0401 -0.1501
vn -0.9947 -0.1024 -0.0000
vn 0.0687 0.0125 -0.9976
vn 0.3877 -0.9036 0.1819
vn 0.0686 -0.0093 0.9976
vn -0.9640 0.0336 -0.2639
vn -0.3193 0.9401 0.1196
vn -0.9672 0.0397 -0.2507
vn -0.3692 -0.9291 -0.0216
vn -0.9679 0.0409 -0.2481
vn 0.9683 -0.0012 0.2498
vn 0.9644 -0.0081 0.2643
vn -0.3502 0.8671 0.3543
vn 0.3253 0.9248 0.1974
vn 0.1284 0.9917 -0.0000
vn -0.5304 0.8466 0.0442
vn -0.5537 0.8327 -0.0000
vn -0.5290 0.8475 0.0445
vn -0.5515 0.8342 -0.0000
vn 0.5543 0.8311 0.0460
vn 0.5728 0.8197 -0.0000
vn 0.9719 0.0056 0.2354
vn 0.9971 0.0766 -0.0000
vn 0.6013 0.7953 0.0771
vn -0.9938 0.1108 0.0026
vn 0.5718 0.8181 0.0613
vn -0.9917 0.1197 -0.0464
vn -0.0154 0.1075 -0.9941
vn -0.3489 0.8890 0.2966
vn -0.9082 0.0710 -0.4126
vn -0.9081 0.0711 -0.4126
vn -0.3692 0.9291 0.0216
vn -0.9752 0.0175 -0.2205
vn 0.9081 -0.0710 0.4126
vn 0.9081 -0.0711 0.4126
vn 0.3597 -0.9142 0.1869
vn 0.9667 -0.1298 0.2205
vn -0.9081 0.0710 -0.4126
vn 0.9196 -0.0633 0.3877
vn 0.3870 -0.9019 0.1918
vn -0.9201 0.0814 -0.3832
vn 0.9218 -0.0618 0.3828
vn -0.9184 0.0799 -0.3875
vn 0.2408 0.9304 0.2762
vn -0.5410 0.8394 0.0528
vn 0.9107 -0.0215 0.4126
vn 0.1123 0.9189 -0.3782
vn 0.9721 -0.0796 0.2204
vn -0.9107 0.0215 -0.4126
vn 0.2933 0.9558 0.0222
vn -0.9746 -0.0387 -0.2205
vn -0.2479 0.8965 0.3672
vn -0.3102 0.9504 0.0220
vn 0.9721 -0.0796 0.2205
vn -0.9254 0.0337 -0.3774
vn 0.9257 -0.0093 0.3780
vn 0.2529 -0.9481 0.1929
vn -0.9322 0.0397 -0.3598
vn 0.9958 -0.0117 0.0909
vn 0.3193 0.9029 0.2877
vn 0.5539 0.8298 0.0683
vn -0.5287 0.8462 0.0662
vn -0.5301 0.8454 0.0656
vn -0.5538 0.8327 -0.0000
vn 0.9406 0.0041 0.3396
vn -0.9335 0.0408 -0.3563
vn -0.1122 -0.9064 0.4072
vn 0.9335 -0.0025 0.3585
vn -0.1946 0.9806 0.0227
vn 0.9970 0.0780 0.0018
vn 0.2437 0.9452 0.2171
vn 0.0038 0.9997 0.0232
vn -0.0402 0.0598 0.9974
vn 0.3237 0.9190 0.2251
vn 0.1287 0.9914 0.0230
vn -0.5287 0.8463 0.0658
vn -0.5516 0.8339 0.0193
vn 0.9969 0.0781 -0.0000
vn -0.5301 0.8454 0.0654
vn -0.5539 0.8324 0.0193
vn 0.9513 -0.0730 0.2994
vn 0.9973 -0.0732 -0.0017
vn 0.9513 -0.0730 0.2993
vn 0.9796 -0.1308 0.1526
vn 0.9823 -0.1873 -0.0043
vn -0.9513 0.0730 -0.2993
vn -0.9973 0.0732 0.0017
vn -0.9877 0.0170 -0.1552
vn -0.9991 -0.0418 -0.0010
vn -0.3843 0.8914 -0.2403
vn 0.3486 0.9370 0.0217
vn 0.9591 -0.0630 0.2760
vn -0.9576 0.0834 -0.2759
vn -0.0686 -0.0082 0.9976
vn -0.9567 0.0820 -0.2792
vn 0.9579 -0.0646 0.2798
vn 0.9965 -0.0109 0.0828
vn -0.2461 0.9406 0.2338
vn -0.0099 0.9997 0.0232
vn 0.6015 0.7956 0.0722
vn 0.6440 0.7648 0.0177
vn 0.9535 -0.0210 0.3006
vn -0.0685 0.0161 -0.9975
vn 0.9849 -0.0798 0.1538
vn 0.9903 -0.1388 -0.0032
vn -0.9535 0.0210 -0.3006
vn -0.9869 -0.0400 -0.1565
vn -0.9947 -0.1024 -0.0024
vn -0.0686 -0.0081 0.9976
vn -0.0685 0.0163 -0.9975
vn 0.2724 -0.8020 0.5316
vn -0.9658 0.0409 -0.2561
vn -0.9616 0.0336 -0.2724
vn -0.0685 -0.0080 0.9976
vn -0.9651 0.0397 -0.2588
vn 0.9618 -0.0082 0.2735
vn -0.0693 0.0143 -0.9975
vn 0.5717 0.8181 0.0617
vn 0.6000 0.7998 0.0186
vn -0.3543 0.9060 0.2314
vn -0.2121 0.9770 0.0227
vn 0.9970 0.0779 0.0018
vn 0.5540 0.8299 0.0669
vn 0.5730 0.8194 0.0190
vn 0.9698 0.0055 0.2440
vn 0.1791 0.8042 -0.5667
vn 0.9660 -0.0013 0.2586
vn 0.3021 -0.9530 -0.0221
vn 0.9502 0.0523 0.3073
vn 0.2436 0.9443 0.2215
vn -0.8970 0.0873 -0.4333
vn 0.3235 0.9180 0.2295
vn -0.5287 0.8462 0.0668
vn -0.9891 0.1474 0.0034
vn -0.5301 0.8453 0.0664
vn 0.9493 -0.0729 0.3057
vn 0.9493 -0.0730 0.3057
vn 0.0678 0.0149 -0.9976
vn 0.9790 -0.1307 0.1562
vn -0.9493 0.0729 -0.3057
vn -0.9493 0.0730 -0.3057
vn -0.9872 0.0170 -0.1588
vn 0.9516 -0.0000 0.3074
vn 1.0000 -0.0000 -0.0000
vn 0.9948 0.0073 -0.1018
vn 0.9861 -0.0509 0.1581
vn 0.9947 -0.1026 -0.0024
vn -0.9516 -0.0000 -0.3074
vn -1.0000 -0.0000 -0.0000
vn 0.0688 -0.0100 0.9976
vn -0.9857 -0.0508 -0.1604
vn -0.9947 -0.1026 -0.0024
vn -0.9593 0.0095 -0.2823
vn 0.9592 0.0096 0.2825
vn 0.3369 0.9413 0.0218
vn -0.2332 0.9403 0.2479
vn 0.0087 0.9997 0.0232
vn -0.9550 0.0819 -0.2852
vn 0.9561 -0.0646 0.2858
vn 0.5076 0.8161 -0.2761
vn 0.6014 0.7955 0.0734
vn 0.9515 -0.0210 0.3069
vn -0.2308 -0.8062 0.5448
vn 0.9843 -0.0798 0.1573
vn -0.9515 0.0210 -0.3069
vn -0.9863 -0.0399 -0.1601
vn 0.9865 0.0134 -0.1635
vn -0.5169 -0.8095 -0.2783
vn -0.2246 0.8075 -0.5454
vn 0.9684 0.0054 0.2493
vn -0.9599 0.0336 -0.2783
vn 0.0695 0.0103 -0.9975
vn -0.9643 0.0409 -0.2616
vn -0.9636 0.0397 -0.2643
vn 0.0699 -0.0129 0.9975
vn 0.9602 -0.0083 0.2793
vn 0.5717 0.8180 0.0627
vn -0.3540 0.9050 0.2360
vn 0.9971 0.0765 0.0018
vn 0.5539 0.8298 0.0680
vn 0.9645 -0.0013 0.2642
vn -0.3369 -0.9413 -0.0218
vn 0.8814 0.0079 0.4724
vn 0.2346 0.8999 0.3677
vn -0.9829 0.1839 -0.0000
vn 0.3099 0.8712 0.3808
vn -0.5275 0.8431 0.1049
vn -0.9928 0.1196 0.0028
vn -0.5290 0.8422 0.1041
vn 0.8606 -0.0685 0.5046
vn 0.9519 -0.1284 0.2782
vn -0.8606 0.0685 -0.5046
vn 0.1107 -0.9049 0.4110
vn -0.9596 0.0179 -0.2807
vn -0.3021 0.9530 0.0221
vn 0.8798 -0.0601 0.4715
vn 0.5169 0.8095 0.2783
vn -0.8757 0.0773 -0.4766
vn 0.3862 0.8877 -0.2506
vn 0.8767 -0.0615 0.4772
vn -0.2352 0.8884 0.3942
vn 0.5995 0.7917 0.1177
vn -0.8783 0.0789 -0.4716
vn 0.8625 -0.0217 0.5057
vn -0.0897 -0.0019 0.9960
vn 0.9569 -0.0790 0.2793
vn -0.8625 0.0217 -0.5057
vn -0.5076 -0.8161 0.2761
vn -0.9587 -0.0373 -0.2819
vn -0.0885 0.0183 -0.9959
vn -0.0695 -0.0103 0.9975
vn 0.0901 0.0055 -0.9959
vn 0.9057 0.0028 0.4239
vn -0.0699 0.0128 -0.9975
vn -0.8840 0.0334 -0.4663
vn -0.3939 -0.9025 0.1741
vn -0.8961 0.0404 -0.4421
vn -0.8942 0.0392 -0.4460
vn 0.0883 -0.0147 0.9960
vn 0.5706 0.8153 0.0980
vn -0.3379 0.8561 0.3910
vn -0.9891 0.1472 0.0034
vn 0.5526 0.8265 0.1072
vn 0.8954 -0.0035 0.4453
vn 0.8840 -0.0101 0.4675
vn -0.0899 -0.0023 0.9959
vn -0.9250 0.1166 -0.3616
vn 0.2366 0.9450 -0.2256
vn -0.9830 0.1837 0.0042
vn 0.3156 0.9192 -0.2354
vn -0.5272 0.8480 -0.0542
vn -0.9830 0.1835 0.0042
vn -0.5287 0.8471 -0.0538
vn 0.9354 -0.0724 0.3460
vn -0.4034 0.8726 0.2755
vn 0.9748 -0.1304 0.1810
vn -0.9354 0.0724 -0.3460
vn -0.1045 0.9231 -0.3700
vn -0.9833 0.0172 -0.1810
vn -0.0880 0.0192 -0.9959
vn -0.2382 0.9398 -0.2449
vn -0.0097 1.0000 -0.0000
vn 0.6000 0.7975 -0.0632
vn -0.9438 0.0828 -0.3200
vn 0.3911 -0.8681 0.3057
vn -0.9380 0.0212 -0.3460
vn -0.9827 -0.0395 -0.1810
vn 0.9380 -0.0212 0.3460
vn 0.0900 0.0058 -0.9959
vn 0.9802 -0.0798 0.1810
vn 0.0887 -0.0157 0.9959
vn -0.9541 0.0409 -0.2966
vn -0.9485 0.0337 -0.3149
vn -0.3018 -0.9372 -0.1750
vn 0.9489 -0.0087 0.3154
vn 0.9544 -0.0017 0.2985
vn -0.0907 -0.0038 0.9959
vn -0.9532 0.0397 -0.2996
vn 0.5704 0.8198 -0.0502
vn -0.3458 0.9063 -0.2431
vn 0.5524 0.8317 -0.0560
vn -0.9843 0.1768 -0.0000
vn 0.9594 0.0050 0.2819
vn -0.1601 0.9724 -0.1699
vn -0.9426 0.0813 -0.3237
vn 0.9439 -0.0642 0.3240
vn -0.0891 0.0170 -0.9959
vn 0.9455 -0.0626 0.3197
vn 0.4305 0.8411 -0.3274
vn -0.9002 0.1180 -0.4191
vn 0.0630 0.9093 -0.4113
vn -0.1347 0.9909 0.0079
vn 0.4049 0.7971 -0.4481
vn 0.9878 0.1560 0.0036
vn 0.1343 0.7702 -0.6235
vn -0.0340 0.9313 -0.3625
vn -0.3920 0.7345 -0.5540
vn -0.4278 0.7478 -0.5077
vn -0.3950 0.8029 -0.4465
vn 0.9971 0.0763 0.0018
vn -0.4029 0.7909 -0.4606
vn -0.4158 0.7934 -0.4446
vn 0.9881 0.0124 -0.1535
vn 0.8390 0.0510 -0.5417
vn -0.3017 -0.9372 -0.1750
vn 0.9382 -0.0346 -0.3444
vn 0.8403 -0.0840 -0.5355
vn -0.9913 -0.0102 0.1310
vn -0.8486 -0.0495 0.5268
vn -0.9394 -0.0959 0.3293
vn -0.8301 -0.1839 0.5264
vn 0.5194 -0.8456 0.1234
vn -0.9883 0.0176 -0.1513
vn -0.9475 -0.0287 0.3184
vn -0.2915 0.9387 -0.1839
vn -0.9926 -0.0728 0.0967
vn -0.9158 -0.1675 0.3649
vn 0.9088 -0.0433 0.4150
vn 0.9970 0.0049 -0.0776
vn 0.9678 -0.0899 0.2351
vn 0.9901 -0.1384 0.0215
vn -0.8724 0.0502 -0.4863
vn -1.0000 0.0029 -0.0014
vn -0.9737 -0.0413 -0.2241
vn -0.9855 -0.1402 0.0953
vn 0.7010 -0.0717 0.7095
vn 0.9511 -0.0328 0.3071
vn 0.1490 -0.9706 0.1891
vn 0.8231 -0.1217 0.5547
vn 0.9190 -0.1715 0.3549
vn -0.6633 0.0750 -0.7446
vn -0.9300 0.0385 -0.3655
vn -0.8256 -0.0083 -0.5641
vn -0.9420 -0.1001 -0.3205
vn -0.5001 0.0861 -0.8617
vn -0.7998 0.0609 -0.5972
vn 0.2856 -0.8843 -0.3695
vn -0.6615 0.0093 -0.7499
vn -0.8024 -0.0739 -0.5921
vn 0.5156 -0.0853 0.8526
vn 0.8149 -0.0589 0.5766
vn -0.6401 0.0695 -0.7652
vn 0.6640 -0.1400 0.7345
vn 0.7954 -0.1931 0.5746
vn 0.5280 -0.0795 0.8455
vn 0.0907 0.0038 -0.9959
vn -0.9882 -0.0042 0.1532
vn -0.6854 0.0843 -0.7232
vn 0.3198 0.9367 0.1426
vn 0.7321 -0.0563 0.6789
vn 0.7827 -0.0541 0.6200
vn -0.9926 0.0263 -0.1189
vn 0.0891 -0.0170 0.9959
vn 0.2602 0.8721 -0.4144
vn -0.8914 0.0624 -0.4489
vn 0.9439 -0.0116 0.3302
vn -0.7612 -0.0542 0.6462
vn -0.5107 0.0903 -0.8550
vn 0.0699 -0.0128 0.9975
vn 0.9842 0.0228 -0.1758
vn 0.4484 0.8201 -0.3554
vn 0.4655 0.8154 -0.3441
vn -0.3737 0.7641 -0.5258
vn 0.8754 0.0328 0.4822
vn 0.3832 0.7233 -0.5745
vn 0.4059 0.7356 -0.5423
vn 0.4061 0.7991 -0.4433
vn 0.4016 0.8017 -0.4427
vn -0.1839 0.7469 -0.6390
vn -0.0660 0.9171 -0.3931
vn -0.0908 0.8873 -0.4522
vn 0.0856 0.9961 -0.0196
vn -0.7085 -0.2761 -0.6495
vn 0.7300 -0.2357 -0.6415
vn 0.4061 0.8096 -0.4238
vn -0.4045 0.8279 -0.3886
vn -0.3871 0.7964 -0.4647
vn -0.3784 0.7804 -0.4978
vn 0.3947 0.7894 -0.4701
vn -0.3961 0.8129 -0.4270
vn 0.4177 0.8299 -0.3699
vn 0.3821 0.7668 -0.5157
vn 0.2917 0.9244 -0.2457
vn -0.9928 0.1195 0.0028
vn -0.1323 0.9599 -0.2473
vn -0.3062 0.9446 0.1179
vn 0.2687 0.8633 -0.4272
vn 0.9878 0.1558 0.0036
vn -0.0362 0.8265 -0.5618
vn -0.2323 0.9268 -0.2951
vn -0.3139 0.7454 -0.5881
vn -0.3762 0.7661 -0.5210
vn -0.2851 0.8568 -0.4297
vn 0.9877 0.1562 -0.0000
vn -0.3194 0.8224 -0.4708
vn -0.3579 0.8260 -0.4355
vn 0.9896 0.0114 -0.1431
vn 0.6186 0.0692 -0.7826
vn 0.9402 -0.0351 -0.3387
vn -0.9927 -0.0091 0.1204
vn -0.9414 -0.0953 0.3235
vn 0.9922 -0.0149 0.1239
vn -0.3127 0.8760 0.3673
vn 0.9950 -0.0598 -0.0794
vn 0.9471 -0.1070 -0.3025
vn -0.9865 0.0187 -0.1627
vn -0.9934 -0.0720 0.0897
vn 0.9037 -0.0444 0.4260
vn 0.9970 0.0049 -0.0775
vn 0.9660 -0.0905 0.2420
vn -0.8664 0.0512 -0.4967
vn -0.8664 0.0512 -0.4968
vn 0.3203 -0.9299 0.1809
vn -0.9720 -0.0405 -0.2314
vn 0.6926 -0.0725 0.7176
vn 0.6927 -0.0725 0.7176
vn 0.8192 -0.1221 0.5603
vn -0.6547 0.0758 -0.7521
vn -0.6546 0.0758 -0.7521
vn -0.8218 -0.0076 -0.5698
vn -0.4912 0.0866 -0.8667
vn -0.6571 0.0097 -0.7537
vn -0.8025 -0.0739 -0.5921
vn 0.5066 -0.0858 0.8579
vn 0.2748 0.9551 0.1107
vn 0.6596 -0.1403 0.7384
vn -0.6703 0.0820 -0.7375
vn 0.7143 -0.0621 0.6970
vn -0.9901 0.0252 -0.1379
vn 0.9970 -0.0103 0.0771
vn 0.9956 -0.0029 0.0932
vn -0.8802 0.0595 -0.4709
vn -0.2730 0.9578 0.0905
vn 0.9319 -0.0206 0.3622
vn -0.9900 -0.0111 0.1408
vn 0.1030 0.9551 -0.2777
vn 0.2771 0.9534 0.1196
vn -0.0305 0.8053 -0.5921
vn 0.1450 0.9323 -0.3314
vn 0.3190 0.8205 -0.4744
vn 0.3657 0.8214 -0.4377
vn 0.2714 0.7405 -0.6148
vn 0.3188 0.7659 -0.5584
vn -0.2608 0.7931 -0.5504
vn 0.0560 0.0549 0.9969
vn 0.3669 0.8659 -0.3400
vn 0.4194 0.8508 -0.3167
vn -0.9905 -0.0046 0.1376
vn -0.4284 0.8303 0.3564
vn 0.5153 -0.0818 0.8531
vn 0.9868 0.0193 -0.1605
vn -0.4986 0.0895 -0.8622
vn -0.0609 0.9318 -0.3579
vn 0.2749 0.9105 -0.3089
vn -0.2818 0.8733 -0.3974
vn 0.2539 0.8517 -0.4584
vn -0.2619 0.8201 -0.5089
vn -0.2717 0.8466 -0.4577
vn -0.2908 0.8965 -0.3342
vn 0.2420 0.8171 -0.5232
vn 0.2645 0.8819 -0.3903
vn 0.6395 -0.4674 -0.6104
vn -0.6396 -0.4496 -0.6235
vn -0.4030 0.8472 -0.3461
vn -0.9843 0.1766 0.0041
vn -0.3608 0.8592 -0.3628
vn -0.3059 0.9087 -0.2842
vn -0.4399 0.8176 -0.3715
vn 0.9967 0.0541 0.0610
vn -0.4263 0.8207 -0.3804
vn -0.4141 0.8371 -0.3574
vn -0.9843 0.1764 0.0041
vn -0.5399 0.8406 -0.0433
vn -0.5677 0.8230 0.0191
vn 0.0513 0.1268 -0.9906
vn -0.5401 0.8370 0.0875
vn -0.6125 0.7903 0.0183
vn 0.9971 0.0764 0.0018
vn -0.5677 0.8190 0.0836
vn -0.5409 0.8392 0.0563
vn 0.0436 0.0431 0.9981
vn -0.2427 0.9230 0.2988
vn 0.0335 0.1112 -0.9932
vn -0.2473 0.9469 0.2054
vn 0.0498 0.9914 0.1209
vn 0.9971 0.0764 -0.0000
vn -0.0970 0.8270 0.5538
vn -0.4127 0.7192 0.5590
vn 0.2127 0.9757 -0.0534
vn -0.9928 0.1196 -0.0000
vn 0.0674 0.9135 0.4012
vn -0.3843 0.7530 0.5341
vn 0.6580 0.0719 -0.7496
vn 0.4132 0.0271 -0.9102
vn -0.6312 -0.0742 0.7721
vn 0.4430 -0.8815 0.1634
vn -0.3538 -0.1527 0.9228
vn -0.4744 -0.0849 0.8762
vn -0.2181 -0.1597 0.9628
vn 0.4930 0.0838 -0.8660
vn 0.2911 0.0291 -0.9562
vn -0.4434 0.0231 0.8960
vn 0.3343 0.9027 -0.2708
vn -0.2143 -0.0513 0.9754
vn 0.0528 -0.1292 0.9902
vn 0.4434 -0.0231 -0.8960
vn 0.2781 -0.0661 -0.9583
vn 0.0864 -0.1108 -0.9901
vn 0.4433 -0.0231 -0.8961
vn -0.4334 -0.0000 0.9012
vn -0.9963 0.0111 -0.0847
vn -0.2148 -0.0505 0.9753
vn 0.0372 -0.1024 0.9940
vn 0.4334 -0.0000 -0.9012
vn 0.2700 -0.0499 -0.9616
vn 0.0816 -0.1024 -0.9914
vn 0.2148 0.0505 -0.9753
vn -0.0372 0.1024 -0.9940
vn -0.5675 0.8221 -0.0462
vn -0.4433 0.0231 0.8961
vn -0.3347 0.9055 -0.2608
vn 0.9887 0.0120 -0.1495
vn -0.4314 0.8869 -0.1654
vn 0.0677 0.9280 -0.3665
vn 0.4817 0.0845 -0.8722
vn 0.4175 -0.8354 -0.3575
vn 0.2852 0.0293 -0.9580
vn -0.5106 -0.0828 0.8558
vn -0.2399 -0.1587 0.9577
vn -0.7130 -0.0667 0.6980
vn -0.4254 -0.1471 0.8930
vn 0.6752 0.0704 -0.7343
vn -0.1841 0.8140 -0.5508
vn 0.4340 0.0273 -0.9005
vn 0.2143 0.0513 -0.9754
vn -0.0528 0.1292 -0.9902
vn -0.2781 0.0661 0.9583
vn -0.0864 0.1108 0.9901
vn -0.5411 0.8399 0.0430
vn -0.5407 0.8411 -0.0175
vn -0.5396 0.8404 -0.0494
vn -0.2339 0.9261 -0.2961
vn -0.2412 0.9488 -0.2041
vn 0.3845 0.1503 -0.9108
vn -0.4703 -0.0266 0.8821
vn -0.0389 0.0360 0.9986
vn 0.2327 0.1591 -0.9594
vn -0.3046 -0.0291 0.9520
vn -0.2791 -0.0292 0.9598
vn -0.4349 0.8335 -0.3409
vn -0.4077 0.8421 -0.3531
vn -0.1990 0.9732 0.1156
vn -0.4106 0.7218 0.5572
vn -0.3846 0.8832 -0.2685
vn -0.2886 0.9179 -0.2724
vn -0.0341 0.9988 -0.0358
vn -0.3788 0.7593 0.5292
vn -0.3909 -0.0275 0.9200
vn 0.3808 0.1510 -0.9123
vn 0.2184 0.1596 -0.9627
vn -0.4391 0.8169 -0.3740
vn -0.3683 0.8705 -0.3266
vn -0.4185 0.7118 0.5640
vn -0.4006 0.7340 0.5485
vn -0.2700 0.0499 0.9616
vn -0.0816 0.1024 0.9914
vn -0.3655 0.6789 0.6368
vn -0.3798 0.7082 0.5951
vn -0.4052 0.6671 0.6251
vn -0.4146 0.6840 0.6002
vn 0.4343 0.6709 0.6011
vn 0.3870 0.7045 0.5949
vn 0.4478 0.6928 0.5652
vn 0.4061 0.7431 0.5318
vn 0.5549 0.8319 -0.0000
vn -0.5232 0.8522 -0.0000
vn 0.5550 0.8319 -0.0000
vn 0.5550 0.8319 0.0001
vn -0.5232 0.8522 -0.0001
vn 0.5550 0.8316 0.0204
vn 0.5551 0.8315 0.0204
vn -0.5234 0.8518 0.0209
vn 0.5551 0.8316 0.0204
vn -0.5234 0.8518 0.0210
vn 0.5547 0.8320 -0.0000
vn -0.5233 0.8522 -0.0000
vn -0.5231 0.8522 -0.0000
vn 0.4436 0.8300 -0.3382
vn 0.4148 0.7828 -0.4638
vn -0.4061 0.7881 -0.4626
vn -0.3824 0.7468 -0.5441
vn 0.2958 0.9214 -0.2519
vn 0.2704 0.8544 -0.4437
vn -0.2886 0.8471 -0.4463
vn -0.2617 0.7776 -0.5717
vn -0.3119 0.9041 -0.2921
vn -0.4274 0.8250 -0.3697
vn -0.5233 0.8521 -0.0000
vn -0.5236 0.8517 0.0209
vn -0.5235 0.8518 0.0209
vn -0.4236 0.7005 0.5743
vn -0.3938 0.7373 0.5489
vn 0.0532 0.0461 0.9975
vn 0.0819 0.1684 -0.9823
vn -0.9938 0.1111 -0.0000
vn 0.0932 0.1100 0.9896
vn 0.0848 0.1730 -0.9813
vn -0.8466 0.0499 0.5298
vn 0.0967 0.1157 0.9886
vn 0.0412 0.1041 -0.9937
vn 0.8451 0.0332 -0.5336
vn 0.6856 0.0543 -0.7259
vn 0.0529 0.0457 0.9976
vn 0.0810 0.1670 -0.9826
vn -0.0388 0.1055 -0.9937
vn 0.0357 0.0552 0.9978
vn -0.6787 0.0444 0.7331
vn 0.0926 0.1091 0.9897
vn 0.0839 0.1716 -0.9816
vn -0.0501 0.0481 0.9976
vn -0.0763 0.1700 -0.9825
vn 0.0153 0.1106 -0.9937
vn 0.0961 0.1147 0.9887
vn -0.0875 0.1132 0.9897
vn 0.6846 0.0333 -0.7282
vn 0.8961 0.1075 -0.4307
vn 0.0362 0.0565 0.9977
vn -0.6806 0.0265 0.7322
vn -0.0392 0.1063 -0.9936
vn -0.0791 0.1747 -0.9814
vn 0.0147 0.1086 -0.9940
vn -0.0503 0.0485 0.9976
vn -0.8510 0.1069 0.5142
vn -0.0771 0.1712 -0.9822
vn -0.0909 0.1189 0.9887
vn -0.0880 0.1140 0.9896
vn -0.0798 0.1760 -0.9811
vn -0.9832 0.1441 0.1120
vn -0.0914 0.1198 0.9886
vn -0.0496 0.1296 -0.9903
vn -0.0537 0.0572 0.9969
vn -0.0397 0.0588 0.9975
vn -0.0160 0.1094 -0.9939
vn -0.0540 0.0578 0.9969
vn 0.9877 0.1102 0.1108
vn 0.9937 0.0722 -0.0862
vn -0.9168 0.1481 -0.3709
vn -0.0334 0.1127 -0.9931
vn -0.9843 0.1765 -0.0000
vn 0.9519 0.0979 0.2903
vn -0.9843 0.1765 0.0041
vn -0.0440 0.0459 0.9980
vn 0.9878 0.1559 -0.0000
vn -0.9852 0.1557 -0.0721
vn 0.9878 0.1559 0.0036
vn -0.0497 0.1297 -0.9903
vn -0.0526 0.0624 0.9967
vn -0.9830 0.1836 -0.0000
vn -0.0329 0.1094 -0.9935
vn 0.0332 0.1107 -0.9933
vn -0.9525 0.1103 0.2840
vn -0.9830 0.1836 0.0042
vn -0.0544 0.0584 0.9968
vn -0.9891 0.1473 -0.0000
vn 0.9859 0.1672 -0.0000
vn 0.0439 0.0437 0.9981
vn 0.9359 0.0671 -0.3457
vn -0.9891 0.1473 0.0034
vn -0.0807 0.1775 -0.9808
vn 0.9970 0.0780 -0.0000
vn 0.0513 0.1267 -0.9906
vn -0.8463 0.0649 0.5287
vn -0.0920 0.1209 0.9884
vn -0.9938 0.1109 -0.0000
vn 0.0564 0.0556 0.9969
vn 0.8443 0.0457 -0.5340
vn -0.9938 0.1109 0.0026
vn 0.9859 0.1672 0.0039
vn -0.0529 0.1299 -0.9901
vn 0.7073 0.0004 0.7069
vn 0.0519 0.0580 0.9970
vn 0.9988 0.0483 -0.0000
vn -0.7110 0.0845 -0.6981
vn 0.0347 0.1112 -0.9932
vn 0.0809 0.0905 0.9926
vn -0.0640 0.0721 0.9953
vn 0.0693 0.1483 -0.9865
vn 0.0799 0.1653 -0.9830
vn 0.0912 0.1069 0.9901
vn 0.0557 0.1269 -0.9904
vn -0.0779 0.1727 -0.9819
vn 0.7084 -0.0144 0.7057
vn 0.0523 0.0589 0.9969
vn 0.0672 0.0685 0.9954
vn -0.7105 0.0678 -0.7004
vn -0.0761 0.0933 0.9927
vn 0.0338 0.1093 -0.9934
vn 0.0805 0.0897 0.9927
vn -0.0886 0.1150 0.9894
vn -0.0644 0.1496 -0.9867
vn 0.0684 0.1471 -0.9868
vn 0.0790 0.1639 -0.9833
vn 0.0906 0.1060 0.9902
vn 0.0550 0.1258 -0.9905
vn -0.0759 0.1693 -0.9826
vn 0.0668 0.0679 0.9955
vn -0.0867 0.1117 0.9900
vn -0.0744 0.1668 -0.9832
vn -0.0524 0.0618 0.9967
vn -0.0857 0.1099 0.9902
vn -0.0337 0.1111 -0.9932
vn -0.0765 0.0940 0.9926
vn -0.0517 0.1278 -0.9905
vn -0.0398 0.1072 -0.9934
vn -0.0651 0.1507 -0.9864
vn -0.0752 0.1680 -0.9829
vn -0.0633 0.0709 0.9955
vn -0.0862 0.1108 0.9901
vn -0.0523 0.1287 -0.9903
vn -0.0506 0.0489 0.9975
vn -0.0636 0.0715 0.9954
vn -0.0770 0.0948 0.9925
vn -0.0659 0.1520 -0.9862
vn 0.8898 0.0584 -0.4527
vn -0.0521 0.0613 0.9968
vn -0.8620 0.0716 0.5019
vn -0.0346 0.1128 -0.9930
vn -0.9921 0.1017 0.0741
vn -0.0395 0.0578 0.9975
vn -0.0339 0.1136 -0.9929
vn -0.0436 0.0449 0.9980
vn -0.0166 0.1112 -0.9937
vn -0.0337 0.1132 -0.9930
vn -0.8057 0.0812 -0.5868
vn -0.0437 0.0454 0.9980
vn 0.8106 0.0036 0.5856
vn 0.9851 0.1220 -0.1209
vn -0.8038 0.0987 -0.5867
vn 0.8111 0.0248 0.5844
vn -0.0159 -0.0112 0.9998
vn -0.0157 -0.0113 0.9998
vn 0.0265 -0.0980 0.9948
vn 0.0258 -0.0979 0.9949
vn -0.0268 0.0979 -0.9948
vn 0.0135 -0.0979 0.9951
vn -0.0105 0.0979 -0.9951
vn 0.0278 -0.0980 0.9948
vn -0.0266 0.0979 -0.9948
vn -0.0325 0.0980 -0.9947
vn 0.0316 -0.0979 0.9947
vn -0.0159 -0.0113 0.9998
vn 0.0157 0.0113 -0.9998
vn 0.0159 0.0113 -0.9998
vn -0.0273 0.0979 -0.9948
vn -0.0323 0.0979 -0.9947
vn -0.0104 0.0979 -0.9951
vn 0.0159 0.0112 -0.9998
vn 0.9053 0.0391 -0.4230
vn -0.8697 -0.0460 0.4914
vn -0.9993 -0.0010 0.0385
vn 0.8806 -0.0488 0.4713
vn -0.7191 0.0699 -0.6914
vn 0.7029 -0.0715 0.7076
vn 0.6970 0.0683 -0.7138
vn -0.6766 -0.0703 0.7330
vn -0.6765 -0.0703 0.7331
vn 0.7029 -0.0715 0.7077
vn -0.9025 0.0446 -0.4284
vn 0.8803 -0.0488 0.4719
vn -0.7189 0.0700 -0.6915
vn 0.9976 -0.0095 0.0685
vn 0.8805 -0.0488 0.4716
vn -0.9026 0.0446 -0.4282
vn -0.6763 -0.0703 0.7333
vn -0.8698 -0.0460 0.4913
vn 0.6968 0.0683 -0.7140
vn 0.9053 0.0391 -0.4229
vn 0.8804 -0.0488 0.4718
vn -0.0264 -0.0978 0.9949
vn 0.0280 0.0978 -0.9948
vn 0.0348 0.0977 -0.9946
vn -0.0337 -0.0977 0.9946
vn -0.0287 -0.0978 0.9948
vn -0.0127 -0.0979 0.9951
vn -0.0166 0.0120 -0.9998
vn -0.0167 0.0119 -0.9998
vn 0.0167 -0.0119 0.9998
vn -0.0169 0.0119 -0.9998
vn 0.0168 -0.0120 0.9998
vn 0.0279 0.0978 -0.9948
vn -0.0263 -0.0978 0.9949
vn 0.0350 0.0977 -0.9946
vn -0.0165 0.0118 -0.9998
vn 0.0168 -0.0118 0.9998
vn -0.0167 0.0118 -0.9998
vn 0.0171 -0.0118 0.9998
vn -0.0168 0.0118 -0.9998
vn -0.0171 0.0118 -0.9998
vn 0.0170 -0.0118 0.9998
vn -0.0166 0.0118 -0.9998
vn -0.0286 -0.0978 0.9948
vn 0.0268 0.0978 -0.9948
vn -0.0131 -0.0978 0.9951
vn 0.0089 0.0979 -0.9952
vn 0.9973 -0.0732 -0.0000
vn -0.9998 0.0183 -0.0000
vn 0.9973 -0.0733 -0.0017
vn -0.9973 0.0733 0.0017
vn 0.9973 -0.0732 -0.0016
vn -0.9998 0.0183 0.0004
vn 0.9998 -0.0183 -0.0004
vn -0.9998 0.0184 0.0005
vn -0.9973 0.0732 -0.0000
vn 0.8390 0.0510 -0.5418
vn 0.9511 -0.0328 0.3070
vn -0.9299 0.0385 -0.3657
vn 0.8148 -0.0590 0.5768
vn -0.8485 -0.0495 0.5268
vn -0.9300 0.0385 -0.3656
vn 0.9511 -0.0328 0.3072
vn -0.7997 0.0609 -0.5973
vn 0.8389 0.0510 -0.5419
vn 0.8389 0.0510 -0.5418
vn -0.8485 -0.0495 0.5269
vn 0.9364 0.0318 -0.3495
vn -0.9300 0.0384 -0.3655
vn -0.7997 0.0609 -0.5974
vn 0.8148 -0.0590 0.5767
vn 0.9363 0.0318 -0.3496
vn 0.8149 -0.0590 0.5766
vn 0.8391 0.0510 -0.5416
vn -0.0116 0.0979 -0.9951
vn 0.0142 -0.0979 0.9951
vn -0.0265 0.0980 -0.9948
vn -0.0173 -0.0093 0.9998
vn 0.0173 0.0093 -0.9998
vn -0.0168 -0.0093 0.9998
vn 0.0169 0.0093 -0.9998
vn -0.0223 -0.0000 0.9998
vn 0.0223 -0.0000 -0.9998
vn -0.0172 -0.0093 0.9998
vn 0.0318 -0.0980 0.9947
vn 0.0258 -0.0980 0.9949
vn -0.0270 0.0979 -0.9948
vn 0.4528 -0.0885 0.8872
vn 0.2428 0.9670 -0.0770
vn 0.5038 0.8109 -0.2976
vn -0.9951 -0.0070 0.0987
vn 0.1265 -0.0197 0.9918
vn 0.9991 -0.0069 0.0427
vn 0.1247 0.0013 -0.9922
vn -0.4969 -0.8539 0.1545
vn -0.2191 -0.9705 0.1012
vn 0.4228 -0.0898 0.9018
vn -0.5038 -0.8109 0.2976
vn -0.2771 0.0948 -0.9561
vn 0.4797 0.8043 0.3507
vn -0.1739 0.9296 0.3249
vn 0.5139 0.8039 0.2994
vn -0.9892 0.0165 0.1455
vn 0.9955 0.0065 -0.0941
vn -0.1265 0.0197 -0.9918
vn -0.9991 0.0068 -0.0410
vn -0.1247 -0.0013 0.9922
vn -0.4862 -0.8008 -0.3499
vn -0.1734 -0.9268 -0.3332
vn -0.3914 0.0911 -0.9157
vn 0.2461 -0.0955 0.9645
vn 0.5037 0.8502 -0.1531
vn -0.9841 0.0201 -0.1762
vn -0.2439 0.9674 -0.0681
vn 0.9878 -0.0163 -0.1548
vn -0.9949 0.0723 0.0697
vn 0.1259 -0.0000 0.9920
vn 0.9920 -0.0739 0.1021
vn 0.1259 -0.0000 -0.9920
vn -0.4319 -0.8286 -0.3563
vn 0.2243 -0.9704 0.0895
vn 0.1486 -0.0972 0.9841
vn -0.0063 0.0979 -0.9952
vn 0.4464 0.8797 -0.1638
vn 0.1841 0.9288 0.3215
vn 0.9825 -0.0202 0.1850
vn 0.9949 -0.0723 -0.0697
vn -0.1259 -0.0000 -0.9920
vn -0.9920 0.0739 -0.1021
vn -0.1259 -0.0000 0.9920
vn -0.4303 -0.8872 0.1665
vn -0.1003 -0.8517 -0.5143
vn -0.0695 0.0978 -0.9928
vn -0.0729 -0.0974 0.9926
vn 0.4166 0.8356 0.3580
vn 0.1371 0.9806 -0.1401
vn -0.3922 0.8760 0.2807
vn -0.1246 0.0029 -0.9922
vn -0.1250 0.0021 0.9922
vn 0.2928 0.9559 0.0222
vn -0.1214 0.9823 -0.1424
vn 0.1245 0.0030 0.9922
vn 0.1250 0.0021 -0.9922
vn -0.2548 0.9667 0.0224
vn 0.1453 0.8093 -0.5692
vn 0.3862 -0.8941 -0.2268
vn -0.2353 -0.0945 0.9673
vn 0.3805 0.0895 -0.9205
vn -0.1878 0.8135 -0.5505
vn 0.1009 0.8671 0.4878
vn -0.1255 0.0217 -0.9919
vn -0.1234 0.0013 0.9924
vn 0.2590 0.9656 0.0224
vn 0.9949 -0.0724 -0.0697
vn 0.1258 -0.0177 0.9919
vn 0.1238 0.0039 -0.9923
vn -0.2543 0.9669 0.0224
vn -0.3302 0.9066 -0.2627
vn -0.2649 -0.7372 -0.6216
vn 0.2936 0.0928 -0.9514
vn -0.4393 -0.0867 0.8941
vn 0.2870 0.9577 0.0222
vn 0.3274 0.9044 -0.2736
vn -0.2178 0.7367 0.6402
vn -0.2307 0.9728 0.0226
vn -0.9977 -0.0000 0.0677
vn -0.0656 0.9309 -0.3594
vn 0.1261 -0.0138 0.9919
vn 0.9937 -0.0000 0.1122
vn 0.1257 0.0092 -0.9920
vn -0.2701 0.9587 0.0887
vn 0.2765 -0.7347 -0.6195
vn 0.5233 0.0820 -0.8482
vn -0.9998 0.0008 0.0202
vn -0.6721 -0.0707 0.7371
vn 0.9974 -0.0097 0.0713
vn 0.2714 0.9564 0.1082
vn 0.2029 0.7301 0.6525
vn 0.1325 -0.0202 0.9910
vn 0.9977 -0.0000 -0.0677
vn 0.2764 -0.7347 -0.6195
vn 0.1340 0.0006 -0.9910
vn -0.9937 -0.0000 -0.1122
vn 0.3991 -0.8617 -0.3134
vn -0.1261 0.0138 -0.9919
vn -0.5030 -0.0832 0.8603
vn 0.9997 -0.0005 -0.0228
vn -0.3963 0.8780 -0.2685
vn -0.1257 -0.0092 0.9920
vn 0.6514 0.0725 -0.7552
vn -0.9969 0.0104 -0.0775
vn -0.1325 0.0202 -0.9910
vn -0.1340 -0.0006 0.9910
vn 0.2909 0.0858 -0.9529
vn 0.9878 -0.0163 -0.1547
vn -0.4362 -0.0763 0.8966
vn -0.2335 -0.1005 0.9671
vn 0.9990 0.0016 -0.0442
vn 0.3772 0.0988 -0.9209
vn -0.9935 0.0138 -0.1126
vn -0.3887 0.0985 -0.9161
vn 0.2447 -0.1003 0.9644
vn 0.4205 -0.0821 0.9036
vn -0.2752 0.0897 -0.9572
vn -0.0689 0.0993 -0.9927
vn -0.9992 -0.0012 0.0399
vn 0.0192 -0.0979 0.9950
vn -0.0723 -0.0953 0.9928
vn 0.9942 -0.0132 0.1066
vn 0.1570 0.0963 -0.9829
vn 0.1469 -0.0913 0.9849
vn -0.0061 0.0973 -0.9952
vn -0.9985 -0.0027 0.0552
vn -0.1263 0.0974 -0.9872
vn -0.1314 0.0223 -0.9911
vn 0.9936 -0.0137 0.1118
vn -0.0497 -0.0976 0.9940
vn -0.1327 0.0021 0.9912
vn 0.1318 -0.0180 0.9911
vn 0.1331 0.0034 -0.9911
vn 0.1314 -0.0168 0.9912
vn 0.1332 0.0032 -0.9911
vn 0.9985 0.0026 -0.0541
vn -0.4961 -0.8529 0.1627
vn -0.3859 -0.0893 0.9182
vn -0.1310 0.0232 -0.9911
vn -0.9941 0.0133 -0.1072
vn -0.9949 0.0724 0.0697
vn 0.5581 0.0797 -0.8260
vn -0.1328 0.0018 0.9911
vn 0.4784 0.8017 0.3585
vn -0.9987 -0.0023 0.0510
vn 0.3422 0.0910 -0.9352
vn 0.9971 -0.0102 0.0759
vn -0.5150 -0.0825 0.8532
vn 0.1334 -0.0139 0.9910
vn 0.1338 0.0090 -0.9910
vn 0.9987 0.0023 -0.0512
vn 0.4865 -0.8280 -0.2790
vn -0.6220 -0.0750 0.7794
vn -0.9975 0.0096 -0.0700
vn 0.1240 -0.0080 0.9923
vn 0.7902 0.0578 -0.6101
vn -0.4777 0.8342 -0.2754
vn 0.4167 0.8356 0.3580
vn 0.1229 0.0168 -0.9923
vn -0.1249 0.0168 -0.9920
vn -0.5990 0.0877 -0.7959
vn -0.1241 -0.0054 0.9923
vn -0.1334 0.0139 -0.9910
vn 0.4510 -0.0945 0.8875
vn -0.1238 0.0196 -0.9921
vn -0.1338 -0.0090 0.9910
vn -0.5009 -0.0905 0.8608
vn -0.1239 -0.0047 0.9923
vn 0.6060 0.0762 -0.7918
vn 0.6489 0.0817 -0.7565
vn 0.9948 0.0072 -0.1012
vn -0.1239 0.0193 -0.9921
vn -0.7745 -0.0598 0.6297
vn 0.6143 -0.0710 0.7859
vn 0.4777 -0.8342 0.2754
vn -0.9993 0.0063 -0.0360
vn -0.1240 -0.0050 0.9923
vn -0.4656 0.0819 -0.8812
vn 0.1251 -0.0109 0.9921
vn 0.5210 0.0749 -0.8503
vn -0.4865 0.8280 0.2790
vn 0.1243 0.0130 -0.9922
vn -0.6696 -0.0614 0.7401
vn -0.2106 0.9773 0.0227
vn -0.8149 0.0589 -0.5766
vn -0.9954 -0.0067 0.0957
vn 0.6468 -0.0764 0.7588
vn 0.9995 -0.0059 0.0319
vn 0.3321 0.9430 0.0219
vn 0.7961 -0.0614 0.6020
vn -0.9980 -0.0035 0.0638
vn -0.6276 0.0779 -0.7746
vn 0.9999 -0.0040 0.0123
vn 0.1241 0.0137 -0.9922
vn 0.5091 -0.0856 0.8564
vn 0.9976 0.0041 -0.0694
vn 1.0000 -0.0020 -0.0077
vn -0.3363 0.0931 -0.9371
vn -0.9999 0.0042 -0.0149
vn -0.9980 0.0089 -0.0625
vn 0.1094 -0.0185 0.9938
vn 0.1109 0.0023 -0.9938
vn -0.5771 0.0815 -0.8126
vn -1.0000 0.0021 0.0064
vn 0.4051 -0.0906 0.9098
vn 0.9983 -0.0084 0.0576
vn 0.7928 -0.0468 0.6077
vn -0.1094 0.0185 -0.9938
vn -0.6244 0.0662 -0.7783
vn -0.1109 -0.0023 0.9938
vn 0.6034 0.0673 -0.7946
vn 0.9998 -0.0007 -0.0207
vn -0.7718 -0.0485 0.6341
vn -0.9959 0.0115 -0.0892
vn -0.5723 0.0998 -0.8140
vn 0.4008 -0.1027 0.9104
vn 0.5037 -0.0700 0.8610
vn -0.3332 0.0828 -0.9392
vn 0.9928 -0.0168 -0.1190
vn 0.1629 0.7366 0.6565
vn 0.3401 0.0841 -0.9366
vn -0.1321 0.0171 -0.9911
vn -0.9962 0.0193 -0.0851
vn -0.9998 0.0008 0.0197
vn -0.5113 -0.0720 0.8564
vn -0.1321 -0.0050 0.9912
vn -0.1764 0.7434 0.6452
vn 0.9962 -0.0112 0.0865
vn -0.3832 -0.0970 0.9186
vn -0.1310 0.0197 -0.9912
vn 0.5550 0.0916 -0.8268
vn -0.1319 -0.0045 0.9912
vn 0.0582 0.8801 0.4713
vn -0.1253 0.1007 -0.9870
vn -0.1309 0.0200 -0.9912
vn -0.0486 -0.0949 0.9943
vn -0.1318 -0.0042 0.9913
vn -0.3435 0.8868 0.3092
vn 0.1311 -0.0078 0.9913
vn 0.9932 -0.0720 -0.0915
vn 0.1320 0.0139 -0.9912
vn -0.9928 0.0168 0.1190
vn 0.3459 0.8833 0.3164
vn -0.9957 0.0737 -0.0562
vn 0.1322 -0.0108 0.9912
vn 0.9962 -0.0193 0.0851
vn 0.1323 0.0130 -0.9911
vn -0.0531 0.8848 0.4629
vn 0.6184 -0.0786 0.7819
vn -0.4653 0.0879 -0.8808
vn -0.2039 0.9786 -0.0281
vn -0.1081 0.0211 -0.9939
vn -0.9932 0.0720 0.0915
vn -0.1100 -0.0004 0.9939
vn 0.2034 0.9785 -0.0352
vn 0.9957 -0.0737 0.0562
vn 0.1486 0.9459 0.2884
vn -0.6033 0.0797 -0.7935
vn -0.1102 0.0135 -0.9938
vn 0.4506 -0.0886 0.8883
vn -0.1107 -0.0095 0.9938
vn -0.1400 0.9465 0.2907
vn 0.1311 -0.0077 0.9913
vn 0.1308 0.0171 -0.9913
vn 0.1102 -0.0136 0.9938
vn 0.1107 0.0095 -0.9938
vn 0.1294 -0.0199 0.9914
vn -0.3934 0.0911 -0.9149
vn 0.1275 0.0011 -0.9918
vn 0.2440 -0.0956 0.9650
vn 0.2243 -0.9704 0.0896
vn 0.1102 -0.0135 0.9938
vn 0.1840 0.9288 0.3215
vn -0.1294 0.0199 -0.9914
vn 0.1506 -0.0972 0.9838
vn -0.1275 -0.0011 0.9918
vn -0.0043 0.0979 -0.9952
vn 0.2244 -0.9704 0.0895
vn -0.1733 -0.9268 -0.3332
vn -0.6195 -0.0842 0.7805
vn 0.7876 0.0701 -0.6122
vn -0.0716 0.0978 -0.9926
vn -0.8116 0.0748 -0.5794
vn -0.0749 -0.0974 0.9924
vn 0.6436 -0.0884 0.7603
vn 0.0182 -0.0956 0.9953
vn 0.1554 0.1018 -0.9826
vn -0.1003 -0.8517 -0.5144
vn -0.2332 -0.0945 0.9678
vn 0.3825 0.0894 -0.9196
vn 0.1283 -0.0167 0.9916
vn 0.1267 0.0036 -0.9919
vn 0.1010 0.8671 0.4878
vn -0.1279 0.0229 -0.9915
vn 0.2914 0.0928 -0.9521
vn -0.1264 0.0012 0.9920
vn -0.4413 -0.0866 0.8932
vn 0.2927 0.9562 -0.0000
vn -0.1284 0.0220 -0.9915
vn -0.1262 0.0015 0.9920
vn 0.1287 -0.0178 0.9915
vn -0.1102 0.0136 -0.9938
vn 0.1267 0.0038 -0.9919
vn 0.5210 0.0821 -0.8496
vn -0.6740 -0.0705 0.7353
vn -0.1081 0.0187 -0.9940
vn -0.1091 -0.0056 0.9940
vn 0.1290 -0.0139 0.9915
vn -0.5007 -0.0834 0.8616
vn -0.1092 0.0161 -0.9939
vn 0.1286 0.0091 -0.9917
vn 0.6534 0.0723 -0.7536
vn -0.1093 -0.0061 0.9940
vn 0.1093 -0.0111 0.9939
vn 0.1094 0.0129 -0.9939
vn -0.4976 -0.0943 0.8623
vn 0.1084 -0.0084 0.9941
vn 0.6496 0.0863 -0.7554
vn 0.1092 0.0134 -0.9939
vn -0.6002 0.0904 -0.7947
vn -0.1083 0.0184 -0.9940
vn 0.4481 -0.0968 0.8887
vn -0.1092 -0.0058 0.9940
vn -0.1290 0.0139 -0.9915
vn 0.2874 0.0824 -0.9543
vn -0.1286 -0.0091 0.9917
vn -0.4367 -0.0710 0.8968
vn -0.2304 -0.1038 0.9675
vn 0.4223 -0.8332 -0.3570
vn 0.3774 0.1037 -0.9202
vn -0.3897 0.1013 -0.9154
vn -0.4365 0.8845 -0.1645
vn 0.2420 -0.1022 0.9649
vn -0.9995 -0.0002 0.0302
vn 0.9962 -0.0113 0.0869
vn -0.0709 0.0994 -0.9925
vn 0.4243 -0.8900 0.1666
vn -0.0738 -0.0937 0.9929
vn 0.1482 -0.0886 0.9850
vn -0.4108 0.8384 0.3582
vn -0.0037 0.0964 -0.9953
vn 0.5176 0.0716 -0.8526
vn 0.1084 -0.0085 0.9941
vn 0.9996 0.0002 -0.0299
vn -0.6704 -0.0568 0.7398
vn 0.1082 0.0163 -0.9940
vn -0.9965 0.0109 -0.0831
vn 0.6155 -0.0681 0.7852
vn 0.4735 -0.8666 0.1578
vn -0.1086 0.0202 -0.9939
vn -0.4627 0.0799 -0.8829
vn -0.1098 -0.0000 0.9940
vn -0.4571 0.8162 0.3532
vn 0.1089 -0.0168 0.9939
vn 0.1102 0.0047 -0.9939
vn 0.1085 -0.0157 0.9940
vn -0.9995 -0.0004 0.0319
vn 0.1103 0.0044 -0.9939
vn 0.9983 -0.0083 0.0569
vn 0.4617 -0.8139 -0.3527
vn 0.4963 -0.0863 0.8638
vn -0.3502 0.0926 -0.9321
vn -0.4784 0.8640 -0.1568
vn 0.4735 -0.8666 0.1577
vn 0.9995 0.0005 -0.0330
vn -0.9986 0.0078 -0.0519
vn 0.4768 -0.8328 0.2813
vn -0.5646 0.0823 -0.8213
vn 0.4190 -0.0900 0.9035
vn -0.4863 0.8276 0.2804
vn 0.4863 -0.8276 -0.2804
vn 0.0055 -0.0979 0.9952
vn 0.1435 0.0965 -0.9849
vn -0.4768 0.8328 -0.2813
vn -0.1266 0.0198 -0.9918
vn 0.4767 -0.8328 0.2813
vn -0.1127 0.0976 -0.9888
vn -0.1267 -0.0045 0.9919
vn -0.0361 -0.0977 0.9946
vn -0.1278 0.0169 -0.9917
vn -0.1270 -0.0052 0.9919
vn -0.1267 0.0194 -0.9917
vn -0.1268 -0.0048 0.9919
vn 0.1279 -0.0109 0.9917
vn -0.3998 -0.0886 0.9123
vn 0.1272 0.0130 -0.9918
vn 0.5455 0.0806 -0.8343
vn -0.4767 0.8328 -0.2813
vn 0.3561 0.0905 -0.9301
vn -0.5022 -0.0833 0.8607
vn 0.3202 -0.9299 0.1809
vn 0.1268 -0.0079 0.9919
vn 0.6203 0.0751 -0.7808
vn 0.1257 0.0169 -0.9919
vn -0.7629 -0.0612 0.6436
vn 0.1269 0.0138 -0.9918
vn -0.6364 -0.0738 0.7678
vn 0.7787 0.0593 -0.6246
vn 0.0704 -0.0157 0.9974
vn 0.0686 0.0055 -0.9976
vn 0.4815 -0.8181 -0.3144
vn -0.4670 0.8181 -0.3356
vn 0.7847 -0.0628 0.6167
vn -0.9958 -0.0062 0.0909
vn -0.6420 0.0768 -0.7628
vn 0.9992 -0.0066 0.0395
vn -0.0704 0.0157 -0.9974
vn -0.0686 -0.0055 0.9976
vn 0.4670 -0.8181 0.3356
vn -0.4815 0.8181 0.3144
vn -0.8036 0.0604 -0.5921
vn 0.9950 0.0070 -0.0993
vn 0.6613 -0.0752 0.7463
vn -0.9990 0.0072 -0.0450
vn -0.5616 0.0934 -0.8221
vn 0.4163 -0.0978 0.9039
vn -0.9952 -0.0068 0.0971
vn -0.8016 0.0700 -0.5937
vn 0.9975 -0.0096 0.0695
vn 0.6593 -0.0827 0.7473
vn 0.4932 -0.0771 0.8665
vn -0.3482 0.0860 -0.9335
vn -0.6348 -0.0798 0.7686
vn 0.7771 0.0670 -0.6258
vn 0.9960 0.0060 -0.0889
vn 0.3547 0.0858 -0.9310
vn 0.0698 -0.0137 0.9975
vn -0.9977 0.0093 -0.0673
vn -0.5000 -0.0768 0.8626
vn 0.0682 0.0066 -0.9976
vn -0.3980 -0.0938 0.9126
vn -0.0699 0.0166 -0.9974
vn 0.5435 0.0881 -0.8348
vn -0.0678 -0.0039 0.9977
vn -0.1122 0.0994 -0.9887
vn 0.0701 -0.0147 0.9974
vn -0.0356 -0.0964 0.9947
vn 0.0681 0.0071 -0.9977
vn -0.9888 -0.0119 0.1485
vn 0.0051 -0.0970 0.9953
vn 0.9956 -0.0118 0.0927
vn 0.1425 0.0999 -0.9847
vn 0.1350 0.9811 -0.1388
vn -0.1191 0.9829 -0.1407
vn -0.0695 0.0175 -0.9974
vn -0.0681 -0.0044 0.9977
vn 0.9898 0.0112 -0.1418
vn 0.1396 0.8101 -0.5694
vn -0.9960 0.0115 -0.0889
vn 0.9363 0.0318 -0.3498
vn 0.4713 -0.0876 0.8776
vn -0.2247 0.0960 -0.9697
vt 0.800000 0.846575
vt 0.800000 1.000000
vt 0.600000 1.000000
vt 0.600000 0.846575
vt 0.400000 1.000000
vt 0.400000 0.846575
vt 0.200000 1.000000
vt 0.200000 0.846575
vt 0.006250 1.000000
vt 0.012500 1.000000
vt 0.802925 0.679608
vt 0.800000 0.679608
vt 0.091278 1.000000
vt 0.091278 1.000000
vt 0.091278 1.000000
vt 0.478254 0.324164
vt 0.474916 0.326589
vt 0.471578 0.329014
vt 0.468240 0.331440
vt 0.402169 0.379443
vt 0.371004 0.402086
vt 0.366233 0.405552
vt 0.361462 0.409018
vt 0.356691 0.412484
vt 0.326084 0.434721
vt 0.259899 0.482808
vt 0.250000 0.490000
vt 0.242867 0.484818
vt 0.235734 0.479635
vt 0.173915 0.434721
vt 0.145827 0.414314
vt 0.139123 0.409443
vt 0.132418 0.404572
vt 0.125713 0.399700
vt 0.097831 0.379443
vt 0.033478 0.332687
vt 0.029567 0.329846
vt 0.025657 0.327005
vt 0.021746 0.324164
vt 0.108932 0.055836
vt 0.391068 0.055836
vt 0.902335 1.000000
vt 0.906515 1.000000
vt 0.893974 1.000000
vt 0.189721 0.500000
vt 0.189721 0.500000
vt 0.750000 0.490000
vt 0.759899 0.482808
vt 0.826084 0.434721
vt 0.856691 0.412484
vt 0.861462 0.409018
vt 0.866233 0.405552
vt 0.871004 0.402086
vt 0.902169 0.379443
vt 0.968240 0.331440
vt 0.971578 0.329014
vt 0.974916 0.326589
vt 0.978254 0.324164
vt 0.891068 0.055836
vt 0.608932 0.055836
vt 0.521746 0.324164
vt 0.525657 0.327005
vt 0.529567 0.329846
vt 0.533478 0.332687
vt 0.597831 0.379443
vt 0.625713 0.399700
vt 0.632418 0.404572
vt 0.639123 0.409443
vt 0.645827 0.414314
vt 0.673916 0.434721
vt 0.735734 0.479635
vt 0.742867 0.484818
vt 0.200000 0.500000
vt 0.200000 0.500000
vt 0.012500 0.846575
vt 0.000000 1.000000
vt 0.000000 0.846575
vt 0.006250 0.846575
vt 0.012500 0.507123
vt 0.012500 0.666667
vt 0.006250 0.666667
vt 0.000000 0.666667
vt 0.000000 0.507123
vt 0.006250 0.507123
vt 0.400000 0.507123
vt 0.400000 0.666667
vt 0.200000 0.666667
vt 0.200000 0.507123
vt 0.400000 0.679608
vt 0.400000 0.833333
vt 0.200000 0.833333
vt 0.200000 0.679608
vt 0.600000 0.507123
vt 0.600000 0.666667
vt 0.600000 0.679608
vt 0.600000 0.833333
vt 0.800000 0.507123
vt 0.800000 0.666667
vt 0.800000 0.833333
vt 0.991326 0.507123
vt 0.991326 0.666667
vt 0.933333 0.666667
vt 0.933333 0.507123
vt 0.893974 0.679608
vt 0.893974 0.833333
vt 0.866667 0.833333
vt 0.866667 0.679608
vt 0.893974 0.507123
vt 0.893974 0.666667
vt 0.866667 0.666667
vt 0.866667 0.507123
vt 0.991326 0.679608
vt 0.991326 0.833333
vt 0.933333 0.833333
vt 0.933333 0.679608
vt 0.893974 0.846575
vt 0.893974 1.000000
vt 0.866667 1.000000
vt 0.866667 0.846575
vt 0.189721 0.679608
vt 0.189721 0.833333
vt 0.133333 0.833333
vt 0.133333 0.679608
vt 0.091278 0.679608
vt 0.091278 0.833333
vt 0.066667 0.833333
vt 0.066667 0.679608
vt 0.189721 0.507123
vt 0.189721 0.666667
vt 0.133333 0.666667
vt 0.133333 0.507123
vt 0.091278 0.507123
vt 0.091278 0.666667
vt 0.066667 0.666667
vt 0.066667 0.507123
vt 0.189721 0.846575
vt 0.189721 1.000000
vt 0.133333 1.000000
vt 0.133333 0.846575
vt 0.091278 0.846575
vt 0.066667 1.000000
vt 0.066667 0.846575
vt 0.108902 1.000000
vt 0.133333 1.000000
vt 0.108902 1.000000
vt 0.012500 1.000000
vt 0.933333 1.000000
vt 0.933333 1.000000
vt 0.808774 1.000000
vt 0.808774 1.000000
vt 0.991326 1.000000
vt 1.000000 1.000000
vt 0.991326 1.000000
vt 0.200000 1.000000
vt 0.991326 1.000000
vt 1.000000 0.679608
vt 1.000000 0.833333
vt 1.000000 0.507123
vt 1.000000 0.666667
vt 0.898155 0.500000
vt 0.893974 0.500000
vt 0.893974 0.502374
vt 0.893974 0.500000
vt 1.000000 0.846575
vt 0.991326 0.846575
vt 0.012500 0.679608
vt 0.012500 0.833333
vt 0.006250 0.833333
vt 0.000000 0.833333
vt 0.000000 0.679608
vt 0.006250 0.679608
vt 0.898155 0.507123
vt 0.103028 1.000000
vt 0.108902 1.000000
vt 0.933333 0.500000
vt 0.991326 0.500000
vt 0.066667 1.000000
vt 0.906515 1.000000
vt 0.808774 1.000000
vt 0.400000 1.000000
vt 0.800000 1.000000
vt 0.200000 1.000000
vt 0.066667 0.500000
vt 0.012500 0.500000
vt 0.012500 0.500000
vt 1.000000 0.500000
vt 0.933333 0.846575
vt 0.091278 0.500000
vt 0.091278 0.500000
vt 0.189721 0.500000
vt 0.133333 0.500000
vt 0.866667 0.500000
vt 0.800000 0.500000
vt 0.600000 0.500000
vt 0.400000 0.500000
vt 0.200000 0.500000
vt 0.091278 0.837747
vt 0.898155 0.679608
vt 0.800000 0.500000
vt 0.800000 0.500000
vt 0.091278 0.670980
vt 0.808774 0.500000
vt 0.898155 0.846574
vt 0.898155 0.846575
vt 0.193147 0.846574
vt 0.189721 0.846575
vt 0.193147 0.846575
vt 0.006250 0.500000
vt 0.000000 0.500000
vt 0.006250 0.500000
vt 0.906515 1.000000
vt 0.902335 0.500000
vt 0.906515 0.500000
vt 0.898155 0.500000
vt 0.893974 0.500000
vt 0.906515 0.833333
vt 0.906515 0.679608
vt 0.906515 0.666667
vt 0.906515 0.507123
vt 0.906515 0.846575
vt 0.906515 0.500000
vt 0.893974 0.837747
vt 0.012500 0.500000
vt 0.091278 0.502374
vt 0.991326 1.000000
vt 0.991326 1.000000
vt 0.006250 0.500000
vt 0.091278 1.000000
vt 0.906515 1.000000
vt 0.108902 0.833333
vt 0.108902 0.679608
vt 0.108902 0.666667
vt 0.108902 0.507123
vt 0.108902 0.846575
vt 0.108902 0.500000
vt 0.902335 0.833333
vt 0.006250 0.500000
vt 0.012500 0.500000
vt 0.196574 1.000000
vt 0.902335 0.666667
vt 0.097153 0.507123
vt 0.091278 0.507123
vt 0.097153 0.507123
vt 0.991326 0.837747
vt 0.991326 0.837747
vt 0.097153 0.679608
vt 0.991326 0.500000
vt 0.906515 0.842161
vt 0.906515 0.675294
vt 0.906515 0.504748
vt 0.898155 1.000000
vt 0.893974 1.000000
vt 0.898155 1.000000
vt 0.893974 0.670980
vt 0.906515 0.500000
vt 0.991326 1.000000
vt 1.000000 0.842161
vt 0.991326 0.842161
vt 0.006250 0.842161
vt 0.000000 0.842161
vt 1.000000 0.675294
vt 0.991326 0.675294
vt 0.006250 0.675294
vt 0.000000 0.675294
vt 1.000000 0.504748
vt 0.991326 0.504748
vt 0.006250 0.504748
vt 0.000000 0.504748
vt 0.097153 0.504748
vt 0.091278 0.504748
vt 0.097153 0.675294
vt 0.091278 0.675294
vt 0.097153 0.842161
vt 0.097153 0.846575
vt 0.091278 0.842161
vt 0.097153 0.500000
vt 0.103028 1.000000
vt 0.103028 1.000000
vt 0.898155 0.504748
vt 0.893974 0.504748
vt 0.898154 0.675294
vt 0.893974 0.675294
vt 0.898155 0.842161
vt 0.893974 0.842161
vt 0.898155 0.500000
vt 0.108902 0.500000
vt 0.108902 0.500000
vt 0.893974 0.833333
vt 0.097153 1.000000
vt 0.006250 1.000000
vt 0.012500 1.000000
vt 0.108902 0.842161
vt 0.108902 0.675294
vt 0.108902 0.504748
vt 0.103028 0.500000
vt 0.006250 0.833333
vt 0.012500 0.675294
vt 0.108902 1.000000
vt 0.108902 1.000000
vt 0.012500 0.504748
vt 0.097153 1.000000
vt 0.103028 0.500000
vt 0.108902 0.500000
vt 0.012500 0.500000
vt 0.991326 0.666667
vt 0.103028 0.666667
vt 0.012500 0.842161
vt 1.000000 0.833333
vt 0.097153 0.500000
vt 0.091278 0.500000
vt 0.103028 0.833333
vt 0.991326 0.670980
vt 0.991326 0.502374
vt 0.097153 0.846574
vt 0.802925 0.500000
vt 0.805849 0.500000
vt 0.808774 0.500000
vt 0.991326 1.000000
vt 0.991326 0.833333
vt 0.012500 0.846574
vt 0.012500 0.833333
vt 0.000000 0.846575
vt 0.991326 0.846575
vt 1.000000 0.846575
vt 0.991326 0.679608
vt 1.000000 0.679608
vt 0.991326 0.507123
vt 0.906515 0.507123
vt 0.906515 0.679608
vt 0.906515 0.666667
vt 0.906515 0.846574
vt 0.906515 0.833333
vt 0.893974 0.846574
vt 0.893974 1.000000
vt 0.898155 1.000000
vt 0.906515 1.000000
vt 0.902335 1.000000
vt 0.091278 0.846575
vt 0.097153 0.846574
vt 0.091278 0.846574
vt 0.108902 0.833333
vt 0.108902 0.846574
vt 0.091278 0.833333
vt 0.091278 0.679608
vt 0.097153 0.679608
vt 0.097153 0.500000
vt 0.108902 0.500000
vt 0.802925 0.500000
vt 0.808774 0.500000
vt 0.805849 0.500000
vt 0.805849 1.000000
vt 0.808774 0.833333
vt 0.808774 0.679608
vt 0.808774 0.666667
vt 0.808774 0.507123
vt 0.808774 0.846575
vt 0.196574 1.000000
vt 0.193147 0.679608
vt 0.200000 0.504748
vt 0.200000 0.507123
vt 0.189721 1.000000
vt 0.189721 1.000000
vt 0.097153 0.500000
vt 0.906515 0.500000
vt 0.933333 1.000000
vt 0.189721 1.000000
vt 0.189721 1.000000
vt 0.091278 1.000000
vt 0.091278 1.000000
vt 0.012500 1.000000
vt 0.012500 1.000000
vt 0.800000 1.000000
vt 0.200000 1.000000
vt 0.108902 1.000000
vt 0.006250 1.000000
vt 0.006250 1.000000
vt 0.012500 1.000000
vt 0.012500 1.000000
vt 0.991326 0.500000
vt 0.193147 0.500000
vt 0.189721 0.500000
vt 0.808774 0.500000
vt 0.108902 0.500000
vt 0.108902 0.500000
vt 0.133333 0.500000
vt 0.006250 1.000000
vt 0.400000 0.500000
vt 0.600000 0.500000
vt 0.006250 0.500000
vt 0.808774 0.500000
vt 0.802925 0.500000
vt 0.196574 1.000000
vt 0.189721 0.500000
vt 0.808774 0.500000
vt 0.808774 0.500000
vt 0.193147 1.000000
vt 0.108902 0.500000
vt 0.991326 0.500000
vt 0.196574 1.000000
vt 0.196574 0.500000
vt 0.103028 0.500000
vt 0.802925 1.000000
vt 0.193147 0.500000
vt 0.805850 1.000000
vt 0.196574 1.000000
vt 0.802925 0.500000
vt 0.006250 1.000000
vt 0.898154 0.500000
vt 0.193147 0.500000
vt 0.805849 1.000000
vt 0.097153 0.500000
vt 0.991326 0.500000
vt 0.012500 1.000000
vt 0.991326 0.500000
vt 0.856691 0.412484
vt 0.196574 0.500000
vt 0.902335 0.500000
vt 0.802925 0.842161
vt 0.802925 0.846575
vt 0.800000 0.842161
vt 0.802925 0.675294
vt 0.800000 0.675294
vt 0.802925 0.504748
vt 0.802925 0.507123
vt 0.800000 0.504748
vt 0.196574 1.000000
vt 0.200000 1.000000
vt 0.193147 0.504748
vt 0.193147 0.507123
vt 0.189721 0.504748
vt 0.193147 0.842161
vt 0.189721 0.842161
vt 0.800000 0.502374
vt 0.193147 0.507123
vt 0.189721 0.507123
vt 0.800000 0.837747
vt 0.800000 0.837747
vt 0.808774 0.504748
vt 0.800000 0.670980
vt 0.800000 0.670980
vt 0.808774 0.675294
vt 0.193147 1.000000
vt 0.189721 1.000000
vt 0.802925 1.000000
vt 0.802925 1.000000
vt 0.805849 0.666667
vt 0.808774 0.842161
vt 0.805849 0.833333
vt 0.805850 0.500000
vt 0.189721 0.502374
vt 0.189721 0.502374
vt 0.200000 0.842161
vt 0.189721 0.837747
vt 0.189721 0.837747
vt 0.802925 0.507123
vt 0.196574 0.833333
vt 0.802925 0.846575
vt 0.097153 1.000000
vt 0.033478 0.332687
vt 0.189721 1.000000
vt 0.200000 1.000000
vt 0.189721 1.000000
vt 0.189721 0.837747
vt 0.189721 0.833333
vt 0.200000 0.846574
vt 0.189721 0.846575
vt 0.193147 0.675294
vt 0.189721 0.675294
vt 0.189721 0.670980
vt 0.189721 0.670980
vt 0.196574 0.666667
vt 0.200000 0.675294
vt 0.189721 0.666667
vt 0.189721 0.679608
vt 0.193147 0.507123
vt 0.108902 0.500000
vt 0.097153 0.500000
vt 0.759899 0.482808
vt 0.103028 0.846575
vt 0.103028 0.846574
vt 0.861462 0.409018
vt 0.902335 0.500000
vt 0.968240 0.331439
vt 0.971578 0.329014
vt 0.802925 0.500000
vt 0.800000 0.507123
vt 0.800000 0.502374
vt 0.800000 0.666667
vt 0.800000 0.846575
vt 0.802925 0.846574
vt 0.800000 0.846575
vt 0.808774 0.846574
vt 0.800000 0.837747
vt 0.800000 0.833333
vt 0.800000 1.000000
vt 0.371004 0.402086
vt 0.371004 0.402086
vt 0.012500 1.000000
vt 0.006250 1.000000
vt 0.259899 0.482808
vt 0.012500 1.000000
vt 0.145827 0.414314
vt 0.139123 0.409443
vt 0.125713 0.399700
vt 0.132418 0.404572
vt 0.103028 0.500000
vt 0.103028 0.500000
vt 0.196574 0.500000
vt 0.012500 1.000000
vt 0.103028 0.500000
vt 0.189721 1.000000
vt 0.103028 0.500000
vt 0.103028 0.500000
vt 0.103028 0.507123
vt 0.103028 0.679608
vt 0.103028 0.679608
vt 0.097153 0.666667
vt 0.097153 0.833333
vt 0.097153 0.833333
vt 0.108902 0.500000
vt 0.103028 1.000000
vt 0.103028 0.842161
vt 0.103028 0.675294
vt 0.103028 0.504748
vt 0.802925 0.500000
vt 0.000000 0.833333
vt 0.006250 1.000000
vt 0.802925 0.837747
vt 0.012500 1.000000
vt 0.189721 1.000000
vt 0.805849 0.500000
vt 0.802925 0.502374
vt 0.805849 0.502374
vt 0.805849 0.500000
vt 0.866233 0.405552
vt 0.974916 0.326589
vt 0.356691 0.412484
vt 0.871004 0.402086
vt 0.902335 1.000000
vt 0.902335 0.846575
vt 0.902335 0.846574
vt 0.898155 0.833333
vt 0.898155 0.833333
vt 0.902335 0.679608
vt 0.898155 0.666667
vt 0.902335 0.507123
vt 0.902335 0.842161
vt 0.902335 0.675294
vt 0.902335 0.504748
vt 0.902335 0.500000
vt 1.000000 0.837747
vt 0.808774 0.670980
vt 0.802925 1.000000
vt 0.802925 0.833333
vt 0.802925 0.833333
vt 0.805849 0.846574
vt 0.805849 0.846575
vt 0.805849 0.679608
vt 0.802925 0.666667
vt 0.802925 0.666667
vt 0.805849 0.507123
vt 0.189721 0.675294
vt 0.805849 0.500000
vt 0.805849 0.500000
vt 0.978253 0.324164
vt 0.805849 0.504748
vt 0.805849 0.675294
vt 0.805849 0.842161
vt 0.808774 0.500000
vt 0.805849 0.837747
vt 1.000000 0.502374
vt 0.200000 0.670980
vt 0.898155 0.837747
vt 0.808774 0.837747
vt 0.902335 0.837747
vt 0.906515 0.837747
vt 0.012500 0.837747
vt 0.006250 0.837747
vt 0.103028 0.837747
vt 0.097153 0.837747
vt 0.108902 0.837747
vt 0.800000 0.842161
vt 0.200000 0.837747
vt 0.189721 0.842161
vt 0.193147 0.833333
vt 0.193147 0.837747
vt 0.091278 0.842161
vt 0.108902 0.502374
vt 0.108902 0.837747
vt 0.893974 0.842161
vt 0.991326 0.842161
vt 0.012500 0.502374
vt 0.012500 0.837747
vt 0.906515 0.502374
vt 0.000000 0.837747
vt 0.898155 0.502374
vt 0.805849 0.670980
vt 0.802925 0.670980
vt 0.902335 0.670980
vt 0.898154 0.670980
vt 0.906515 0.670980
vt 0.012500 0.670980
vt 0.006250 0.670980
vt 0.103028 0.670980
vt 0.097153 0.670980
vt 0.108902 0.670980
vt 0.193147 0.666667
vt 0.193147 0.670980
vt 0.091278 0.675294
vt 0.906515 0.670980
vt 0.991326 0.675294
vt 0.000000 0.670980
vt 1.000000 0.670980
vt 0.808774 0.502374
vt 0.902335 0.502374
vt 0.006250 0.502374
vt 0.103028 0.502374
vt 0.097153 0.502374
vt 0.196574 0.837747
vt 0.196574 0.842161
vt 0.800000 0.504748
vt 0.200000 0.502374
vt 0.189721 0.504748
vt 0.189721 0.504748
vt 0.193147 0.500000
vt 0.193147 0.502374
vt 0.000000 0.502374
vt 0.103028 0.500000
vt 0.103028 0.500000
vt 0.196574 0.670980
vt 0.196574 0.675294
vt 0.196574 0.504748
vt 0.196574 0.502374
vt 0.193147 1.000000
vt 0.193147 1.000000
vt 0.193147 1.000000
vt 0.193147 1.000000
vt 0.533478 0.332687
vt 0.196574 0.507123
vt 0.196574 0.507123
vt 0.196574 0.679608
vt 0.196574 0.846574
vt 0.196574 0.846575
vt 0.193147 0.833333
vt 0.193147 1.000000
s 0
usemtl Material.018
f 123/1/1 4/2/1 6/3/1 124/4/1
f 124/4/2 6/3/2 8/5/2 125/6/2
f 125/6/3 8/5/3 10/7/3 126/8/3
f 16/16/7 2360/17/7 2361/18/7 688/19/7 47/20/7 165/21/7 2086/22/7 2087/23/7 179/24/7 48/25/7 84/26/7 17/27/7 1694/28/7 98/29/7 63/30/7 195/31/7 1469/32/7 1470/33/7 209/34/7 64/35/7 699/36/7 3628/37/7 3629/38/7 20/39/7 19/40/7 18/41/7
f 2238/42/8 739/43/8 840/43/8 2254/42/8
f 1812/44/8 738/44/8 835/44/8 1832/44/8
f 26/47/10 87/48/10 51/49/10 184/50/10 2068/51/10 2069/52/10 167/53/10 52/54/10 683/55/10 2340/56/10 2341/57/10 27/58/10 28/59/10 29/60/10 30/61/10 3636/62/10 3637/63/10 702/64/10 67/65/10 214/66/10 1451/67/10 1452/68/10 197/69/10 68/70/10 93/71/10 1689/72/10
f 3490/73/8 783/73/8 825/73/8 3510/73/8
f 3354/73/8 802/74/8 882/74/8 3374/73/8
f 132/75/11 96/10/11 1692/9/11 2/76/11 122/77/11 1697/78/11
f 154/79/11 94/80/11 1690/81/11 31/82/11 148/83/11 1699/84/11
f 146/85/3 38/86/3 40/87/3 147/88/3
f 136/89/3 37/90/3 39/91/3 137/92/3
f 145/93/2 36/94/2 38/86/2 146/85/2
f 135/95/2 35/96/2 37/90/2 136/89/2
f 144/97/1 34/98/1 36/94/1 145/93/1
f 134/12/1 33/99/1 35/96/1 135/95/1
f 153/100/12 88/101/12 53/102/12 149/103/12
f 142/112/12 89/113/12 55/114/12 138/115/12
f 709/120/11 704/121/11 71/122/11 140/123/11
f 710/128/11 703/129/11 69/130/11 151/131/11
f 708/136/11 697/137/11 60/138/11 129/139/11
f 232/10/13 229/141/13 80/141/13 99/146/13
f 696/149/14 227/118/14 78/118/14 689/150/14
f 225/5/15 223/3/15 76/3/15 73/5/15
f 231/151/14 224/152/14 77/152/14 90/153/14
f 223/3/16 226/2/16 75/2/16 76/3/16
f 222/154/17 225/5/17 73/5/17 74/7/17
f 79/148/14 90/153/14 109/155/14 103/148/14
f 133/156/12 32/157/12 89/113/12 142/112/12
f 148/158/12 31/159/12 88/101/12 153/100/12
f 2244/160/8 790/161/8 837/161/8 2260/160/8
f 122/164/12 2/152/12 82/153/12 131/165/12
f 143/166/11 95/167/11 1691/168/11 32/169/11 133/170/11 1698/171/11
f 1597/173/8 741/174/8 848/174/8 1613/173/8
f 141/127/11 72/126/11 95/167/11 143/166/11
f 152/135/11 70/134/11 94/80/11 154/79/11
f 130/142/11 59/141/11 96/10/11 132/75/11
f 224/76/13 1701/9/13 232/10/13 99/146/13 77/76/13
f 41/175/14 116/175/14 120/176/14 85/176/14
f 99/146/13 80/141/13 104/177/13 110/10/13
f 689/150/14 78/118/14 102/118/14 690/179/14
f 73/5/15 76/3/15 107/3/15 100/180/15
f 90/153/14 77/152/14 108/152/14 109/155/14
f 76/3/16 75/2/16 101/181/16 107/3/16
f 74/7/17 73/5/17 100/180/17 106/182/17
f 58/183/13 91/184/13 121/185/13 119/183/13
f 1/186/14 85/176/14 120/176/14 111/186/14
f 131/165/12 82/153/12 44/148/12 127/187/12
f 700/190/13 57/191/13 118/191/13 707/46/13
f 3/193/16 5/194/16 115/194/16 113/193/16
f 7/195/17 9/74/17 112/196/17 114/195/17
f 5/194/15 7/195/15 114/195/15 115/194/15
f 77/76/13 99/146/13 110/10/13 1695/9/13 108/76/13
f 111/186/14 120/176/14 158/176/14 155/186/14
f 113/193/16 115/194/16 161/194/16 156/193/16
f 114/195/17 112/196/17 160/74/17 157/195/17
f 115/194/15 114/195/15 157/195/15 161/194/15
f 1696/208/13 111/209/13 155/209/13 1700/210/13
f 2066/212/8 183/213/8 239/213/8 2094/212/8
f 87/48/8 26/47/8 823/47/8 827/48/8
f 3494/223/8 789/223/8 832/223/8 3514/223/8
f 92/184/30 1688/227/30 21/209/30 799/209/30 1767/208/30 808/185/30
f 3636/62/8 30/61/8 826/61/8 3666/62/8
f 1765/237/8 774/238/8 887/238/8 1773/237/8
f 2084/251/8 164/252/8 253/252/8 2110/251/8
f 42/192/14 681/202/14 691/349/14 117/192/14
f 2366/351/8 742/149/8 851/149/8 2382/351/8
f 139/107/12 56/106/12 685/352/12 693/353/12
f 150/111/12 54/110/12 684/354/12 694/355/12
f 128/119/12 43/118/12 686/149/12 692/356/12
f 81/138/13 705/137/13 706/361/13 105/138/13
f 230/144/13 712/362/13 705/137/13 81/138/13
f 3489/200/8 27/193/8 821/193/8 3509/200/8
f 3353/200/8 766/193/8 881/193/8 3373/200/8
f 1603/363/8 792/188/8 845/188/8 1619/363/8
f 17/27/8 84/26/8 815/26/8 816/27/8
f 3498/364/8 791/221/8 839/221/8 3518/364/8
f 719/148/145 722/153/145 736/151/145 733/365/145
f 1822/366/8 743/367/8 855/367/8 1842/366/8
f 1826/182/8 20/7/8 818/7/8 1846/182/8
f 721/138/146 729/137/146 743/367/146 735/138/146
f 720/141/147 726/368/147 740/369/147 734/177/147
f 718/118/148 724/44/148 738/44/148 732/118/148
f 91/184/13 1687/227/13 1/209/13 111/209/13 1696/208/13 121/185/13
f 46/148/149 83/153/149 756/155/149 753/365/149
f 727/174/150 721/138/150 735/138/150 741/174/150
f 723/370/151 720/141/151 734/177/151 737/371/151
f 725/43/152 719/148/152 733/365/152 739/43/152
f 728/150/153 718/118/153 732/118/153 742/149/153
f 713/3/154 716/2/154 745/372/154 730/3/154
f 717/7/155 714/5/155 744/5/155 746/182/155
f 722/153/156 715/152/156 731/152/156 736/151/156
f 714/5/157 713/3/157 730/3/157 744/5/157
f 14/5/157 13/3/157 750/3/157 747/5/157
f 83/153/158 12/152/158 751/152/158 756/155/158
f 15/7/159 14/5/159 747/5/159 749/373/159
f 13/3/160 11/2/160 748/2/160 750/3/160
f 687/150/161 45/118/161 752/118/161 762/150/161
f 178/211/162 46/148/162 753/365/162 759/43/162
f 97/10/163 61/141/163 754/141/163 757/146/163
f 208/174/164 62/138/164 755/138/164 761/374/164
f 715/76/165 1762/375/165 723/370/165 737/371/165 1763/376/165 731/76/165
f 45/118/166 164/252/166 758/44/166 752/118/166
f 61/141/167 194/228/167 760/369/167 754/141/167
f 62/138/168 698/137/168 763/137/168 755/138/168
f 2360/17/8 16/16/8 849/16/8 2378/17/8
f 1811/377/8 98/378/8 830/378/8 1831/377/8
f 1762/375/8 715/76/8 857/76/8 1770/375/8
f 1825/372/8 745/372/8 876/372/8 1845/372/8
f 773/247/169 769/175/169 784/175/169 788/379/169
f 1689/72/8 93/71/8 822/71/8 1768/72/8
f 3660/380/8 795/381/8 854/381/8 3676/380/8
f 770/192/170 779/202/170 794/382/170 785/192/170
f 771/191/171 778/383/171 793/384/171 786/385/171
f 769/175/172 776/255/172 791/221/172 784/175/172
f 772/183/173 774/238/173 789/223/173 787/183/173
f 767/186/174 773/247/174 788/379/174 797/186/174
f 777/188/175 772/183/175 787/183/175 792/188/175
f 780/46/176 771/191/176 786/385/176 795/381/176
f 775/215/177 770/192/177 785/192/177 790/161/177
f 86/176/178 49/175/178 803/175/178 807/247/178
f 12/76/179 1693/9/179 97/10/179 757/146/179 1764/386/179 751/76/179
f 766/193/180 765/194/180 796/194/180 782/193/180
f 764/195/181 768/74/181 783/73/181 781/195/181
f 765/194/182 764/195/182 781/195/182 796/194/182
f 23/194/182 24/195/182 800/387/182 798/388/182
f 24/195/183 25/74/183 802/74/183 800/387/183
f 22/193/184 23/194/184 798/388/184 801/193/184
f 774/238/185 1765/237/185 767/209/185 797/209/185 1766/389/185 789/223/185
f 166/163/186 50/192/186 804/192/186 809/215/186
f 701/46/187 65/191/187 805/191/187 814/46/187
f 196/188/188 66/183/188 806/183/188 811/188/188
f 21/186/189 86/176/189 807/247/189 799/186/189
f 66/183/190 92/184/190 808/185/190 806/183/190
f 49/175/191 183/213/191 810/213/191 803/175/191
f 65/191/192 213/303/192 812/303/192 805/191/192
f 50/192/193 682/390/193 813/202/193 804/192/193
f 231/151/14 90/153/14 79/148/14 228/147/14
f 3628/37/8 699/36/8 817/36/8 3664/37/8
f 797/186/8 788/379/8 828/379/8 901/186/8
f 3653/396/8 729/137/8 873/137/8 3669/396/8
f 2371/316/8 779/202/8 897/202/8 2387/316/8
f 3502/397/8 793/384/8 847/384/8 3522/397/8
f 3497/161/8 167/161/8 834/161/8 3517/161/8
f 2374/315/8 801/193/8 880/193/8 2390/315/8
f 1763/376/8 737/371/8 831/371/8 1771/376/8
f 715/152/8 722/153/8 859/153/8 857/152/8
f 3357/247/8 773/247/8 885/247/8 3377/247/8
f 3493/398/8 87/247/8 827/247/8 3513/398/8
f 3358/185/8 808/185/8 886/185/8 3378/185/8
f 756/155/8 751/152/8 856/152/8 858/155/8
f 1767/208/8 799/209/8 902/209/8 1775/208/8
f 1766/389/8 797/209/8 901/209/8 1774/389/8
f 3361/161/8 775/215/8 889/215/8 3381/161/8
f 1816/369/8 740/369/8 843/369/8 1836/369/8
f 1936/226/8 756/155/8 858/155/8 1956/226/8
f 1815/43/8 179/43/8 838/43/8 1835/43/8
f 3362/213/8 810/213/8 890/213/8 3382/213/8
f 2086/22/8 165/21/8 836/21/8 2250/22/8
f 2068/51/8 184/50/8 833/50/8 2248/51/8
f 3501/188/8 197/188/8 842/188/8 3521/188/8
f 1939/370/8 723/370/8 861/370/8 1959/370/8
f 3365/188/8 777/188/8 893/188/8 3385/188/8
f 3656/392/8 749/373/8 879/373/8 3672/392/8
f 1808/153/8 736/151/8 829/151/8 1828/153/8
f 3654/399/8 746/182/8 877/182/8 3670/399/8
f 2372/391/8 782/193/8 824/193/8 2388/391/8
f 1940/44/8 758/44/8 862/44/8 1960/44/8
f 3366/303/8 812/303/8 894/303/8 3386/303/8
f 1943/43/8 725/43/8 865/43/8 1963/43/8
f 3368/202/8 813/202/8 896/202/8 3388/202/8
f 799/186/8 807/247/8 884/247/8 902/186/8
f 1944/369/8 760/369/8 866/369/8 1964/369/8
f 3371/46/8 780/46/8 899/46/8 3391/46/8
f 736/151/8 731/152/8 819/152/8 829/151/8
f 1947/174/8 727/174/8 869/174/8 1967/174/8
f 3659/400/8 768/74/8 883/74/8 3675/400/8
f 2246/214/8 809/215/8 888/215/8 2262/214/8
f 1819/299/8 209/299/8 846/299/8 1839/299/8
f 1469/32/8 195/31/8 844/31/8 1609/32/8
f 1949/150/8 728/150/8 871/150/8 1969/150/8
f 1451/67/8 214/66/8 841/66/8 1607/67/8
f 1821/149/8 688/150/8 850/150/8 1841/149/8
f 1950/137/8 763/137/8 872/137/8 1970/137/8
f 1764/386/8 757/146/8 860/146/8 1772/386/8
f 1605/276/8 811/188/8 892/188/8 1621/276/8
f 1953/372/8 748/2/8 878/2/8 1973/372/8
f 1602/401/8 778/383/8 895/383/8 1618/401/8
f 1954/182/8 717/7/8 875/7/8 1974/182/8
f 2365/402/8 716/2/8 874/2/8 2381/402/8
f 2240/42/8 759/43/8 864/43/8 2256/42/8
f 3504/394/8 794/382/8 852/382/8 3524/394/8
f 2340/56/8 683/55/8 820/55/8 2376/56/8
f 1596/301/8 726/368/8 867/368/8 1612/301/8
f 2243/212/8 776/255/8 891/255/8 2259/212/8
f 3662/403/8 814/46/8 898/46/8 3678/403/8
f 1694/28/8 17/27/8 816/27/8 1769/28/8
f 1599/277/8 761/374/8 868/374/8 1615/277/8
f 2237/253/8 724/44/8 863/44/8 2253/253/8
f 773/247/8 767/186/8 900/186/8 885/247/8
f 3507/381/8 702/393/8 853/393/8 3527/381/8
f 2368/404/8 762/150/8 870/150/8 2384/404/8
f 760/369/8 1600/301/8 1616/301/8 866/369/8
f 1600/301/8 1599/277/8 1615/277/8 1616/301/8
f 727/174/8 1595/173/8 1611/173/8 869/174/8
f 1595/173/8 1596/301/8 1612/301/8 1611/173/8
f 777/188/8 1601/276/8 1617/276/8 893/188/8
f 1601/276/8 1602/401/8 1618/401/8 1617/276/8
f 812/303/8 1606/302/8 1622/302/8 894/303/8
f 1606/302/8 1605/276/8 1621/276/8 1622/302/8
f 197/69/8 1452/68/8 1608/68/8 842/69/8
f 1452/68/8 1451/67/8 1607/67/8 1608/68/8
f 209/34/8 1470/33/8 1610/33/8 846/34/8
f 1470/33/8 1469/32/8 1609/32/8 1610/33/8
f 1449/302/642 1450/276/642 196/188/642 811/188/642 1605/276/642 1606/302/642 812/303/642 213/303/642
f 1602/401/643 1601/276/643 777/188/643 792/188/643 1603/363/643 1604/507/643 793/384/643 778/383/643
f 1467/301/644 1468/277/644 208/174/644 761/374/644 1599/277/644 1600/301/644 760/369/644 194/228/644
f 1596/301/645 1595/173/645 727/174/645 741/174/645 1597/173/645 1598/458/645 740/369/645 726/368/645
f 793/384/8 1604/507/8 1620/507/8 847/384/8
f 1604/507/8 1603/363/8 1619/363/8 1620/507/8
f 740/369/8 1598/458/8 1614/458/8 843/369/8
f 1598/458/8 1597/173/8 1613/173/8 1614/458/8
f 98/29/8 1694/28/8 1769/28/8 830/29/8
f 751/76/8 1764/386/8 1772/386/8 856/76/8
f 789/223/8 1766/389/8 1774/389/8 832/223/8
f 808/185/8 1767/208/8 1775/208/8 886/185/8
f 731/76/8 1763/376/8 1771/376/8 819/76/8
f 26/47/8 1689/72/8 1768/72/8 823/47/8
f 723/370/8 1762/375/8 1770/375/8 861/370/8
f 767/209/8 1765/237/8 1773/237/8 900/209/8
f 121/185/13 1696/208/13 1700/210/13 159/304/13
f 742/149/8 1820/149/8 1840/149/8 851/149/8
f 1820/149/8 1821/149/8 1841/149/8 1840/149/8
f 741/174/8 1818/299/8 1838/299/8 848/174/8
f 1818/299/8 1819/299/8 1839/299/8 1838/299/8
f 84/151/8 1809/153/8 1829/153/8 815/151/8
f 1809/153/8 1808/153/8 1828/153/8 1829/153/8
f 739/43/8 1814/43/8 1834/43/8 840/43/8
f 1814/43/8 1815/43/8 1835/43/8 1834/43/8
f 195/369/8 1817/369/8 1837/369/8 844/369/8
f 1817/369/8 1816/369/8 1836/369/8 1837/369/8
f 16/2/8 1824/372/8 1844/372/8 849/2/8
f 1824/372/8 1825/372/8 1845/372/8 1844/372/8
f 737/371/8 1810/529/8 1830/529/8 831/371/8
f 1810/529/8 1811/377/8 1831/377/8 1830/529/8
f 746/182/8 1827/182/8 1847/182/8 877/182/8
f 1827/182/8 1826/182/8 1846/182/8 1847/182/8
f 699/511/8 1823/530/8 1843/530/8 817/511/8
f 1823/530/8 1822/366/8 1842/366/8 1843/530/8
f 1822/366/801 1823/530/801 699/511/801 64/138/801 735/138/801 743/367/801
f 1816/369/802 1817/369/802 195/369/802 63/141/802 734/177/802 740/369/802
f 1812/44/803 1813/44/803 165/44/803 47/118/803 732/118/803 738/44/803
f 1808/153/804 1809/153/804 84/151/804 48/148/804 733/365/804 736/151/804
f 735/138/805 64/138/805 209/299/805 1819/299/805 1818/299/805 741/174/805
f 734/177/806 63/141/806 98/378/806 1811/377/806 1810/529/806 737/371/806
f 733/365/807 48/148/807 179/43/807 1815/43/807 1814/43/807 739/43/807
f 732/118/808 47/118/808 688/150/808 1821/149/808 1820/149/808 742/149/808
f 165/44/8 1813/44/8 1833/44/8 836/44/8
f 1813/44/8 1812/44/8 1832/44/8 1833/44/8
f 1825/372/809 1824/372/809 16/2/809 18/3/809 730/3/809 745/372/809
f 744/5/810 19/5/810 20/7/810 1826/182/810 1827/182/810 746/182/810
f 730/3/157 18/3/157 19/5/157 744/5/157
f 749/373/8 1955/7/8 1975/7/8 879/373/8
f 1955/7/8 1954/182/8 1974/182/8 1975/7/8
f 716/2/8 1952/372/8 1972/372/8 874/2/8
f 1952/372/8 1953/372/8 1973/372/8 1972/372/8
f 729/137/8 1951/137/8 1971/137/8 873/137/8
f 1951/137/8 1950/137/8 1970/137/8 1971/137/8
f 762/150/8 1948/150/8 1968/150/8 870/150/8
f 1948/150/8 1949/150/8 1969/150/8 1968/150/8
f 761/374/8 1946/174/8 1966/174/8 868/374/8
f 1946/174/8 1947/174/8 1967/174/8 1966/174/8
f 726/368/8 1945/369/8 1965/369/8 867/368/8
f 1945/369/8 1944/369/8 1964/369/8 1965/369/8
f 759/43/8 1942/43/8 1962/43/8 864/43/8
f 1942/43/8 1943/43/8 1963/43/8 1962/43/8
f 724/44/8 1941/44/8 1961/44/8 863/44/8
f 1941/44/8 1940/44/8 1960/44/8 1961/44/8
f 757/146/8 1938/370/8 1958/370/8 860/146/8
f 1938/370/8 1939/370/8 1959/370/8 1958/370/8
f 722/153/8 1937/256/8 1957/256/8 859/153/8
f 1937/256/8 1936/226/8 1956/226/8 1957/256/8
f 750/3/157 713/3/157 714/5/157 747/5/157
f 747/5/880 714/5/880 717/7/880 1954/182/880 1955/7/880 749/373/880
f 1953/372/881 1952/372/881 716/2/881 713/3/881 750/3/881 748/2/881
f 752/118/882 718/118/882 728/150/882 1949/150/882 1948/150/882 762/150/882
f 753/365/883 719/148/883 725/43/883 1943/43/883 1942/43/883 759/43/883
f 754/141/884 720/141/884 723/370/884 1939/370/884 1938/370/884 757/146/884
f 755/138/885 721/138/885 727/174/885 1947/174/885 1946/174/885 761/374/885
f 1940/44/886 1941/44/886 724/44/886 718/118/886 752/118/886 758/44/886
f 1944/369/887 1945/369/887 726/368/887 720/141/887 754/141/887 760/369/887
f 1950/137/888 1951/137/888 729/137/888 721/138/888 755/138/888 763/137/888
f 1936/226/889 1937/256/889 722/153/889 719/148/889 753/365/889 756/155/889
f 725/43/8 2236/42/8 2252/42/8 865/43/8
f 2236/42/8 2237/253/8 2253/253/8 2252/42/8
f 775/215/8 2242/214/8 2258/214/8 889/215/8
f 2242/214/8 2243/212/8 2259/212/8 2258/214/8
f 758/44/8 2241/253/8 2257/253/8 862/44/8
f 2241/253/8 2240/42/8 2256/42/8 2257/253/8
f 810/213/8 2247/212/8 2263/212/8 890/213/8
f 2247/212/8 2246/214/8 2262/214/8 2263/212/8
f 167/53/8 2069/52/8 2249/52/8 834/53/8
f 2069/52/8 2068/51/8 2248/51/8 2249/52/8
f 179/24/8 2087/23/8 2251/23/8 838/24/8
f 2087/23/8 2086/22/8 2250/22/8 2251/23/8
f 2066/212/952 2067/285/952 166/163/952 809/215/952 2246/214/952 2247/212/952 810/213/952 183/213/952
f 2243/212/953 2242/214/953 775/215/953 790/161/953 2244/160/953 2245/482/953 791/221/953 776/255/953
f 2084/251/954 2085/42/954 178/211/954 759/43/954 2240/42/954 2241/253/954 758/44/954 164/252/954
f 2237/253/955 2236/42/955 725/43/955 739/43/955 2238/42/955 2239/253/955 738/44/955 724/44/955
f 178/211/8 2085/42/8 2111/42/8 257/211/8
f 2085/42/8 2084/251/8 2110/251/8 2111/42/8
f 166/163/8 2067/285/8 2095/285/8 240/163/8
f 2067/285/8 2066/212/8 2094/212/8 2095/285/8
f 791/221/8 2245/482/8 2261/482/8 839/221/8
f 2245/482/8 2244/160/8 2260/160/8 2261/482/8
f 738/44/8 2239/253/8 2255/253/8 835/44/8
f 2239/253/8 2238/42/8 2254/42/8 2255/253/8
f 748/2/8 2369/402/8 2385/402/8 878/2/8
f 2369/402/8 2368/404/8 2384/404/8 2385/402/8
f 27/58/8 2341/57/8 2377/57/8 821/58/8
f 2341/57/8 2340/56/8 2376/56/8 2377/57/8
f 728/150/8 2364/404/8 2380/404/8 871/150/8
f 2364/404/8 2365/402/8 2381/402/8 2380/404/8
f 794/382/8 2373/564/8 2389/564/8 852/382/8
f 2373/564/8 2372/391/8 2388/391/8 2389/564/8
f 813/202/8 2375/316/8 2391/316/8 896/202/8
f 2375/316/8 2374/315/8 2390/315/8 2391/316/8
f 766/193/8 2370/315/8 2386/315/8 881/193/8
f 2370/315/8 2371/316/8 2387/316/8 2386/315/8
f 2338/449/1051 2339/315/1051 22/193/1051 801/193/1051 2374/315/1051 2375/316/1051 813/202/1051 682/390/1051
f 2371/316/1052 2370/315/1052 766/193/1052 782/193/1052 2372/391/1052 2373/564/1052 794/382/1052 779/202/1052
f 688/19/8 2361/18/8 2379/18/8 850/19/8
f 2361/18/8 2360/17/8 2378/17/8 2379/18/8
f 2358/402/1053 2359/404/1053 687/150/1053 762/150/1053 2368/404/1053 2369/402/1053 748/2/1053 11/2/1053
f 2365/402/1054 2364/404/1054 728/150/1054 742/149/1054 2366/351/1054 2367/445/1054 745/372/1054 716/2/1054
f 745/372/8 2367/445/8 2383/445/8 876/372/8
f 2367/445/8 2366/351/8 2382/351/8 2383/445/8
f 2355/402/14 2354/351/14 696/149/14 689/150/14 75/2/14 226/2/14
f 75/2/14 689/150/14 690/179/14 2346/404/14 2347/553/14 101/181/14
f 691/349/14 113/193/14 156/193/14 2362/315/14 2363/316/14 695/202/14
f 2336/350/14 2337/315/14 3/193/14 113/193/14 691/349/14 681/202/14
f 2344/448/12 2345/555/12 33/99/12 134/12/12 2351/11/12 2350/558/12 693/353/12 685/352/12
f 2342/446/12 2343/560/12 34/98/12 144/97/12 2353/424/12 2352/561/12 694/355/12 684/354/12
f 2357/410/12 2356/402/12 4/2/12 123/1/12 2349/419/12 2348/557/12 692/356/12 686/149/12
f 2644/361/13 2645/511/13 698/137/13 62/138/13 105/138/13 706/361/13
f 2562/226/14 2563/256/14 83/153/14 46/148/14 103/148/14 109/155/14
f 104/177/13 61/141/13 97/10/13 2565/10/13 2564/509/13 110/10/13
f 102/118/14 45/118/14 687/150/14 2643/150/14 2642/150/14 690/179/14
f 107/3/15 13/3/15 14/5/15 100/180/15
f 2560/181/16 2561/181/16 11/2/16 13/3/16 107/3/16 101/181/16
f 100/180/17 14/5/17 15/7/17 2566/182/17 2567/182/17 106/182/17
f 2776/362/13 2777/362/13 712/362/13 230/144/13 60/138/13 697/137/13
f 59/141/13 229/141/13 232/10/13 2699/10/13 2698/509/13 96/10/13
f 43/118/14 227/118/14 696/149/14 2775/149/14 2774/149/14 686/149/14
f 6/3/15 223/3/15 225/5/15 8/5/15
f 2694/372/16 2695/372/16 226/2/16 223/3/16 6/3/16 4/2/16
f 8/5/17 225/5/17 222/154/17 2692/427/17 2693/154/17 10/7/17
f 2696/153/14 2697/153/14 231/151/14 228/147/14 44/148/14 82/153/14
f 56/106/12 128/119/12 692/356/12 2906/447/12 2907/574/12 685/352/12
f 2825/437/1 2824/420/1 123/1/1 124/4/1 35/96/1 33/99/1
f 35/96/2 124/4/2 125/6/2 37/90/2
f 37/90/3 125/6/3 126/8/3 2826/452/3 2827/583/3 39/91/3
f 2909/454/11 2908/432/11 708/136/11 129/139/11 71/122/11 704/121/11
f 72/126/11 130/142/11 132/75/11 2830/307/11 2831/577/11 95/167/11
f 127/187/12 55/114/12 89/113/12 2829/245/12 2828/258/12 131/165/12
f 54/110/12 139/107/12 693/353/12 3038/441/12 3039/552/12 684/354/12
f 138/115/12 53/102/12 88/101/12 2961/312/12 2960/262/12 142/112/12
f 38/86/3 136/89/3 137/92/3 2958/472/3 2959/572/3 40/87/3
f 36/94/2 135/95/2 136/89/2 38/86/2
f 2957/440/1 2956/422/1 134/12/1 135/95/1 36/94/1 34/98/1
f 3041/470/11 3040/468/11 709/120/11 140/123/11 69/130/11 703/129/11
f 70/134/11 141/127/11 143/166/11 2962/297/11 2963/602/11 94/80/11
f 42/192/12 150/111/12 694/355/12 3170/438/12 3171/614/12 681/202/12
f 7/195/3 146/85/3 147/88/3 3090/359/3 3091/622/3 9/74/3
f 5/194/2 145/93/2 146/85/2 7/195/2
f 3089/433/1 3088/425/1 144/97/1 145/93/1 5/194/1 3/193/1
f 3173/451/11 3172/430/11 710/128/11 151/131/11 57/191/11 700/190/11
f 58/183/11 152/135/11 154/79/11 3094/300/11 3095/592/11 91/184/11
f 149/103/12 41/175/12 85/176/12 3093/313/12 3092/266/12 153/100/12
f 695/202/14 3302/202/14 3303/202/14 682/390/14 50/192/14 117/192/14 691/349/14
f 116/175/14 49/175/14 86/176/14 3223/247/14 3222/247/14 158/176/14 120/176/14
f 159/304/13 3224/184/13 3225/184/13 92/184/13 66/183/13 119/183/13 121/185/13
f 118/191/13 65/191/13 701/46/13 3305/46/13 3304/45/13 711/46/13 707/46/13
f 161/194/16 23/194/16 22/193/16 3221/200/16 3220/200/16 156/193/16
f 3227/73/17 3226/73/17 25/74/17 24/195/17 157/195/17 160/74/17
f 157/195/15 24/195/15 23/194/15 161/194/15
f 814/46/8 3370/45/8 3390/45/8 898/46/8
f 3370/45/8 3371/46/8 3391/46/8 3390/45/8
f 779/202/8 3369/202/8 3389/202/8 897/202/8
f 3369/202/8 3368/202/8 3388/202/8 3389/202/8
f 778/383/8 3367/303/8 3387/303/8 895/383/8
f 3367/303/8 3366/303/8 3386/303/8 3387/303/8
f 811/188/8 3364/188/8 3384/188/8 892/188/8
f 3364/188/8 3365/188/8 3385/188/8 3384/188/8
f 776/255/8 3363/213/8 3383/213/8 891/255/8
f 3363/213/8 3362/213/8 3382/213/8 3383/213/8
f 809/215/8 3360/161/8 3380/161/8 888/215/8
f 3360/161/8 3361/161/8 3381/161/8 3380/161/8
f 774/238/8 3359/185/8 3379/185/8 887/238/8
f 3359/185/8 3358/185/8 3378/185/8 3379/185/8
f 807/247/8 3356/414/8 3376/414/8 884/247/8
f 3356/414/8 3357/247/8 3377/247/8 3376/414/8
f 800/387/182 764/195/182 765/194/182 798/388/182
f 3354/73/1444 3355/73/1444 768/74/1444 764/195/1444 800/387/1444 802/74/1444
f 798/388/1445 765/194/1445 766/193/1445 3353/200/1445 3352/200/1445 801/193/1445
f 804/192/1446 770/192/1446 775/215/1446 3361/161/1446 3360/161/1446 809/215/1446
f 805/191/1447 771/191/1447 780/46/1447 3371/46/1447 3370/45/1447 814/46/1447
f 806/183/1448 772/183/1448 777/188/1448 3365/188/1448 3364/188/1448 811/188/1448
f 3358/185/1449 3359/185/1449 774/238/1449 772/183/1449 806/183/1449 808/185/1449
f 3362/213/1450 3363/213/1450 776/255/1450 769/175/1450 803/175/1450 810/213/1450
f 3366/303/1451 3367/303/1451 778/383/1451 771/191/1451 805/191/1451 812/303/1451
f 3368/202/1452 3369/202/1452 779/202/1452 770/192/1452 804/192/1452 813/202/1452
f 803/175/1453 769/175/1453 773/247/1453 3357/247/1453 3356/414/1453 807/247/1453
f 801/193/8 3352/200/8 3372/200/8 880/193/8
f 3352/200/8 3353/200/8 3373/200/8 3372/200/8
f 768/74/8 3355/73/8 3375/73/8 883/74/8
f 3355/73/8 3354/73/8 3374/73/8 3375/73/8
f 795/381/8 3506/381/8 3526/381/8 854/381/8
f 3506/381/8 3507/381/8 3527/381/8 3526/381/8
f 683/569/8 3505/394/8 3525/394/8 820/569/8
f 3505/394/8 3504/394/8 3524/394/8 3525/394/8
f 792/188/8 3500/188/8 3520/188/8 845/188/8
f 3500/188/8 3501/188/8 3521/188/8 3520/188/8
f 788/379/8 3492/379/8 3512/379/8 828/379/8
f 3492/379/8 3493/398/8 3513/398/8 3512/379/8
f 790/161/8 3496/161/8 3516/161/8 837/161/8
f 3496/161/8 3497/161/8 3517/161/8 3516/161/8
f 214/384/8 3503/397/8 3523/397/8 841/384/8
f 3503/397/8 3502/397/8 3522/397/8 3523/397/8
f 184/221/8 3499/221/8 3519/221/8 833/221/8
f 3499/221/8 3498/364/8 3518/364/8 3519/221/8
f 782/193/8 3488/200/8 3508/200/8 824/193/8
f 3488/200/8 3489/200/8 3509/200/8 3508/200/8
f 3504/394/1525 3505/394/1525 683/569/1525 52/192/1525 785/192/1525 794/382/1525
f 3502/397/1526 3503/397/1526 214/384/1526 67/191/1526 786/385/1526 793/384/1526
f 93/223/8 3495/223/8 3515/223/8 822/223/8
f 3495/223/8 3494/223/8 3514/223/8 3515/223/8
f 3498/364/1527 3499/221/1527 184/221/1527 51/175/1527 784/175/1527 791/221/1527
f 3494/223/1528 3495/223/1528 93/223/1528 68/183/1528 787/183/1528 789/223/1528
f 787/183/1529 68/183/1529 197/188/1529 3501/188/1529 3500/188/1529 792/188/1529
f 786/385/1530 67/191/1530 702/393/1530 3507/381/1530 3506/381/1530 795/381/1530
f 784/175/1531 51/175/1531 87/247/1531 3493/398/1531 3492/379/1531 788/379/1531
f 785/192/1532 52/192/1532 167/161/1532 3497/161/1532 3496/161/1532 790/161/1532
f 796/194/1533 28/194/1533 27/193/1533 3489/200/1533 3488/200/1533 782/193/1533
f 3490/73/1534 3491/73/1534 30/74/1534 29/195/1534 781/195/1534 783/73/1534
f 30/74/8 3491/73/8 3511/73/8 826/74/8
f 3491/73/8 3490/73/8 3510/73/8 3511/73/8
f 781/195/182 29/195/182 28/194/182 796/194/182
f 802/74/8 3663/400/8 3679/400/8 882/74/8
f 3663/400/8 3662/403/8 3678/403/8 3679/400/8
f 780/46/8 3658/403/8 3674/403/8 899/46/8
f 3658/403/8 3659/400/8 3675/400/8 3674/403/8
f 743/367/8 3655/637/8 3671/637/8 855/367/8
f 3655/637/8 3654/399/8 3670/399/8 3671/637/8
f 763/137/8 3657/396/8 3673/396/8 872/137/8
f 3657/396/8 3656/392/8 3672/392/8 3673/396/8
f 717/7/8 3652/239/8 3668/239/8 875/7/8
f 3652/239/8 3653/396/8 3669/396/8 3668/239/8
f 20/39/8 3629/38/8 3665/38/8 818/39/8
f 3629/38/8 3628/37/8 3664/37/8 3665/38/8
f 3634/416/1632 3635/403/1632 701/46/1632 814/46/1632 3662/403/1632 3663/400/1632 802/74/1632 25/74/1632
f 3659/400/1633 3658/403/1633 780/46/1633 795/381/1633 3660/380/1633 3661/508/1633 783/73/1633 768/74/1633
f 783/73/8 3661/508/8 3677/508/8 825/73/8
f 3661/508/8 3660/380/8 3676/380/8 3677/508/8
f 3626/396/1634 3627/239/1634 15/7/1634 749/373/1634 3656/392/1634 3657/396/1634 763/137/1634 698/137/1634
f 3653/396/1635 3652/239/1635 717/7/1635 746/182/1635 3654/399/1635 3655/637/1635 743/367/1635 729/137/1635
f 3640/456/11 3641/585/11 704/121/11 709/120/11 3647/358/11 3646/641/11 137/92/11 39/91/11
f 3638/471/11 3639/607/11 703/129/11 710/128/11 3649/429/11 3648/640/11 147/88/11 40/87/11
f 3625/239/11 3624/396/11 697/137/11 708/136/11 3645/207/11 3644/643/11 126/8/11 10/7/11
f 3632/400/13 3633/625/13 700/190/13 707/46/13 112/196/13 9/74/13
f 112/196/13 707/46/13 711/46/13 3630/403/13 3631/400/13 160/74/13
f 702/64/8 3637/63/8 3667/63/8 853/64/8
f 3637/63/8 3636/62/8 3666/62/8 3667/63/8
f 705/137/13 74/7/13 106/182/13 3642/357/13 3643/634/13 706/361/13
f 3651/442/13 3650/426/13 222/154/13 74/7/13 705/137/13 712/362/13
usemtl Material.019
f 174/104/12 169/105/12 56/106/12 139/107/12
f 175/108/12 168/109/12 54/110/12 150/111/12
f 173/116/12 163/117/12 43/118/12 128/119/12
f 204/124/11 199/125/11 72/126/11 141/127/11
f 205/132/11 198/133/11 70/134/11 152/135/11
f 203/140/11 193/15/11 59/141/11 130/142/11
f 236/143/13 230/144/13 81/138/13 217/145/13
f 234/43/14 228/147/14 79/148/14 187/43/14
f 217/145/13 81/138/13 105/138/13 218/174/13
f 187/43/14 79/148/14 103/148/14 188/178/14
f 192/188/13 58/183/13 119/183/13 202/189/13
f 162/163/14 42/192/14 117/192/14 172/161/14
f 2571/43/8 178/211/8 257/211/8 2579/43/8
f 2077/204/8 173/116/8 248/116/8 2103/204/8
f 78/118/14 170/117/14 171/117/14 102/118/14
f 227/118/14 233/117/14 170/117/14 78/118/14
f 2088/214/8 176/215/8 254/215/8 2112/214/8
f 138/115/12 55/114/12 186/216/12 190/217/12
f 149/103/12 53/102/12 185/218/12 191/219/12
f 127/187/12 44/148/12 177/43/12 189/220/12
f 41/175/14 182/213/14 180/221/14 116/175/14
f 2833/222/8 169/105/8 244/105/8 2841/222/8
f 80/141/13 200/13/13 201/228/13 104/177/13
f 229/141/13 235/13/13 200/13/13 80/141/13
f 140/123/11 71/122/11 216/230/11 220/231/11
f 151/131/11 69/130/11 215/232/11 221/233/11
f 129/139/11 60/138/11 207/143/11 219/234/11
f 57/191/13 212/235/13 210/235/13 118/191/13
f 2703/43/8 234/43/8 260/43/8 2711/43/8
f 2079/198/8 174/104/8 250/104/8 2105/198/8
f 2834/248/8 189/220/8 247/220/8 2842/248/8
f 2081/172/8 175/108/8 252/108/8 2107/172/8
f 2070/240/8 185/218/8 241/218/8 2096/240/8
f 2966/249/8 190/217/8 249/217/8 2974/249/8
f 2083/42/8 177/43/8 256/43/8 2109/42/8
f 2072/236/8 186/216/8 243/216/8 2098/236/8
f 2064/212/8 182/213/8 237/213/8 2092/212/8
f 3098/250/8 191/219/8 251/219/8 3106/250/8
f 2091/253/8 233/117/8 259/117/8 2115/253/8
f 2568/252/8 171/117/8 246/117/8 2576/252/8
f 3097/162/8 162/163/8 238/163/8 3105/162/8
f 2074/42/8 188/178/8 245/178/8 2100/42/8
f 2700/44/8 163/117/8 255/117/8 2708/44/8
f 2965/254/8 168/109/8 242/109/8 2973/254/8
f 3230/255/8 181/255/8 258/255/8 3238/255/8
f 3229/215/8 166/163/8 240/163/8 3237/215/8
f 1474/289/13 1473/278/13 236/143/13 217/145/13 200/13/13 235/13/13
f 200/13/13 217/145/13 218/174/13 1457/173/13 1458/301/13 201/228/13
f 1455/311/11 1456/518/11 199/125/11 204/124/11 1462/246/11 1461/515/11 220/231/11 216/230/11
f 1453/306/11 1454/517/11 198/133/11 205/132/11 1464/243/11 1463/514/11 221/233/11 215/232/11
f 1466/278/11 1465/289/11 193/15/11 203/140/11 1460/274/11 1459/480/11 219/234/11 207/143/11
f 1447/295/13 1448/363/13 192/188/13 202/189/13 210/235/13 212/235/13
f 210/235/13 202/189/13 206/310/13 1471/309/13 1472/513/13 211/287/13
f 171/117/8 2075/253/8 2101/253/8 246/117/8
f 2075/253/8 2074/42/8 2100/42/8 2101/253/8
f 234/43/8 2090/42/8 2114/42/8 260/43/8
f 2090/42/8 2091/253/8 2115/253/8 2114/42/8
f 162/163/8 2065/285/8 2093/285/8 238/163/8
f 2065/285/8 2064/212/8 2092/212/8 2093/285/8
f 169/105/8 2073/542/8 2099/542/8 244/105/8
f 2073/542/8 2072/236/8 2098/236/8 2099/542/8
f 163/117/8 2082/253/8 2108/253/8 255/117/8
f 2082/253/8 2083/42/8 2109/42/8 2108/253/8
f 168/109/8 2071/545/8 2097/545/8 242/109/8
f 2071/545/8 2070/240/8 2096/240/8 2097/545/8
f 191/219/8 2080/546/8 2106/546/8 251/219/8
f 2080/546/8 2081/172/8 2107/172/8 2106/546/8
f 190/217/8 2078/544/8 2104/544/8 249/217/8
f 2078/544/8 2079/198/8 2105/198/8 2104/544/8
f 2091/253/14 2090/42/14 234/43/14 187/43/14 170/117/14 233/117/14
f 170/117/14 187/43/14 188/178/14 2074/42/14 2075/253/14 171/117/14
f 2072/236/12 2073/542/12 169/105/12 174/104/12 2079/198/12 2078/544/12 190/217/12 186/216/12
f 2070/240/12 2071/545/12 168/109/12 175/108/12 2081/172/12 2080/546/12 191/219/12 185/218/12
f 181/255/8 2089/212/8 2113/212/8 258/255/8
f 2089/212/8 2088/214/8 2112/214/8 2113/212/8
f 2083/42/12 2082/253/12 163/117/12 173/116/12 2077/204/12 2076/541/12 189/220/12 177/43/12
f 2064/212/14 2065/285/14 162/163/14 172/161/14 180/221/14 182/213/14
f 189/220/8 2076/541/8 2102/541/8 247/220/8
f 2076/541/8 2077/204/8 2103/204/8 2102/541/8
f 180/221/14 172/161/14 176/215/14 2088/214/14 2089/212/14 181/255/14
f 164/252/8 2569/252/8 2577/252/8 253/252/8
f 2569/252/8 2568/252/8 2576/252/8 2577/252/8
f 2572/228/13 2573/228/13 194/228/13 61/141/13 104/177/13 201/228/13
f 2568/252/14 2569/252/14 164/252/14 45/118/14 102/118/14 171/117/14
f 188/178/8 2570/43/8 2578/43/8 245/178/8
f 2570/43/8 2571/43/8 2579/43/8 2578/43/8
f 105/138/13 62/138/13 208/174/13 2575/174/13 2574/299/13 218/174/13
f 103/148/14 46/148/14 178/211/14 2571/43/14 2570/43/14 188/178/14
f 233/117/8 2701/44/8 2709/44/8 259/117/8
f 2701/44/8 2700/44/8 2708/44/8 2709/44/8
f 60/138/13 230/144/13 236/143/13 2707/145/13 2706/145/13 207/143/13
f 44/148/14 228/147/14 234/43/14 2703/43/14 2702/43/14 177/43/14
f 2700/44/14 2701/44/14 233/117/14 227/118/14 43/118/14 163/117/14
f 177/43/8 2702/43/8 2710/43/8 256/43/8
f 2702/43/8 2703/43/8 2711/43/8 2710/43/8
f 2704/13/13 2705/13/13 235/13/13 229/141/13 59/141/13 193/15/13
f 186/216/8 2835/576/8 2843/576/8 243/216/8
f 2835/576/8 2834/248/8 2842/248/8 2843/576/8
f 71/122/11 129/139/11 219/234/11 2838/292/11 2839/581/11 216/230/11
f 173/116/8 2832/284/8 2840/284/8 248/116/8
f 2832/284/8 2833/222/8 2841/222/8 2840/284/8
f 55/114/12 127/187/12 189/220/12 2834/248/12 2835/576/12 186/216/12
f 2833/222/12 2832/284/12 173/116/12 128/119/12 56/106/12 169/105/12
f 2837/197/11 2836/275/11 203/140/11 130/142/11 72/126/11 199/125/11
f 174/104/8 2964/282/8 2972/282/8 250/104/8
f 2964/282/8 2965/254/8 2973/254/8 2972/282/8
f 185/218/8 2967/601/8 2975/601/8 241/218/8
f 2967/601/8 2966/249/8 2974/249/8 2975/601/8
f 69/130/11 140/123/11 220/231/11 2970/293/11 2971/606/11 215/232/11
f 53/102/12 138/115/12 190/217/12 2966/249/12 2967/601/12 185/218/12
f 2965/254/12 2964/282/12 174/104/12 139/107/12 54/110/12 168/109/12
f 2969/201/11 2968/272/11 204/124/11 141/127/11 70/134/11 198/133/11
f 175/108/8 3096/280/8 3104/280/8 252/108/8
f 3096/280/8 3097/162/8 3105/162/8 3104/280/8
f 182/213/8 3099/594/8 3107/594/8 237/213/8
f 3099/594/8 3098/250/8 3106/250/8 3107/594/8
f 57/191/11 151/131/11 221/233/11 3102/294/11 3103/588/11 212/235/11
f 41/175/12 149/103/12 191/219/12 3098/250/12 3099/594/12 182/213/12
f 3097/162/12 3096/280/12 175/108/12 150/111/12 42/192/12 162/163/12
f 3101/224/11 3100/270/11 205/132/11 152/135/11 58/183/11 192/188/11
f 176/215/8 3228/161/8 3236/161/8 254/215/8
f 3228/161/8 3229/215/8 3237/215/8 3236/161/8
f 183/213/8 3231/213/8 3239/213/8 239/213/8
f 3231/213/8 3230/255/8 3238/255/8 3239/213/8
f 211/287/13 3234/286/13 3235/520/13 213/303/13 65/191/13 118/191/13 210/235/13
f 181/255/14 3230/255/14 3231/213/14 183/213/14 49/175/14 116/175/14 180/221/14
f 119/183/13 66/183/13 196/188/13 3233/188/13 3232/188/13 206/310/13 202/189/13
f 117/192/14 50/192/14 166/163/14 3229/215/14 3228/161/14 176/215/14 172/161/14
usemtl Material.023
f 1721/9/4 356/10/4 286/10/4 1708/9/4
f 2490/11/5 1305/12/5 1008/12/5 2421/11/5
f 2772/13/6 604/14/6 313/15/6 2718/13/6
f 3324/45/9 1143/46/9 1029/46/9 3313/46/9
f 3152/162/18 516/163/18 322/163/18 3119/162/18
f 2170/172/19 508/108/19 336/108/19 2131/172/19
f 2904/197/20 620/125/20 302/125/20 2851/197/20
f 2186/198/19 532/104/19 334/104/19 2129/198/19
f 3336/199/21 1290/200/21 1004/193/21 3307/200/21
f 3036/201/22 644/133/22 300/133/22 2983/201/22
f 3330/202/23 1282/202/23 1027/202/23 3310/202/23
f 2740/10/24 384/10/24 318/10/24 2717/10/24
f 2202/203/19 548/116/19 332/116/19 2127/204/19
f 3774/205/25 1097/206/25 1032/136/25 3711/207/25
f 401/164/26 397/165/26 282/165/26 292/164/26
f 3168/224/27 660/188/27 296/188/27 3115/224/27
f 2608/225/28 348/226/28 283/155/28 2580/226/28
f 2732/153/29 373/151/29 261/153/29 2714/153/29
f 2234/42/31 572/229/31 329/178/31 2124/42/31
f 2194/236/31 540/216/31 327/216/31 2122/236/31
f 373/151/32 372/152/32 262/152/32 261/153/32
f 421/156/26 420/112/26 279/112/26 293/156/26
f 3762/239/33 1085/182/33 997/7/33 3697/239/33
f 2178/240/31 524/218/31 325/218/31 2120/240/31
f 1577/241/34 652/242/34 310/132/34 1490/243/34
f 2872/244/35 396/113/35 278/113/35 2845/245/35
f 2154/212/31 492/213/31 323/213/31 2118/212/31
f 1561/246/34 640/124/34 308/124/34 1488/246/34
f 441/158/26 448/100/26 280/100/26 294/158/26
f 3268/247/36 472/247/36 276/176/36 3243/247/36
f 3343/227/13 3241/209/13 269/209/13 1703/227/13
f 2581/256/37 2584/152/37 266/152/37 265/153/37
f 3241/186/38 3243/247/38 276/176/38 269/186/38
f 2683/9/39 2583/10/39 285/10/39 1707/9/39
f 2849/257/40 292/164/40 282/165/40 2844/258/40
f 2946/259/11 1709/78/11 292/77/11 2849/260/11
f 2981/261/41 293/156/41 279/112/41 2976/262/41
f 3078/263/11 1710/171/11 293/170/11 2981/264/11
f 3113/265/42 294/158/42 280/100/42 3108/266/42
f 3210/267/11 1711/84/11 294/83/11 3113/268/11
f 3208/269/43 1490/243/43 310/132/43 3114/270/43
f 3076/271/44 1488/246/44 308/124/44 2982/272/44
f 2944/273/45 1486/274/45 306/140/45 2850/275/45
f 3341/276/46 3247/188/46 298/188/46 1478/276/46
f 2681/173/47 2589/174/47 315/174/47 1494/277/47
f 2813/278/48 2721/145/48 320/143/48 1497/278/48
f 2815/9/49 2717/10/49 318/10/49 1713/9/49
f 2715/153/50 2712/152/50 267/152/50 317/151/50
f 3214/279/51 2131/172/51 336/108/51 3118/280/51
f 3082/281/52 2129/198/52 334/104/52 2986/282/52
f 2950/283/53 2127/204/53 332/116/53 2854/284/53
f 3347/214/54 3251/215/54 324/163/54 2119/285/54
f 2687/42/55 2593/43/55 341/211/55 2135/42/55
f 2819/42/56 2725/43/56 344/43/56 2138/42/56
f 1761/210/57 476/209/57 270/209/57 1712/210/57
f 3020/254/58 525/109/58 326/109/58 2987/254/58
f 2764/145/59 612/145/59 320/143/59 2721/145/59
f 3300/286/60 668/287/60 316/287/60 3248/286/60
f 2888/222/61 541/288/61 328/105/61 2855/222/61
f 1529/289/34 605/13/34 319/13/34 1498/289/34
f 1729/290/4 385/291/4 284/10/4 1706/9/4
f 1753/84/62 441/83/62 294/83/62 1711/84/62
f 1737/78/62 401/77/62 292/77/62 1709/78/62
f 2624/252/63 573/117/63 330/117/63 2590/252/63
f 1717/290/62 364/76/62 266/76/62 1707/9/62
f 3292/188/64 676/188/64 298/188/64 3247/188/64
f 3284/215/65 493/163/65 324/163/65 3251/215/65
f 2896/292/66 628/234/66 305/234/66 2852/292/66
f 1745/171/62 421/170/62 293/170/62 1710/171/62
f 2640/228/67 588/228/67 304/228/67 2586/228/67
f 2218/42/31 556/43/31 340/43/31 2133/42/31
f 3028/293/68 633/231/68 307/231/68 2984/293/68
f 2226/251/19 577/252/19 337/252/19 2134/251/19
f 1725/9/62 392/76/62 267/76/62 1713/9/62
f 3160/294/69 653/233/69 309/233/69 3116/294/69
f 1741/81/4 432/80/4 271/80/4 1704/81/4
f 1757/227/4 484/184/4 268/184/4 1703/227/4
f 1569/295/70 661/235/70 295/235/70 1475/295/70
f 1749/227/4 456/184/4 263/184/4 1702/227/4
f 2146/214/19 497/215/19 338/215/19 2136/214/19
f 2600/10/71 365/291/71 285/10/71 2583/10/71
f 1733/296/4 412/167/4 273/167/4 1705/168/4
f 3276/255/72 501/255/72 342/255/72 3252/255/72
f 348/226/32 357/152/32 291/152/32 283/155/32
f 364/152/26 349/151/26 265/153/26 266/152/26
f 2880/248/73 549/220/73 331/220/73 2856/248/73
f 3004/297/74 425/166/74 287/166/74 2978/297/74
f 1521/278/70 613/298/70 314/143/70 1492/278/70
f 461/176/32 457/186/32 264/186/32 275/176/32
f 3012/249/75 533/217/75 333/217/75 2988/249/75
f 2632/299/76 596/174/76 315/174/76 2589/174/76
f 3136/300/77 449/79/77 288/79/77 3110/300/77
f 1513/301/34 589/228/34 312/228/34 1493/301/34
f 472/247/32 485/186/32 269/186/32 276/176/32
f 1593/302/70 669/303/70 297/303/70 1477/302/70
f 3144/250/78 509/219/78 335/219/78 3120/250/78
f 2616/43/79 581/211/79 341/211/79 2593/43/79
f 392/152/26 377/151/26 317/151/26 267/152/26
f 3260/184/80 477/304/80 289/304/80 3244/184/80
f 437/305/32 433/159/32 272/159/32 277/101/32
f 1553/306/70 645/232/70 299/232/70 1479/306/70
f 2756/44/81 557/117/81 339/117/81 2722/44/81
f 2864/307/82 405/75/82 290/75/82 2846/307/82
f 396/113/32 413/308/32 274/157/32 278/113/32
f 1585/309/34 677/310/34 311/310/34 1495/309/34
f 1545/311/70 629/230/70 301/230/70 1481/311/70
f 2748/43/83 568/43/83 344/43/83 2725/43/83
f 2210/253/19 561/117/19 343/117/19 2139/253/19
f 2996/312/84 437/305/84 277/101/84 2977/312/84
f 1505/173/70 597/174/70 303/174/70 1483/173/70
f 476/186/26 465/176/26 281/176/26 270/186/26
f 3128/313/85 461/176/85 275/176/85 3109/313/85
f 1537/314/34 621/140/34 306/140/34 1486/274/34
f 2162/212/31 517/213/31 321/213/31 2116/212/31
f 12/152/86 83/153/86 352/153/86 361/152/86
f 361/152/86 352/153/86 351/153/86 362/152/86
f 362/152/87 351/153/87 350/151/87 363/152/87
f 363/152/88 350/151/88 349/151/88 364/152/88
f 109/155/89 108/152/89 360/152/89 345/256/89
f 345/256/89 360/152/89 359/152/89 346/256/89
f 346/256/90 359/152/90 358/152/90 347/226/90
f 347/226/91 358/152/91 357/152/91 348/226/91
f 2565/10/92 97/10/92 368/10/92 2594/10/92
f 2594/10/93 368/10/93 367/10/93 2596/10/93
f 2596/10/94 367/10/94 366/291/94 2598/10/94
f 2598/10/94 366/291/94 365/291/94 2600/10/94
f 1693/9/95 12/76/95 361/76/95 1714/9/95
f 1714/9/95 361/76/95 362/76/95 1715/9/95
f 1715/9/96 362/76/96 363/76/96 1716/290/96
f 2562/226/98 109/155/98 345/256/98 2602/226/98
f 2602/226/99 345/256/99 346/256/99 2604/226/99
f 2604/226/100 346/256/100 347/226/100 2606/225/100
f 2606/225/100 347/226/100 348/226/100 2608/225/100
f 1695/9/101 110/10/101 353/291/101 1718/290/101
f 1718/290/101 353/291/101 354/291/101 1719/290/101
f 1719/290/102 354/291/102 355/10/102 1720/9/102
f 1720/9/103 355/10/103 356/10/103 1721/9/103
f 224/152/86 231/151/86 380/153/86 389/152/86
f 389/152/86 380/153/86 379/153/86 390/152/86
f 390/152/87 379/153/87 378/151/87 391/152/87
f 391/152/88 378/151/88 377/151/88 392/152/88
f 1701/9/95 224/76/95 389/76/95 1722/290/95
f 1722/290/95 389/76/95 390/76/95 1723/290/95
f 1723/290/96 390/76/96 391/76/96 1724/9/96
f 1692/9/101 96/10/101 388/10/101 1726/9/101
f 1726/9/101 388/10/101 387/10/101 1727/9/101
f 1727/9/102 387/10/102 386/291/102 1728/290/102
f 1728/290/103 386/291/103 385/291/103 1729/290/103
f 82/153/89 2/152/89 369/152/89 376/153/89
f 376/153/89 369/152/89 370/152/89 375/153/89
f 375/153/90 370/152/90 371/152/90 374/151/90
f 374/151/91 371/152/91 372/152/91 373/151/91
f 2696/153/98 82/153/98 376/153/98 2726/318/98
f 2726/318/105 376/153/105 375/153/105 2728/318/105
f 2728/318/106 375/153/106 374/151/106 2730/153/106
f 2730/153/106 374/151/106 373/151/106 2732/153/106
f 2699/10/92 232/10/92 381/291/92 2734/10/92
f 2734/10/107 381/291/107 382/291/107 2736/10/107
f 2736/10/108 382/291/108 383/10/108 2738/10/108
f 2738/10/108 383/10/108 384/10/108 2740/10/108
f 89/113/89 32/157/89 416/157/89 393/319/89
f 393/319/89 416/157/89 415/157/89 394/319/89
f 394/319/90 415/157/90 414/157/90 395/113/90
f 395/113/91 414/157/91 413/308/91 396/113/91
f 2830/307/109 132/75/109 408/75/109 2858/307/109
f 2858/307/110 408/75/110 407/320/110 2860/307/110
f 2860/307/111 407/320/111 406/75/111 2862/307/111
f 2862/307/111 406/75/111 405/75/111 2864/307/111
f 1691/168/101 95/167/101 409/321/101 1730/296/101
f 1730/296/101 409/321/101 410/167/101 1731/168/101
f 1731/168/102 410/167/102 411/167/102 1732/168/102
f 1732/168/103 411/167/103 412/167/103 1733/296/103
f 1697/78/95 122/77/95 404/322/95 1734/78/95
f 1734/78/95 404/322/95 403/322/95 1735/78/95
f 1735/78/96 403/322/96 402/77/96 1736/78/96
f 2829/245/113 89/113/113 393/319/113 2866/244/113
f 2866/244/114 393/319/114 394/319/114 2868/244/114
f 2868/244/115 394/319/115 395/113/115 2870/244/115
f 2870/244/115 395/113/115 396/113/115 2872/244/115
f 122/164/86 131/165/86 400/323/86 404/324/86
f 404/324/86 400/323/86 399/323/86 403/324/86
f 403/324/87 399/323/87 398/165/87 402/164/87
f 402/164/88 398/165/88 397/165/88 401/164/88
f 2961/312/113 88/101/113 440/101/113 2990/312/113
f 2990/312/116 440/101/116 439/101/116 2992/312/116
f 2992/312/117 439/101/117 438/305/117 2994/312/117
f 2994/312/117 438/305/117 437/305/117 2996/312/117
f 88/101/89 31/159/89 436/159/89 440/101/89
f 440/101/89 436/159/89 435/159/89 439/101/89
f 439/101/90 435/159/90 434/159/90 438/305/90
f 438/305/91 434/159/91 433/159/91 437/305/91
f 2962/297/109 143/166/109 428/166/109 2998/297/109
f 2998/297/118 428/166/118 427/166/118 3000/297/118
f 3000/297/119 427/166/119 426/166/119 3002/297/119
f 3002/297/119 426/166/119 425/166/119 3004/297/119
f 1690/81/101 94/80/101 429/80/101 1738/81/101
f 1738/81/101 429/80/101 430/80/101 1739/81/101
f 1739/81/102 430/80/102 431/80/102 1740/81/102
f 1740/81/103 431/80/103 432/80/103 1741/81/103
f 1698/171/95 133/170/95 424/170/95 1742/171/95
f 1742/171/95 424/170/95 423/170/95 1743/171/95
f 1743/171/96 423/170/96 422/170/96 1744/171/96
f 133/156/86 142/112/86 417/325/86 424/326/86
f 424/326/86 417/325/86 418/325/86 423/326/86
f 423/326/87 418/325/87 419/112/87 422/156/87
f 422/156/88 419/112/88 420/112/88 421/156/88
f 3093/313/113 85/176/113 464/247/113 3122/313/113
f 3122/313/121 464/247/121 463/247/121 3124/313/121
f 3124/313/122 463/247/122 462/176/122 3126/313/122
f 3126/313/122 462/176/122 461/176/122 3128/313/122
f 3094/300/109 154/79/109 452/79/109 3130/300/109
f 3130/300/123 452/79/123 451/79/123 3132/300/123
f 3132/300/124 451/79/124 450/79/124 3134/300/124
f 3134/300/124 450/79/124 449/79/124 3136/300/124
f 85/176/89 1/186/89 460/186/89 464/247/89
f 464/247/89 460/186/89 459/186/89 463/247/89
f 463/247/90 459/186/90 458/186/90 462/176/90
f 462/176/91 458/186/91 457/186/91 461/176/91
f 1687/227/101 91/184/101 453/184/101 1746/227/101
f 1746/227/101 453/184/101 454/184/101 1747/227/101
f 1747/227/102 454/184/102 455/184/102 1748/227/102
f 1748/227/103 455/184/103 456/184/103 1749/227/103
f 1699/84/95 148/83/95 444/83/95 1750/84/95
f 1750/84/95 444/83/95 443/83/95 1751/84/95
f 1751/84/96 443/83/96 442/83/96 1752/84/96
f 148/158/86 153/100/86 445/327/86 444/158/86
f 444/158/86 445/327/86 446/327/86 443/158/86
f 443/158/87 446/327/87 447/100/87 442/158/87
f 442/158/88 447/100/88 448/100/88 441/158/88
f 155/186/86 158/176/86 468/247/86 473/186/86
f 473/186/86 468/247/86 467/247/86 474/186/86
f 474/186/87 467/247/87 466/176/87 475/186/87
f 475/186/88 466/176/88 465/176/88 476/186/88
f 3224/184/92 159/304/92 480/184/92 3254/184/92
f 3254/184/126 480/184/126 479/184/126 3256/184/126
f 3256/184/127 479/184/127 478/304/127 3258/184/127
f 3258/184/127 478/304/127 477/304/127 3260/184/127
f 86/176/89 21/186/89 488/186/89 469/176/89
f 469/176/89 488/186/89 487/186/89 470/176/89
f 470/176/90 487/186/90 486/186/90 471/247/90
f 471/247/91 486/186/91 485/186/91 472/247/91
f 1688/227/101 92/184/101 481/184/101 1754/227/101
f 1754/227/101 481/184/101 482/184/101 1755/227/101
f 1755/227/102 482/184/102 483/184/102 1756/227/102
f 1756/227/103 483/184/103 484/184/103 1757/227/103
f 1700/210/95 155/209/95 473/209/95 1758/227/95
f 1758/227/95 473/209/95 474/209/95 1759/227/95
f 1759/227/96 474/209/96 475/209/96 1760/210/96
f 3223/247/98 86/176/98 469/176/98 3262/247/98
f 3262/247/129 469/176/129 470/176/129 3264/247/129
f 3264/247/130 470/176/130 471/247/130 3266/247/130
f 3266/247/130 471/247/130 472/247/130 3268/247/130
f 3238/255/92 258/255/92 504/221/92 3270/221/92
f 3270/221/126 504/221/126 503/221/126 3272/221/126
f 3272/221/127 503/221/127 502/255/127 3274/255/127
f 3274/255/127 502/255/127 501/255/127 3276/255/127
f 2112/214/86 254/215/86 500/161/86 2140/160/86
f 2140/160/86 500/161/86 499/161/86 2142/160/86
f 2142/160/131 499/161/131 498/215/131 2144/214/131
f 2144/214/132 498/215/132 497/215/132 2146/214/132
f 3237/215/98 240/163/98 496/163/98 3278/215/98
f 3278/215/129 496/163/129 495/163/129 3280/215/129
f 3280/215/130 495/163/130 494/163/130 3282/215/130
f 3282/215/130 494/163/130 493/163/130 3284/215/130
f 2094/212/89 239/213/89 489/213/89 2148/212/89
f 2148/212/89 489/213/89 490/213/89 2150/212/89
f 2150/212/133 490/213/133 491/213/133 2152/212/133
f 2152/212/134 491/213/134 492/213/134 2154/212/134
f 2092/212/89 237/213/89 520/213/89 2156/212/89
f 2156/212/89 520/213/89 519/213/89 2158/212/89
f 2158/212/133 519/213/133 518/213/133 2160/212/133
f 2160/212/134 518/213/134 517/213/134 2162/212/134
f 3106/250/109 251/219/109 512/219/109 3138/250/109
f 3138/250/123 512/219/123 511/328/123 3140/250/123
f 3140/250/124 511/328/124 510/219/124 3142/250/124
f 3142/250/124 510/219/124 509/219/124 3144/250/124
f 2107/172/86 252/108/86 505/108/86 2164/172/86
f 2164/172/86 505/108/86 506/108/86 2166/172/86
f 2166/172/131 506/108/131 507/108/131 2168/172/131
f 2168/172/132 507/108/132 508/108/132 2170/172/132
f 3105/162/113 238/163/113 513/163/113 3146/162/113
f 3146/162/121 513/163/121 514/163/121 3148/162/121
f 3148/162/122 514/163/122 515/163/122 3150/162/122
f 3150/162/122 515/163/122 516/163/122 3152/162/122
f 2974/249/109 249/217/109 536/217/109 3006/249/109
f 3006/249/118 536/217/118 535/329/118 3008/249/118
f 3008/249/119 535/329/119 534/217/119 3010/249/119
f 3010/249/119 534/217/119 533/217/119 3012/249/119
f 2973/254/113 242/109/113 528/109/113 3014/254/113
f 3014/254/116 528/109/116 527/109/116 3016/254/116
f 3016/254/117 527/109/117 526/109/117 3018/254/117
f 3018/254/117 526/109/117 525/109/117 3020/254/117
f 2096/240/89 241/218/89 521/218/89 2172/240/89
f 2172/240/89 521/218/89 522/218/89 2174/240/89
f 2174/240/133 522/218/133 523/330/133 2176/240/133
f 2176/240/134 523/330/134 524/218/134 2178/240/134
f 2105/198/86 250/104/86 529/104/86 2180/198/86
f 2180/198/86 529/104/86 530/104/86 2182/198/86
f 2182/198/131 530/104/131 531/104/131 2184/198/131
f 2184/198/132 531/104/132 532/104/132 2186/198/132
f 2842/248/109 247/220/109 552/220/109 2874/248/109
f 2874/248/110 552/220/110 551/331/110 2876/248/110
f 2876/248/111 551/331/111 550/220/111 2878/248/111
f 2878/248/111 550/220/111 549/220/111 2880/248/111
f 2841/222/113 244/105/113 544/105/113 2882/222/113
f 2882/222/114 544/105/114 543/105/114 2884/222/114
f 2884/222/115 543/105/115 542/105/115 2886/222/115
f 2886/222/115 542/105/115 541/288/115 2888/222/115
f 2098/236/89 243/216/89 537/216/89 2188/236/89
f 2188/236/89 537/216/89 538/216/89 2190/236/89
f 2190/236/133 538/216/133 539/332/133 2192/236/133
f 2192/236/134 539/332/134 540/216/134 2194/236/134
f 2103/204/86 248/116/86 545/116/86 2196/203/86
f 2196/203/86 545/116/86 546/116/86 2198/203/86
f 2198/203/131 546/116/131 547/333/131 2200/203/131
f 2200/203/132 547/333/132 548/116/132 2202/203/132
f 2115/253/86 259/117/86 564/44/86 2204/253/86
f 2204/253/86 564/44/86 563/44/86 2206/253/86
f 2206/253/131 563/44/131 562/117/131 2208/253/131
f 2208/253/132 562/117/132 561/117/132 2210/253/132
f 2711/43/92 260/43/92 565/43/92 2742/43/92
f 2742/43/107 565/43/107 566/43/107 2744/43/107
f 2744/43/108 566/43/108 567/43/108 2746/43/108
f 2746/43/108 567/43/108 568/43/108 2748/43/108
f 2708/44/98 255/117/98 560/44/98 2750/44/98
f 2750/44/105 560/44/105 559/44/105 2752/44/105
f 2752/44/106 559/44/106 558/117/106 2754/44/106
f 2754/44/106 558/117/106 557/117/106 2756/44/106
f 2109/42/89 256/43/89 553/43/89 2212/42/89
f 2212/42/89 553/43/89 554/43/89 2214/42/89
f 2214/42/133 554/43/133 555/43/133 2216/42/133
f 2216/42/134 555/43/134 556/43/134 2218/42/134
f 2579/43/92 257/211/92 584/43/92 2610/43/92
f 2610/43/93 584/43/93 583/43/93 2612/43/93
f 2612/43/94 583/43/94 582/211/94 2614/43/94
f 2614/43/94 582/211/94 581/211/94 2616/43/94
f 2110/251/86 253/252/86 580/334/86 2220/335/86
f 2220/335/86 580/334/86 579/334/86 2222/335/86
f 2222/335/131 579/334/131 578/252/131 2224/251/131
f 2224/251/132 578/252/132 577/252/132 2226/251/132
f 2576/252/98 246/117/98 576/44/98 2618/252/98
f 2618/252/99 576/44/99 575/44/99 2620/252/99
f 2620/252/100 575/44/100 574/117/100 2622/252/100
f 2622/252/100 574/117/100 573/117/100 2624/252/100
f 2100/42/89 245/178/89 569/336/89 2228/337/89
f 2228/337/89 569/336/89 570/336/89 2230/337/89
f 2230/337/133 570/336/133 571/229/133 2232/42/133
f 2232/42/134 571/229/134 572/229/134 2234/42/134
f 1457/173/101 218/174/101 600/174/101 1499/173/101
f 1499/173/101 600/174/101 599/299/101 1501/173/101
f 1501/173/135 599/299/135 598/174/135 1503/173/135
f 1503/173/136 598/174/136 597/174/136 1505/173/136
f 1467/301/95 194/228/95 592/228/95 1507/301/95
f 1507/301/95 592/228/95 591/228/95 1509/301/95
f 1509/301/137 591/228/137 590/228/137 1511/301/137
f 1511/301/138 590/228/138 589/228/138 1513/301/138
f 2575/174/92 208/174/92 593/174/92 2626/299/92
f 2626/299/93 593/174/93 594/174/93 2628/299/93
f 2628/299/94 594/174/94 595/299/94 2630/299/94
f 2630/299/94 595/299/94 596/174/94 2632/299/94
f 2572/228/98 201/228/98 585/228/98 2634/228/98
f 2634/228/99 585/228/99 586/228/99 2636/228/99
f 2636/228/100 586/228/100 587/228/100 2638/228/100
f 2638/228/100 587/228/100 588/228/100 2640/228/100
f 1466/278/101 207/143/101 616/145/101 1515/278/101
f 1515/278/101 616/145/101 615/145/101 1517/278/101
f 1517/278/135 615/145/135 614/143/135 1519/278/135
f 1519/278/136 614/143/136 613/298/136 1521/278/136
f 1474/289/95 235/13/95 608/13/95 1523/289/95
f 1523/289/95 608/13/95 607/13/95 1525/289/95
f 1525/289/137 607/13/137 606/13/137 1527/289/137
f 1527/289/138 606/13/138 605/13/138 1529/289/138
f 2707/145/92 236/143/92 609/298/92 2758/145/92
f 2758/145/107 609/298/107 610/143/107 2760/145/107
f 2760/145/108 610/143/108 611/145/108 2762/145/108
f 2762/145/108 611/145/108 612/145/108 2764/145/108
f 2704/13/98 193/15/98 601/15/98 2766/13/98
f 2766/13/105 601/15/105 602/15/105 2768/13/105
f 2768/13/106 602/15/106 603/14/106 2770/13/106
f 2770/13/106 603/14/106 604/14/106 2772/13/106
f 1460/274/95 203/140/95 624/338/95 1531/339/95
f 1531/339/95 624/338/95 623/340/95 1533/339/95
f 1533/339/137 623/340/137 622/140/137 1535/314/137
f 1535/314/138 622/140/138 621/140/138 1537/314/138
f 1455/311/101 216/230/101 632/230/101 1539/311/101
f 1539/311/101 632/230/101 631/341/101 1541/311/101
f 1541/311/135 631/341/135 630/230/135 1543/311/135
f 1543/311/136 630/230/136 629/230/136 1545/311/136
f 2838/292/109 219/234/109 625/234/109 2890/292/109
f 2890/292/110 625/234/110 626/234/110 2892/292/110
f 2892/292/111 626/234/111 627/342/111 2894/292/111
f 2894/292/111 627/342/111 628/234/111 2896/292/111
f 2837/197/113 199/125/113 617/343/113 2898/197/113
f 2898/197/114 617/343/114 618/125/114 2900/197/114
f 2900/197/115 618/125/115 619/125/115 2902/197/115
f 2902/197/115 619/125/115 620/125/115 2904/197/115
f 1453/306/101 215/232/101 648/232/101 1547/306/101
f 1547/306/101 648/232/101 647/232/101 1549/306/101
f 1549/306/135 647/232/135 646/232/135 1551/306/135
f 1551/306/136 646/232/136 645/232/136 1553/306/136
f 2970/293/109 220/231/109 636/231/109 3022/293/109
f 3022/293/118 636/231/118 635/231/118 3024/293/118
f 3024/293/119 635/231/119 634/231/119 3026/293/119
f 3026/293/119 634/231/119 633/231/119 3028/293/119
f 1462/246/95 204/124/95 637/344/95 1555/345/95
f 1555/345/95 637/344/95 638/124/95 1557/246/95
f 1557/246/137 638/124/137 639/124/137 1559/246/137
f 1559/246/138 639/124/138 640/124/138 1561/246/138
f 2969/201/113 198/133/113 641/133/113 3030/201/113
f 3030/201/116 641/133/116 642/133/116 3032/201/116
f 3032/201/117 642/133/117 643/133/117 3034/201/117
f 3034/201/117 643/133/117 644/133/117 3036/201/117
f 1447/295/101 212/235/101 664/235/101 1563/295/101
f 1563/295/101 664/235/101 663/235/101 1565/295/101
f 1565/295/135 663/235/135 662/235/135 1567/295/135
f 1567/295/136 662/235/136 661/235/136 1569/295/136
f 3102/294/109 221/233/109 656/233/109 3154/294/109
f 3154/294/123 656/233/123 655/233/123 3156/294/123
f 3156/294/124 655/233/124 654/233/124 3158/294/124
f 3158/294/124 654/233/124 653/233/124 3160/294/124
f 1464/243/95 205/132/95 649/132/95 1571/243/95
f 1571/243/95 649/132/95 650/132/95 1573/243/95
f 1573/243/137 650/132/137 651/242/137 1575/241/137
f 1575/241/138 651/242/138 652/242/138 1577/241/138
f 3101/224/113 192/188/113 657/310/113 3162/224/113
f 3162/224/121 657/310/121 658/188/121 3164/224/121
f 3164/224/122 658/188/122 659/188/122 3166/224/122
f 3166/224/122 659/188/122 660/188/122 3168/224/122
f 1471/309/95 206/310/95 680/188/95 1579/346/95
f 1579/346/95 680/188/95 679/188/95 1581/346/95
f 1581/346/137 679/188/137 678/310/137 1583/309/137
f 1583/309/138 678/310/138 677/310/138 1585/309/138
f 1449/302/101 213/303/101 672/303/101 1587/302/101
f 1587/302/101 672/303/101 671/303/101 1589/302/101
f 1589/302/135 671/303/135 670/303/135 1591/302/135
f 1591/302/136 670/303/136 669/303/136 1593/302/136
f 3233/188/98 196/188/98 673/310/98 3286/188/98
f 3286/188/129 673/310/129 674/188/129 3288/188/129
f 3288/188/130 674/188/130 675/188/130 3290/188/130
f 3290/188/130 675/188/130 676/188/130 3292/188/130
f 3234/286/92 211/287/92 665/287/92 3294/286/92
f 3294/286/126 665/287/126 666/287/126 3296/286/126
f 3296/286/127 666/287/127 667/347/127 3298/286/127
f 3298/286/139 667/347/139 668/287/139 3300/286/139
f 2466/348/140 1281/200/140 1005/193/140 2430/315/140
f 2478/350/141 1293/202/141 991/202/141 2408/350/141
f 3750/357/33 1073/182/33 1014/182/33 3708/357/33
f 3790/358/142 1113/120/142 1110/120/142 3779/358/142
f 3192/359/143 1125/360/143 994/88/143 3176/359/143
f 3318/73/144 1137/73/144 1020/74/144 3309/73/144
f 2314/42/194 1377/43/194 952/43/194 2272/42/194
f 2056/226/195 1402/155/195 946/155/195 1978/226/195
f 1210/48/196 1198/47/196 911/47/196 915/48/196
f 1801/386/197 1407/146/197 948/146/197 1780/386/197
f 2442/391/198 1264/193/198 912/193/198 2404/391/198
f 3560/73/199 1171/73/199 913/73/199 3530/73/199
f 3738/392/200 1062/373/200 967/373/200 3688/392/200
f 1789/389/201 1204/209/201 989/209/201 1782/389/201
f 1880/366/202 1049/366/202 943/367/202 1864/366/202
f 3608/200/203 1261/193/203 909/193/203 3529/200/203
f 1402/155/204 1401/152/204 944/152/204 946/155/204
f 1204/186/205 1203/379/205 916/379/205 989/186/205
f 3554/381/206 1180/393/206 941/393/206 3547/381/206
f 1786/72/207 1197/71/207 910/71/207 1776/72/207
f 2020/182/208 1061/182/208 963/7/208 1996/182/208
f 2290/160/209 1233/161/209 925/161/209 2276/160/209
f 3838/62/210 1179/61/210 914/61/210 3682/62/210
f 2436/56/211 1258/55/211 908/55/211 2392/56/211
f 2032/372/212 1353/372/212 966/2/212 1995/372/212
f 1673/363/213 1185/188/213 933/188/213 1635/363/213
f 3602/394/214 1257/395/214 940/382/214 3544/394/214
f 1420/151/215 1419/152/215 907/152/215 917/151/215
f 3832/380/216 1176/381/216 942/381/216 3692/380/216
f 1892/149/217 1368/150/217 938/150/217 1863/149/217
f 1851/153/218 1849/152/218 904/152/218 903/151/218
f 3842/405/219 1868/182/219 906/7/219 3681/239/219
f 3623/406/220 3529/200/220 909/193/220 2393/391/220
f 3615/389/221 3548/209/221 911/209/221 1776/389/221
f 3548/186/222 3533/398/222 915/247/222 911/186/222
f 1935/407/223 1853/377/223 918/378/223 1777/407/223
f 3619/408/224 3537/161/224 922/161/224 2265/160/224
f 2330/42/225 1857/43/225 926/43/225 2267/42/225
f 3613/363/226 3541/188/226 930/188/226 1624/363/226
f 1933/173/227 1861/299/227 934/299/227 1626/173/227
f 2554/351/228 1863/149/228 938/150/228 2395/404/228
f 3878/380/229 3547/381/229 941/393/229 3683/409/229
f 2558/410/230 1991/150/230 959/150/230 2396/404/230
f 2061/173/231 1989/174/231 957/174/231 1627/173/231
f 2334/42/232 1985/43/232 953/43/232 2268/42/232
f 2063/375/233 1981/370/233 949/370/233 1778/375/233
f 3846/239/234 1996/182/234 963/7/234 3684/239/234
f 1979/256/235 1977/152/235 945/152/235 947/153/235
f 3874/403/236 3411/46/236 987/46/236 3690/403/236
f 3477/411/237 3405/188/237 981/188/237 1633/276/237
f 3483/214/238 3401/161/238 977/215/238 2274/214/238
f 3412/186/239 3397/247/239 973/247/239 988/186/239
f 3479/208/240 3412/209/240 988/209/240 1781/237/240
f 3487/315/241 3393/200/241 969/193/241 2402/315/241
f 3584/412/242 1210/247/242 915/247/242 3533/398/242
f 2050/413/243 1413/413/243 949/370/243 1981/370/243
f 2454/348/244 1269/200/244 968/193/244 2406/315/244
f 1649/173/245 1037/174/245 956/374/245 1631/277/245
f 1916/153/246 1420/151/246 917/151/246 1850/153/246
f 2044/44/247 1378/44/247 950/44/247 1982/44/247
f 1795/208/248 1215/209/248 990/209/248 1783/208/248
f 2538/410/249 1359/150/249 958/150/249 2400/404/249
f 1807/28/250 1428/27/250 904/27/250 1777/28/250
f 2038/43/251 1386/43/251 953/43/251 1985/43/251
f 1215/186/252 1221/247/252 972/247/252 990/186/252
f 3472/199/253 1275/200/253 969/193/253 3393/200/253
f 1910/377/254 1429/378/254 918/378/254 1853/377/254
f 2008/369/255 1038/369/255 954/369/255 1986/369/255
f 2302/214/256 1245/161/256 976/215/256 2278/214/256
f 3424/73/257 1149/73/257 970/74/257 3394/73/257
f 3578/223/258 1207/223/258 920/223/258 3534/223/258
f 2002/299/259 1046/174/259 957/174/259 1989/174/259
f 1661/276/260 1161/188/260 980/188/260 1637/276/260
f 3448/414/261 1224/247/261 973/247/261 3397/247/261
f 2284/51/262 1239/415/262 921/50/262 2264/51/262
f 2026/150/263 1362/150/263 959/150/263 1991/150/263
f 3826/403/264 1155/46/264 986/46/264 3694/403/264
f 3442/185/265 1216/185/265 974/185/265 3398/185/265
f 1904/44/266 1389/44/266 923/44/266 1854/44/266
f 2014/137/267 1065/137/267 960/137/267 1992/137/267
f 3460/161/268 1251/161/268 977/215/268 3401/161/268
f 3596/161/269 1240/161/269 922/161/269 3537/161/269
f 2532/402/270 1354/2/270 962/2/270 2397/402/270
f 3454/213/271 1246/213/271 978/213/271 3402/213/271
f 2326/22/272 1390/21/272 924/21/272 2266/22/272
f 1643/301/273 1041/368/273 955/368/273 1628/301/273
f 3436/188/274 1167/188/274 981/188/274 3405/188/274
f 3590/364/275 1234/221/275 927/221/275 3538/364/275
f 2308/253/276 1381/44/276 951/44/276 2269/253/276
f 3430/303/277 1162/303/277 982/303/277 3406/303/277
f 1898/43/278 1393/43/278 926/43/278 1857/43/278
f 1798/376/279 1416/76/279 945/76/279 1778/375/279
f 3466/202/280 1270/202/280 984/202/280 3408/202/280
f 3732/396/281 1068/137/281 961/137/281 3685/396/281
f 3418/45/282 1158/46/282 987/46/282 3411/46/282
f 1416/152/283 1408/153/283 947/153/283 945/152/283
f 1667/67/284 1191/66/284 929/66/284 1623/67/284
f 3820/416/285 1150/74/285 971/74/285 3691/400/285
f 1886/372/286 1371/372/286 964/372/286 1867/372/286
f 1928/369/287 1437/369/287 931/369/287 1858/369/287
f 1655/302/288 1168/383/288 983/383/288 1634/401/288
f 1874/182/289 1055/182/289 906/7/289 1868/182/289
f 3572/188/290 1192/188/290 930/188/290 3541/188/290
f 2296/417/291 1252/255/291 979/255/291 2275/212/291
f 2550/351/292 1363/149/292 939/149/292 2398/351/292
f 1685/32/293 1438/31/293 932/31/293 1625/32/293
f 1224/247/294 1230/186/294 988/186/294 973/247/294
f 1679/173/295 1446/174/295 936/174/295 1629/173/295
f 3566/397/296 1186/384/296 935/384/296 3542/397/296
f 1792/237/297 1225/238/297 975/238/297 1781/237/297
f 2320/42/298 1396/43/298 928/43/298 2270/42/298
f 1922/299/299 1441/299/299 934/299/299 1861/299/299
f 2448/350/300 1276/202/300 985/202/300 2403/316/300
f 1428/27/301 1423/26/301 903/26/301 904/27/301
f 1804/376/302 1432/371/302 919/371/302 1779/376/302
f 2544/17/303 1372/16/303 937/16/303 2394/17/303
f 3726/37/304 1050/36/304 905/36/304 3680/37/304
f 3720/405/305 1056/182/305 965/182/305 3686/399/305
f 3850/239/306 2648/182/306 999/7/306 3699/239/306
f 3351/315/307 3307/200/307 1004/193/307 2411/315/307
f 2954/418/308 2419/419/308 1006/1/308 2910/420/308
f 3086/421/309 2421/11/309 1008/12/309 3042/422/309
f 3218/423/310 2423/424/310 993/97/310 3174/425/310
f 3854/426/311 2778/427/311 1000/154/311 3714/426/311
f 2823/351/312 2783/149/312 1024/149/312 2424/351/312
f 2691/404/313 2651/150/313 1026/150/313 2429/404/313
f 3867/428/314 3713/429/314 1033/128/314 3180/430/314
f 3859/431/315 3711/207/315 1032/136/315 2916/432/315
f 3870/403/316 3313/46/316 1029/46/316 3705/403/316
f 2526/404/141 1341/179/141 1015/179/141 2416/404/141
f 2808/149/317 1329/149/317 1024/149/317 2783/149/317
f 3814/403/25 1144/46/25 1021/46/25 3700/403/25
f 3204/433/318 1294/193/318 992/193/318 3175/433/318
f 3802/434/25 1131/435/25 1033/128/25 3713/429/25
f 2940/436/319 1317/99/319 1007/99/319 2911/437/319
f 3198/438/320 1302/355/320 1018/355/320 3178/438/320
f 3072/439/321 1311/98/321 1009/98/321 3043/440/321
f 2514/351/322 1330/149/322 1025/149/322 2427/410/322
f 3066/441/323 1306/353/323 1017/353/323 3044/441/323
f 3756/442/25 1091/443/25 1034/362/25 3715/442/25
f 2508/444/5 1338/372/5 1023/2/5 2425/402/5
f 2664/182/324 1079/182/324 999/7/324 2648/182/324
f 2520/445/5 1347/372/5 1002/2/5 2428/402/5
f 3744/396/325 1082/137/325 998/137/325 3698/396/325
f 2484/446/141 1312/354/141 1012/354/141 2412/446/141
f 2934/447/326 1323/356/326 1016/356/326 2914/447/326
f 2796/362/327 1086/137/327 996/137/327 2784/362/327
f 3796/400/33 1126/74/33 995/74/33 3702/400/33
f 2658/361/328 1074/361/328 1031/361/328 2652/361/328
f 2502/448/141 1324/352/141 1013/352/141 2414/448/141
f 2790/427/329 1092/154/329 1000/154/329 2778/427/329
f 3808/416/33 1138/74/33 1019/74/33 3704/416/33
f 2460/316/141 1285/390/141 1003/390/141 2410/449/141
f 3186/450/330 1132/190/330 1028/190/330 3181/451/330
f 2676/2/331 1342/181/331 1001/181/331 2646/181/331
f 2928/452/332 1098/8/332 1010/8/332 2912/452/332
f 2670/150/333 1348/150/333 1026/150/333 2651/150/333
f 2802/372/334 1333/2/334 1022/2/334 2780/372/334
f 2922/453/335 1106/121/335 1030/121/335 2917/454/335
f 2472/455/5 1297/97/5 993/97/5 2423/424/5
f 3768/456/33 1101/91/33 1011/91/33 3706/456/33
f 2496/457/5 1318/1/5 1006/1/5 2419/419/5
f 1612/301/336 867/368/336 1043/369/336 1639/458/336
f 1639/458/337 1043/369/337 1042/369/337 1641/458/337
f 1641/458/338 1042/369/338 1041/368/338 1643/301/338
f 1967/174/339 869/174/339 1044/174/339 1998/174/339
f 1998/174/340 1044/174/340 1045/299/340 2000/299/340
f 2000/299/340 1045/299/340 1046/174/340 2002/299/340
f 1964/369/341 866/369/341 1040/369/341 2004/369/341
f 2004/369/342 1040/369/342 1039/369/342 2006/369/342
f 2006/369/342 1039/369/342 1038/369/342 2008/369/342
f 1615/277/343 868/374/343 1035/374/343 1645/277/343
f 1645/277/344 1035/374/344 1036/174/344 1647/173/344
f 1647/173/345 1036/174/345 1037/174/345 1649/173/345
f 3670/399/346 877/182/346 1058/182/346 3716/399/346
f 3716/399/347 1058/182/347 1057/182/347 3718/405/347
f 3718/405/348 1057/182/348 1056/182/348 3720/405/348
f 3664/37/349 817/36/349 1052/459/349 3722/37/349
f 3722/37/350 1052/459/350 1051/459/350 3724/37/350
f 3724/37/351 1051/459/351 1050/36/351 3726/37/351
f 1846/182/352 818/7/352 1053/7/352 1870/182/352
f 1870/182/353 1053/7/353 1054/182/353 1872/182/353
f 1872/182/353 1054/182/353 1055/182/353 1874/182/353
f 1842/366/354 855/367/354 1047/367/354 1876/366/354
f 1876/366/355 1047/367/355 1048/366/355 1878/460/355
f 1878/460/356 1048/366/356 1049/366/356 1880/366/356
f 3669/396/336 873/137/336 1070/137/336 3728/396/336
f 3728/396/357 1070/137/357 1069/137/357 3730/396/357
f 3730/396/358 1069/137/358 1068/137/358 3732/396/358
f 1970/137/359 872/137/359 1067/137/359 2010/137/359
f 2010/137/360 1067/137/360 1066/137/360 2012/137/360
f 2012/137/361 1066/137/361 1065/137/361 2014/137/361
f 1974/182/362 875/7/362 1059/7/362 2016/182/362
f 2016/182/363 1059/7/363 1060/182/363 2018/182/363
f 2018/182/363 1060/182/363 1061/182/363 2020/182/363
f 3672/392/343 879/373/343 1064/461/343 3734/392/343
f 3734/392/364 1064/461/364 1063/461/364 3736/392/364
f 3736/392/365 1063/461/365 1062/373/365 3738/392/365
f 2644/361/366 706/361/366 1076/361/366 2654/361/366
f 2654/361/367 1076/361/367 1075/462/367 2656/361/367
f 2656/361/367 1075/462/367 1074/361/367 2658/361/367
f 3626/396/368 698/137/368 1080/137/368 3740/396/368
f 3740/396/369 1080/137/369 1081/137/369 3742/396/369
f 3742/396/370 1081/137/370 1082/137/370 3744/396/370
f 2566/182/371 15/7/371 1077/7/371 2660/182/371
f 2660/182/372 1077/7/372 1078/182/372 2662/182/372
f 2662/182/372 1078/182/372 1079/182/372 2664/182/372
f 3642/357/373 106/182/373 1071/182/373 3746/357/373
f 3746/357/374 1071/182/374 1072/182/374 3748/357/374
f 3748/357/375 1072/182/375 1073/182/375 3750/357/375
f 2692/427/376 222/154/376 1094/427/376 2786/427/376
f 2786/427/377 1094/427/377 1093/427/377 2788/427/377
f 2788/427/377 1093/427/377 1092/154/377 2790/427/377
f 2776/362/378 697/137/378 1088/137/378 2792/362/378
f 2792/362/379 1088/137/379 1087/137/379 2794/362/379
f 2794/362/379 1087/137/379 1086/137/379 2796/362/379
f 3651/442/368 712/362/368 1089/362/368 3752/442/368
f 3752/442/369 1089/362/369 1090/443/369 3754/442/369
f 3754/442/370 1090/443/370 1091/443/370 3756/442/370
f 3625/239/373 10/7/373 1083/7/373 3758/239/373
f 3758/239/374 1083/7/374 1084/182/374 3760/239/374
f 3760/239/375 1084/182/375 1085/182/375 3762/239/375
f 3640/456/373 39/91/373 1103/91/373 3764/456/373
f 3764/456/374 1103/91/374 1102/91/374 3766/456/374
f 3766/456/375 1102/91/375 1101/91/375 3768/456/375
f 2909/454/380 704/121/380 1104/121/380 2918/463/380
f 2918/463/381 1104/121/381 1105/464/381 2920/453/381
f 2920/453/381 1105/464/381 1106/121/381 2922/453/381
f 2826/452/382 126/8/382 1100/8/382 2924/452/382
f 2924/452/383 1100/8/383 1099/465/383 2926/452/383
f 2926/452/383 1099/465/383 1098/8/383 2928/452/383
f 3645/207/368 708/136/368 1095/136/368 3770/207/368
f 3770/207/369 1095/136/369 1096/466/369 3772/205/369
f 3772/205/370 1096/466/370 1097/206/370 3774/205/370
f 3863/467/384 3779/358/384 1110/120/384 3048/468/384
f 3060/469/385 1119/129/385 1109/129/385 3049/470/385
f 3784/471/386 1122/87/386 1108/87/386 3776/471/386
f 3054/472/387 1114/92/387 1107/92/387 3046/472/387
f 2958/472/388 137/92/388 1116/92/388 3050/472/388
f 3050/472/389 1116/92/389 1115/92/389 3052/472/389
f 3052/472/389 1115/92/389 1114/92/389 3054/472/389
f 3638/471/390 40/87/390 1120/87/390 3780/471/390
f 3780/471/391 1120/87/391 1121/87/391 3782/471/391
f 3782/471/392 1121/87/392 1122/87/392 3784/471/392
f 3041/470/393 703/129/393 1117/129/393 3056/469/393
f 3056/469/394 1117/129/394 1118/473/394 3058/469/394
f 3058/469/394 1118/473/394 1119/129/394 3060/469/394
f 3647/358/395 709/120/395 1111/120/395 3786/358/395
f 3786/358/396 1111/120/396 1112/474/396 3788/358/396
f 3788/358/397 1112/474/397 1113/120/397 3790/358/397
f 3173/451/398 700/190/398 1134/190/398 3182/451/398
f 3182/451/399 1134/190/399 1133/190/399 3184/450/399
f 3184/450/399 1133/190/399 1132/190/399 3186/450/399
f 3632/400/373 9/74/373 1128/73/373 3792/400/373
f 3792/400/374 1128/73/374 1127/73/374 3794/400/374
f 3794/400/375 1127/73/375 1126/74/375 3796/400/375
f 3649/429/368 710/128/368 1129/128/368 3798/475/368
f 3798/475/369 1129/128/369 1130/435/369 3800/434/369
f 3800/434/370 1130/435/370 1131/435/370 3802/434/370
f 3090/359/400 147/88/400 1123/88/400 3188/359/400
f 3188/359/401 1123/88/401 1124/360/401 3190/359/401
f 3190/359/401 1124/360/401 1125/360/401 3192/359/401
f 3634/416/373 25/74/373 1140/73/373 3804/416/373
f 3804/416/402 1140/73/402 1139/73/402 3806/416/402
f 3806/416/375 1139/73/375 1138/74/375 3808/416/375
f 3630/403/368 711/46/368 1146/46/368 3810/403/368
f 3810/403/369 1146/46/369 1145/45/369 3812/403/369
f 3812/403/370 1145/45/370 1144/46/370 3814/403/370
f 3227/73/403 160/74/403 1135/74/403 3314/73/403
f 3314/73/404 1135/74/404 1136/73/404 3316/73/404
f 3316/73/404 1136/73/404 1137/73/404 3318/73/404
f 3305/46/405 701/46/405 1141/46/405 3320/45/405
f 3320/45/406 1141/46/406 1142/45/406 3322/45/406
f 3322/45/406 1142/45/406 1143/46/406 3324/45/406
f 3675/400/407 883/74/407 1152/73/407 3816/416/407
f 3816/416/408 1152/73/408 1151/73/408 3818/416/408
f 3818/416/409 1151/73/409 1150/74/409 3820/416/409
f 3391/46/410 899/46/410 1156/46/410 3414/45/410
f 3414/45/411 1156/46/411 1157/45/411 3416/45/411
f 3416/45/411 1157/45/411 1158/46/411 3418/45/411
f 3678/403/412 898/46/412 1153/46/412 3822/403/412
f 3822/403/413 1153/46/413 1154/45/413 3824/403/413
f 3824/403/414 1154/45/414 1155/46/414 3826/403/414
f 3374/73/415 882/74/415 1147/74/415 3420/73/415
f 3420/73/416 1147/74/416 1148/73/416 3422/73/416
f 3422/73/416 1148/73/416 1149/73/416 3424/73/416
f 1618/401/407 895/383/407 1170/303/407 1651/302/407
f 1651/302/417 1170/303/417 1169/303/417 1653/302/417
f 1653/302/418 1169/303/418 1168/383/418 1655/302/418
f 3386/303/419 894/303/419 1164/303/419 3426/303/419
f 3426/303/420 1164/303/420 1163/303/420 3428/303/420
f 3428/303/420 1163/303/420 1162/303/420 3430/303/420
f 3385/188/421 893/188/421 1165/188/421 3432/188/421
f 3432/188/422 1165/188/422 1166/188/422 3434/188/422
f 3434/188/422 1166/188/422 1167/188/422 3436/188/422
f 1621/276/423 892/188/423 1159/188/423 1657/276/423
f 1657/276/424 1159/188/424 1160/188/424 1659/276/424
f 1659/276/425 1160/188/425 1161/188/425 1661/276/425
f 3676/380/426 854/381/426 1174/381/426 3828/380/426
f 3828/380/427 1174/381/427 1175/381/427 3830/380/427
f 3830/380/428 1175/381/428 1176/381/428 3832/380/428
f 3666/62/429 826/61/429 1177/61/429 3834/62/429
f 3834/62/430 1177/61/430 1178/61/430 3836/62/430
f 3836/62/431 1178/61/431 1179/61/431 3838/62/431
f 3527/381/432 853/393/432 1182/381/432 3550/381/432
f 3550/381/433 1182/381/433 1181/381/433 3552/381/433
f 3552/381/434 1181/381/434 1180/393/434 3554/381/434
f 3510/73/435 825/73/435 1173/73/435 3556/73/435
f 3556/73/436 1173/73/436 1172/73/436 3558/73/436
f 3558/73/436 1172/73/436 1171/73/436 3560/73/436
f 3522/397/437 847/384/437 1188/397/437 3562/397/437
f 3562/397/438 1188/397/438 1187/397/438 3564/476/438
f 3564/476/438 1187/397/438 1186/384/438 3566/397/438
f 3521/188/439 842/188/439 1194/188/439 3568/188/439
f 3568/188/440 1194/188/440 1193/188/440 3570/188/440
f 3570/188/440 1193/188/440 1192/188/440 3572/188/440
f 1607/67/429 841/66/429 1189/66/429 1663/67/429
f 1663/67/441 1189/66/441 1190/66/441 1665/67/441
f 1665/67/442 1190/66/442 1191/66/442 1667/67/442
f 1619/363/426 845/188/426 1183/188/426 1669/477/426
f 1669/477/443 1183/188/443 1184/188/443 1671/477/443
f 1671/477/444 1184/188/444 1185/188/444 1673/363/444
f 3514/223/445 832/223/445 1209/223/445 3574/223/445
f 3574/223/446 1209/223/446 1208/223/446 3576/223/446
f 3576/223/446 1208/223/446 1207/223/446 3578/223/446
f 3513/398/447 827/247/447 1212/247/447 3580/412/447
f 3580/412/448 1212/247/448 1211/414/448 3582/412/448
f 3582/412/448 1211/414/448 1210/247/448 3584/412/448
f 1768/72/429 822/71/429 1195/71/429 1784/72/429
f 1784/72/449 1195/71/449 1196/71/449 1785/72/449
f 1785/72/450 1196/71/450 1197/71/450 1786/72/450
f 901/186/451 828/379/451 1201/379/451 1206/186/451
f 1206/186/452 1201/379/452 1202/379/452 1205/186/452
f 1205/186/453 1202/379/453 1203/379/453 1204/186/453
f 1774/389/426 901/209/426 1206/209/426 1787/389/426
f 1787/389/454 1206/209/454 1205/209/454 1788/389/454
f 827/48/456 823/47/456 1200/47/456 1212/48/456
f 1212/48/457 1200/47/457 1199/47/457 1211/478/457
f 1211/478/458 1199/47/458 1198/47/458 1210/48/458
f 1773/237/407 887/238/407 1227/238/407 1790/237/407
f 1790/237/459 1227/238/459 1226/238/459 1791/237/459
f 1791/237/460 1226/238/460 1225/238/460 1792/237/460
f 885/247/461 900/186/461 1228/186/461 1222/247/461
f 1222/247/462 1228/186/462 1229/186/462 1223/414/462
f 1223/414/463 1229/186/463 1230/186/463 1224/247/463
f 3378/185/464 886/185/464 1218/185/464 3438/185/464
f 3438/185/465 1218/185/465 1217/185/465 3440/185/465
f 3440/185/465 1217/185/465 1216/185/465 3442/185/465
f 3377/247/466 885/247/466 1222/247/466 3444/414/466
f 3444/414/467 1222/247/467 1223/414/467 3446/414/467
f 3446/414/467 1223/414/467 1224/247/467 3448/414/467
f 902/186/468 884/247/468 1219/247/468 1213/186/468
f 1213/186/469 1219/247/469 1220/414/469 1214/186/469
f 1214/186/470 1220/414/470 1221/247/470 1215/186/470
f 1775/208/423 902/209/423 1213/209/423 1793/208/423
f 1793/208/471 1213/209/471 1214/209/471 1794/208/471
f 3518/364/473 839/221/473 1236/221/473 3586/364/473
f 3586/364/474 1236/221/474 1235/364/474 3588/364/474
f 3588/364/475 1235/364/475 1234/221/475 3590/364/475
f 3517/161/476 834/161/476 1242/161/476 3592/161/476
f 3592/161/477 1242/161/477 1241/161/477 3594/161/477
f 3594/161/478 1241/161/478 1240/161/478 3596/161/478
f 2248/51/479 833/50/479 1237/50/479 2280/481/479
f 2280/481/480 1237/50/480 1238/415/480 2282/481/480
f 2282/481/481 1238/415/481 1239/415/481 2284/51/481
f 2260/160/451 837/161/451 1231/161/451 2286/160/451
f 2286/160/482 1231/161/482 1232/161/482 2288/160/482
f 2288/160/483 1232/161/483 1233/161/483 2290/160/483
f 2259/212/484 891/255/484 1254/221/484 2292/482/484
f 2292/482/485 1254/221/485 1253/221/485 2294/482/485
f 2294/482/486 1253/221/486 1252/255/486 2296/417/486
f 3382/213/487 890/213/487 1248/213/487 3450/255/487
f 3450/255/488 1248/213/488 1247/213/488 3452/255/488
f 3452/255/488 1247/213/488 1246/213/488 3454/213/488
f 3381/161/268 889/215/268 1249/215/268 3456/161/268
f 3456/161/268 1249/215/268 1250/161/268 3458/161/268
f 3458/161/268 1250/161/268 1251/161/268 3460/161/268
f 2262/214/468 888/215/468 1243/215/468 2298/214/468
f 2298/214/489 1243/215/489 1244/161/489 2300/214/489
f 2300/214/490 1244/161/490 1245/161/490 2302/214/490
f 3524/394/491 852/382/491 1255/382/491 3598/394/491
f 3598/394/492 1255/382/492 1256/395/492 3600/394/492
f 3600/394/492 1256/395/492 1257/395/492 3602/394/492
f 2376/56/493 820/55/493 1260/483/493 2432/484/493
f 2432/484/494 1260/483/494 1259/483/494 2434/484/494
f 2434/484/495 1259/483/495 1258/55/495 2436/56/495
f 3509/200/496 821/193/496 1263/200/496 3604/199/496
f 3604/199/497 1263/200/497 1262/200/497 3606/199/497
f 3606/199/497 1262/200/497 1261/193/497 3608/200/497
f 2388/391/451 824/193/451 1266/200/451 2438/485/451
f 2438/485/498 1266/200/498 1265/200/498 2440/485/498
f 2440/485/499 1265/200/499 1264/193/499 2442/391/499
f 2387/316/461 897/202/461 1278/202/461 2444/350/461
f 2444/350/500 1278/202/500 1277/202/500 2446/350/500
f 2446/350/501 1277/202/501 1276/202/501 2448/350/501
f 3388/202/502 896/202/502 1272/202/502 3462/202/502
f 3462/202/503 1272/202/503 1271/202/503 3464/202/503
f 3464/202/503 1271/202/503 1270/202/503 3466/202/503
f 3373/200/504 881/193/504 1273/193/504 3468/200/504
f 3468/200/505 1273/193/505 1274/200/505 3470/199/505
f 3470/199/505 1274/200/505 1275/200/505 3472/199/505
f 2390/315/468 880/193/468 1267/193/468 2450/315/468
f 2450/315/506 1267/193/506 1268/200/506 2452/348/506
f 2452/348/507 1268/200/507 1269/200/507 2454/348/507
f 2338/449/508 682/390/508 1287/390/508 2456/449/508
f 2456/449/509 1287/390/509 1286/390/509 2458/316/509
f 2458/316/510 1286/390/510 1285/390/510 2460/316/510
f 2362/315/511 156/193/511 1279/193/511 2462/315/511
f 2462/315/512 1279/193/512 1280/200/512 2464/348/512
f 2464/348/513 1280/200/513 1281/200/513 2466/348/513
f 3302/202/403 695/202/403 1284/202/403 3326/202/403
f 3326/202/404 1284/202/404 1283/202/404 3328/202/404
f 3328/202/404 1283/202/404 1282/202/404 3330/202/404
f 3221/200/405 22/193/405 1288/193/405 3332/200/405
f 3332/200/406 1288/193/406 1289/200/406 3334/199/406
f 3334/199/406 1289/200/406 1290/200/406 3336/199/406
f 2353/424/511 144/97/511 1299/97/511 2468/455/511
f 2468/455/512 1299/97/512 1298/486/512 2470/455/512
f 2470/455/513 1298/486/513 1297/97/513 2472/455/513
f 3170/438/400 694/355/400 1300/355/400 3194/438/400
f 3194/438/401 1300/355/401 1301/355/401 3196/438/401
f 3196/438/401 1301/355/401 1302/355/401 3198/438/401
f 3089/433/398 3/193/398 1296/200/398 3200/487/398
f 3200/487/399 1296/200/399 1295/200/399 3202/487/399
f 3202/487/399 1295/200/399 1294/193/399 3204/433/399
f 2336/350/508 681/202/508 1291/202/508 2474/350/508
f 2474/350/509 1291/202/509 1292/202/509 2476/350/509
f 2476/350/510 1292/202/510 1293/202/510 2478/350/510
f 2342/446/508 684/354/508 1314/354/508 2480/446/508
f 2480/446/509 1314/354/509 1313/354/509 2482/446/509
f 2482/446/510 1313/354/510 1312/354/510 2484/446/510
f 3038/441/514 693/353/514 1308/353/514 3062/441/514
f 3062/441/515 1308/353/515 1307/353/515 3064/441/515
f 3064/441/515 1307/353/515 1306/353/515 3066/441/515
f 2957/440/516 34/98/516 1309/98/516 3068/439/516
f 3068/439/517 1309/98/517 1310/488/517 3070/439/517
f 3070/439/517 1310/488/517 1311/98/517 3072/439/517
f 2351/11/511 134/12/511 1303/12/511 2486/11/511
f 2486/11/512 1303/12/512 1304/12/512 2488/11/512
f 2488/11/513 1304/12/513 1305/12/513 2490/11/513
f 2349/419/511 123/1/511 1320/489/511 2492/490/511
f 2492/490/512 1320/489/512 1319/491/512 2494/490/512
f 2494/490/513 1319/491/513 1318/1/513 2496/457/513
f 2344/448/508 685/352/508 1326/352/508 2498/448/508
f 2498/448/509 1326/352/509 1325/352/509 2500/448/509
f 2500/448/510 1325/352/510 1324/352/510 2502/448/510
f 2906/447/382 692/356/382 1321/356/382 2930/447/382
f 2930/447/383 1321/356/383 1322/492/383 2932/447/383
f 2932/447/383 1322/492/383 1323/356/383 2934/447/383
f 2825/437/380 33/99/380 1315/99/380 2936/493/380
f 2936/493/381 1315/99/381 1316/494/381 2938/493/381
f 2938/493/381 1316/494/381 1317/99/381 2940/436/381
f 2694/372/518 4/2/518 1335/372/518 2798/372/518
f 2798/372/379 1335/372/379 1334/372/379 2800/495/379
f 2800/495/379 1334/372/379 1333/2/379 2802/372/379
f 2355/402/511 226/2/511 1336/2/511 2504/402/511
f 2504/402/512 1336/2/512 1337/372/512 2506/444/512
f 2506/444/513 1337/372/513 1338/372/513 2508/444/513
f 2357/410/508 686/149/508 1332/149/508 2510/351/508
f 2510/351/509 1332/149/509 1331/149/509 2512/351/509
f 2512/351/510 1331/149/510 1330/149/510 2514/351/510
f 2775/149/376 696/149/376 1327/149/376 2804/149/376
f 2804/149/377 1327/149/377 1328/149/377 2806/149/377
f 2806/149/377 1328/149/377 1329/149/377 2808/149/377
f 2643/150/371 687/150/371 1350/150/371 2666/150/371
f 2666/150/372 1350/150/372 1349/150/372 2668/150/372
f 2668/150/372 1349/150/372 1348/150/372 2670/150/372
f 2560/181/366 101/181/366 1344/181/366 2672/181/366
f 2672/181/367 1344/181/367 1343/181/367 2674/2/367
f 2674/2/367 1343/181/367 1342/181/367 2676/2/367
f 2358/402/511 11/2/511 1345/2/511 2516/402/511
f 2516/402/512 1345/2/512 1346/372/512 2518/445/512
f 2518/445/513 1346/372/513 1347/372/513 2520/445/513
f 2346/404/508 690/179/508 1339/179/508 2522/404/508
f 2522/404/509 1339/179/509 1340/150/509 2524/404/509
f 2524/404/510 1340/150/510 1341/179/510 2526/404/510
f 2381/402/519 874/2/519 1356/372/519 2528/445/519
f 2528/445/519 1356/372/519 1355/372/519 2530/445/519
f 2530/445/519 1355/372/519 1354/2/519 2532/402/519
f 1969/150/520 871/150/520 1360/150/520 2022/150/520
f 2022/150/521 1360/150/521 1361/150/521 2024/150/521
f 2024/150/521 1361/150/521 1362/150/521 2026/150/521
f 2384/404/522 870/150/522 1357/150/522 2534/404/522
f 2534/404/523 1357/150/523 1358/150/523 2536/410/523
f 2536/410/524 1358/150/524 1359/150/524 2538/410/524
f 1973/372/525 878/2/525 1351/2/525 2028/372/525
f 2028/372/526 1351/2/526 1352/372/526 2030/495/526
f 2030/495/526 1352/372/526 1353/372/526 2032/372/526
f 2378/17/527 849/16/527 1374/16/527 2540/17/527
f 2540/17/528 1374/16/528 1373/16/528 2542/17/528
f 2542/17/529 1373/16/529 1372/16/529 2544/17/529
f 2382/351/530 851/149/530 1365/149/530 2546/351/530
f 2546/351/531 1365/149/531 1364/149/531 2548/351/531
f 2548/351/532 1364/149/532 1363/149/532 2550/351/532
f 1845/372/533 876/372/533 1369/372/533 1882/495/533
f 1882/495/534 1369/372/534 1370/495/534 1884/495/534
f 1884/495/534 1370/495/534 1371/372/534 1886/372/534
f 1841/149/535 850/150/535 1366/150/535 1888/149/535
f 1888/149/536 1366/150/536 1367/150/536 1890/149/536
f 1890/149/536 1367/150/536 1368/150/536 1892/149/536
f 2253/253/270 863/44/270 1383/44/270 2304/253/270
f 2304/253/537 1383/44/537 1382/44/537 2306/253/537
f 2306/253/538 1382/44/538 1381/44/538 2308/253/538
f 1963/43/539 865/43/539 1384/43/539 2034/43/539
f 2034/43/540 1384/43/540 1385/43/540 2036/43/540
f 2036/43/540 1385/43/540 1386/43/540 2038/43/540
f 1960/44/541 862/44/541 1380/44/541 2040/44/541
f 2040/44/542 1380/44/542 1379/44/542 2042/44/542
f 2042/44/542 1379/44/542 1378/44/542 2044/44/542
f 2256/42/522 864/43/522 1375/43/522 2310/42/522
f 2310/42/543 1375/43/543 1376/43/543 2312/42/543
f 2312/42/544 1376/43/544 1377/43/544 2314/42/544
f 2254/42/530 840/43/530 1398/43/530 2316/42/530
f 2316/42/545 1398/43/545 1397/43/545 2318/42/545
f 2318/42/546 1397/43/546 1396/43/546 2320/42/546
f 1835/43/547 838/43/547 1395/43/547 1894/43/547
f 1894/43/548 1395/43/548 1394/43/548 1896/43/548
f 1896/43/548 1394/43/548 1393/43/548 1898/43/548
f 2250/22/527 836/21/527 1392/496/527 2322/22/527
f 2322/22/549 1392/496/549 1391/497/549 2324/22/549
f 2324/22/550 1391/497/550 1390/21/550 2326/22/550
f 1832/44/551 835/44/551 1387/44/551 1900/44/551
f 1900/44/552 1387/44/552 1388/44/552 1902/44/552
f 1902/44/552 1388/44/552 1389/44/552 1904/44/552
f 857/152/519 859/153/519 1410/153/519 1414/152/519
f 1414/152/553 1410/153/553 1409/318/553 1415/152/553
f 1415/152/554 1409/318/554 1408/153/554 1416/152/554
f 1770/375/336 857/76/336 1414/76/336 1796/375/336
f 1796/375/555 1414/76/555 1415/76/555 1797/376/555
f 1959/370/557 861/370/557 1411/370/557 2046/413/557
f 2046/413/558 1411/370/558 1412/413/558 2048/413/558
f 2048/413/558 1412/413/558 1413/413/558 2050/413/558
f 858/155/522 856/152/522 1399/152/522 1404/226/522
f 1404/226/559 1399/152/559 1400/152/559 1403/226/559
f 1403/226/560 1400/152/560 1401/152/560 1402/155/560
f 1772/386/343 860/146/343 1405/146/343 1799/386/343
f 1799/386/561 1405/146/561 1406/146/561 1800/386/561
f 1800/386/562 1406/146/562 1407/146/562 1801/386/562
f 1956/226/563 858/155/563 1404/226/563 2052/226/563
f 2052/226/564 1404/226/564 1403/226/564 2054/226/564
f 2054/226/564 1403/226/564 1402/155/564 2056/226/564
f 1771/376/346 831/371/346 1434/498/346 1802/499/346
f 1802/499/565 1434/498/565 1433/498/565 1803/499/565
f 1803/499/566 1433/498/566 1432/371/566 1804/376/566
f 816/27/527 815/26/527 1425/26/527 1426/27/527
f 1426/27/567 1425/26/567 1424/500/567 1427/27/567
f 1427/27/568 1424/500/568 1423/26/568 1428/27/568
f 1831/377/569 830/378/569 1431/377/569 1906/377/569
f 1906/377/570 1431/377/570 1430/501/570 1908/377/570
f 1908/377/570 1430/501/570 1429/378/570 1910/377/570
f 1769/28/349 816/27/349 1426/27/349 1805/28/349
f 1805/28/571 1426/27/571 1427/27/571 1806/28/571
f 1828/153/573 829/151/573 1422/153/573 1912/318/573
f 1912/318/574 1422/153/574 1421/153/574 1914/318/574
f 1914/318/574 1421/153/574 1420/151/574 1916/153/574
f 829/151/530 819/152/530 1417/152/530 1422/153/530
f 1422/153/575 1417/152/575 1418/152/575 1421/153/575
f 1421/153/576 1418/152/576 1419/152/576 1420/151/576
f 1839/299/577 846/299/577 1443/299/577 1918/299/577
f 1918/299/578 1443/299/578 1442/299/578 1920/299/578
f 1920/299/578 1442/299/578 1441/299/578 1922/299/578
f 1613/173/346 848/174/346 1444/174/346 1675/173/346
f 1675/173/579 1444/174/579 1445/299/579 1677/173/579
f 1677/173/580 1445/299/580 1446/174/580 1679/173/580
f 1609/32/349 844/31/349 1440/502/349 1681/503/349
f 1681/503/581 1440/502/581 1439/502/581 1683/503/581
f 1683/503/582 1439/502/582 1438/31/582 1685/32/582
f 1836/369/583 843/369/583 1435/369/583 1924/369/583
f 1924/369/584 1435/369/584 1436/369/584 1926/369/584
f 1926/369/584 1436/369/584 1437/369/584 1928/369/584
f 1442/504/585 1684/505/585 1686/33/585 1441/34/585
f 1443/504/587 1682/505/587 1684/505/587 1442/504/587
f 1682/505/588 1681/503/588 1683/503/588 1684/505/588
f 846/34/349 1610/33/349 1682/505/349 1443/504/349
f 1610/33/349 1609/32/349 1681/503/349 1682/505/349
f 1436/369/589 1678/458/589 1680/458/589 1437/369/589
f 1435/369/591 1676/458/591 1678/458/591 1436/369/591
f 1676/458/592 1675/173/592 1677/173/592 1678/458/592
f 843/369/346 1614/458/346 1676/458/346 1435/369/346
f 1614/458/346 1613/173/346 1675/173/346 1676/458/346
f 1187/397/593 1672/506/593 1674/507/593 1186/384/593
f 1188/397/595 1670/506/595 1672/506/595 1187/397/595
f 1670/506/596 1669/477/596 1671/477/596 1672/506/596
f 847/384/426 1620/507/426 1670/506/426 1188/397/426
f 1620/507/426 1619/363/426 1669/477/426 1670/506/426
f 1193/69/597 1666/68/597 1668/68/597 1192/69/597
f 1194/69/599 1664/68/599 1666/68/599 1193/69/599
f 1664/68/600 1663/67/600 1665/67/600 1666/68/600
f 842/69/429 1608/68/429 1664/68/429 1194/69/429
f 1608/68/429 1607/67/429 1663/67/429 1664/68/429
f 1163/303/601 1660/302/601 1662/302/601 1162/303/601
f 1164/303/603 1658/302/603 1660/302/603 1163/303/603
f 1658/302/604 1657/276/604 1659/276/604 1660/302/604
f 894/303/423 1622/302/423 1658/302/423 1164/303/423
f 1622/302/412 1621/276/412 1657/276/412 1658/302/412
f 1166/188/605 1654/276/605 1656/276/605 1167/188/605
f 1165/188/607 1652/276/607 1654/276/607 1166/188/607
f 1652/276/608 1651/302/608 1653/302/608 1654/276/608
f 893/188/407 1617/276/407 1652/276/407 1165/188/407
f 1617/276/407 1618/401/407 1651/302/407 1652/276/407
f 1039/369/609 1648/458/609 1650/458/609 1038/369/609
f 1040/369/611 1646/301/611 1648/458/611 1039/369/611
f 1646/301/612 1645/277/612 1647/173/612 1648/458/612
f 866/369/343 1616/301/343 1646/301/343 1040/369/343
f 1616/301/613 1615/277/613 1645/277/613 1646/301/613
f 1045/299/614 1642/173/614 1644/277/614 1046/174/614
f 1044/174/616 1640/173/616 1642/173/616 1045/299/616
f 1640/173/617 1639/458/617 1641/458/617 1642/173/617
f 869/174/336 1611/173/336 1640/173/336 1044/174/336
f 1611/173/336 1612/301/336 1639/458/336 1640/173/336
f 1437/369/618 1680/458/618 1630/458/618 931/369/618
f 1680/458/619 1679/173/619 1629/173/619 1630/458/619
f 1441/34/620 1686/33/620 1626/33/620 934/34/620
f 1686/33/621 1685/32/621 1625/32/621 1626/33/621
f 1167/188/622 1656/276/622 1633/276/622 981/188/622
f 1656/276/623 1655/302/623 1634/401/623 1633/276/623
f 1192/69/624 1668/68/624 1624/68/624 930/69/624
f 1668/68/625 1667/67/625 1623/67/625 1624/68/625
f 1046/174/626 1644/277/626 1627/173/626 957/174/626
f 1644/277/627 1643/301/627 1628/301/627 1627/173/627
f 1162/303/628 1662/302/628 1638/302/628 982/303/628
f 1662/302/629 1661/276/629 1637/276/629 1638/302/629
f 1038/369/630 1650/458/630 1632/301/630 954/369/630
f 1650/458/631 1649/173/631 1631/277/631 1632/301/631
f 3407/303/632 3475/302/632 1634/401/632 983/383/632
f 3475/302/633 3477/411/633 1633/276/633 1634/401/633
f 1987/369/634 2059/301/634 1628/301/634 955/368/634
f 2059/301/635 2061/173/635 1627/173/635 1628/301/635
f 1859/369/636 1931/458/636 1625/458/636 932/369/636
f 1931/458/637 1933/173/637 1626/173/637 1625/458/637
f 3543/397/638 3611/510/638 1623/510/638 929/384/638
f 3611/510/639 3613/363/639 1624/363/639 1623/510/639
f 1186/384/640 1674/507/640 1636/507/640 935/384/640
f 1674/507/641 1673/363/641 1635/363/641 1636/507/641
f 675/188/646 1592/276/646 1594/276/646 676/188/646
f 674/188/648 1590/276/648 1592/276/648 675/188/648
f 1590/276/649 1589/302/649 1591/302/649 1592/276/649
f 673/310/101 1588/276/101 1590/276/101 674/188/101
f 1588/276/101 1587/302/101 1589/302/101 1590/276/101
f 196/188/101 1450/276/101 1588/276/101 673/310/101
f 1450/276/101 1449/302/101 1587/302/101 1588/276/101
f 667/347/650 1584/512/650 1586/513/650 668/287/650
f 666/287/652 1582/512/652 1584/512/652 667/347/652
f 1582/512/653 1581/346/653 1583/309/653 1584/512/653
f 665/287/95 1580/512/95 1582/512/95 666/287/95
f 1580/512/95 1579/346/95 1581/346/95 1582/512/95
f 211/287/95 1472/513/95 1580/512/95 665/287/95
f 1472/513/95 1471/309/95 1579/346/95 1580/512/95
f 654/233/650 1576/514/650 1578/514/650 653/233/650
f 655/233/652 1574/514/652 1576/514/652 654/233/652
f 1574/514/653 1573/243/653 1575/241/653 1576/514/653
f 656/233/95 1572/514/95 1574/514/95 655/233/95
f 1572/514/95 1571/243/95 1573/243/95 1574/514/95
f 221/233/95 1463/514/95 1572/514/95 656/233/95
f 1463/514/95 1464/243/95 1571/243/95 1572/514/95
f 659/188/646 1568/363/646 1570/363/646 660/188/646
f 658/188/648 1566/363/648 1568/363/648 659/188/648
f 1566/363/649 1565/295/649 1567/295/649 1568/363/649
f 657/310/101 1564/346/101 1566/363/101 658/188/101
f 1564/346/101 1563/295/101 1565/295/101 1566/363/101
f 192/188/101 1448/363/101 1564/346/101 657/310/101
f 1448/363/101 1447/295/101 1563/295/101 1564/346/101
f 634/231/650 1560/515/650 1562/515/650 633/231/650
f 635/231/652 1558/515/652 1560/515/652 634/231/652
f 1558/515/653 1557/246/653 1559/246/653 1560/515/653
f 636/231/95 1556/516/95 1558/515/95 635/231/95
f 1556/516/95 1555/345/95 1557/246/95 1558/515/95
f 220/231/95 1461/515/95 1556/516/95 636/231/95
f 1461/515/95 1462/246/95 1555/345/95 1556/516/95
f 643/133/657 1552/517/657 1554/517/657 644/133/657
f 642/133/648 1550/517/648 1552/517/648 643/133/648
f 1550/517/649 1549/306/649 1551/306/649 1552/517/649
f 641/133/101 1548/517/101 1550/517/101 642/133/101
f 1548/517/101 1547/306/101 1549/306/101 1550/517/101
f 198/133/101 1454/517/101 1548/517/101 641/133/101
f 1454/517/101 1453/306/101 1547/306/101 1548/517/101
f 619/125/657 1544/518/657 1546/518/657 620/125/657
f 618/125/648 1542/518/648 1544/518/648 619/125/648
f 1542/518/649 1541/311/649 1543/311/649 1544/518/649
f 617/343/101 1540/519/101 1542/518/101 618/125/101
f 1540/519/101 1539/311/101 1541/311/101 1542/518/101
f 199/125/101 1456/518/101 1540/519/101 617/343/101
f 1456/518/101 1455/311/101 1539/311/101 1540/519/101
f 627/342/650 1536/480/650 1538/479/650 628/234/650
f 626/234/652 1534/479/652 1536/480/652 627/342/652
f 1534/479/653 1533/339/653 1535/314/653 1536/480/653
f 625/234/95 1532/479/95 1534/479/95 626/234/95
f 1532/479/95 1531/339/95 1533/339/95 1534/479/95
f 219/234/95 1459/480/95 1532/479/95 625/234/95
f 1459/480/95 1460/274/95 1531/339/95 1532/479/95
f 611/145/660 1528/278/660 1530/278/660 612/145/660
f 610/143/652 1526/278/652 1528/278/652 611/145/652
f 1526/278/653 1525/289/653 1527/289/653 1528/278/653
f 609/298/95 1524/521/95 1526/278/95 610/143/95
f 1524/521/95 1523/289/95 1525/289/95 1526/278/95
f 236/143/95 1473/278/95 1524/521/95 609/298/95
f 1473/278/95 1474/289/95 1523/289/95 1524/521/95
f 603/14/646 1520/289/646 1522/289/646 604/14/646
f 602/15/648 1518/289/648 1520/289/648 603/14/648
f 1518/289/649 1517/278/649 1519/278/649 1520/289/649
f 601/15/101 1516/289/101 1518/289/101 602/15/101
f 1516/289/101 1515/278/101 1517/278/101 1518/289/101
f 193/15/101 1465/289/101 1516/289/101 601/15/101
f 1465/289/101 1466/278/101 1515/278/101 1516/289/101
f 595/299/650 1512/173/650 1514/277/650 596/174/650
f 594/174/652 1510/277/652 1512/173/652 595/299/652
f 1510/277/653 1509/301/653 1511/301/653 1512/173/653
f 593/174/95 1508/277/95 1510/277/95 594/174/95
f 1508/277/95 1507/301/95 1509/301/95 1510/277/95
f 208/174/95 1468/277/95 1508/277/95 593/174/95
f 1468/277/95 1467/301/95 1507/301/95 1508/277/95
f 587/228/657 1504/301/657 1506/301/657 588/228/657
f 586/228/648 1502/301/648 1504/301/648 587/228/648
f 1502/301/649 1501/173/649 1503/173/649 1504/301/649
f 585/228/101 1500/301/101 1502/301/101 586/228/101
f 1500/301/101 1499/173/101 1501/173/101 1502/301/101
f 201/228/101 1458/301/101 1500/301/101 585/228/101
f 1458/301/101 1457/173/101 1499/173/101 1500/301/101
f 628/234/664 1538/479/664 1485/480/664 305/234/664
f 1538/479/665 1537/314/665 1486/274/665 1485/480/665
f 588/228/666 1506/301/666 1484/301/666 304/228/666
f 1506/301/667 1505/173/667 1483/173/667 1484/301/667
f 620/125/666 1546/518/666 1482/518/666 302/125/666
f 1546/518/667 1545/311/667 1481/311/667 1482/518/667
f 668/287/664 1586/513/664 1496/513/664 316/287/664
f 1586/513/665 1585/309/665 1495/309/665 1496/513/665
f 644/133/666 1554/517/666 1480/517/666 300/133/666
f 1554/517/667 1553/306/667 1479/306/667 1480/517/667
f 676/188/666 1594/276/666 1478/276/666 298/188/666
f 1594/276/667 1593/302/667 1477/302/667 1478/276/667
f 596/174/664 1514/277/664 1494/277/664 315/174/664
f 1514/277/665 1513/301/665 1493/301/665 1494/277/665
f 604/14/666 1522/289/666 1491/289/666 313/15/666
f 1522/289/667 1521/278/667 1492/278/667 1491/289/667
f 660/188/666 1570/363/666 1476/363/666 296/188/666
f 1570/363/667 1569/295/667 1475/295/667 1476/363/667
f 612/145/664 1530/278/664 1497/278/664 320/143/664
f 1530/278/665 1529/289/665 1498/289/665 1497/278/665
f 2719/13/668 2811/289/668 1498/289/668 319/13/668
f 2811/289/13 2813/278/13 1497/278/13 1498/289/13
f 2587/228/669 2679/301/669 1493/301/669 312/228/669
f 2679/301/13 2681/173/13 1494/277/13 1493/301/13
f 3249/520/670 3339/302/670 1477/302/670 297/303/670
f 3339/302/13 3341/276/13 1478/276/13 1477/302/13
f 2852/292/671 305/234/671 1485/480/671 2942/522/671
f 2942/522/11 1485/480/11 1486/274/11 2944/273/11
f 2984/293/672 307/231/672 1487/515/672 3074/523/672
f 3074/523/11 1487/515/11 1488/246/11 3076/271/11
f 3116/294/673 309/233/673 1489/514/673 3206/524/673
f 3206/524/11 1489/514/11 1490/243/11 3208/269/11
f 633/231/664 1562/515/664 1487/515/664 307/231/664
f 1562/515/665 1561/246/665 1488/246/665 1487/515/665
f 653/233/664 1578/514/664 1489/514/664 309/233/664
f 1578/514/665 1577/241/665 1490/243/665 1489/514/665
f 1430/29/674 1806/28/674 1807/28/674 1429/29/674
f 1431/29/675 1805/28/675 1806/28/675 1430/29/675
f 830/29/349 1769/28/349 1805/28/349 1431/29/349
f 1417/76/677 1802/499/677 1803/499/677 1418/76/677
f 819/76/346 1771/376/346 1802/499/346 1417/76/346
f 1399/76/679 1799/386/679 1800/386/679 1400/76/679
f 856/76/343 1772/386/343 1799/386/343 1399/76/343
f 1412/413/680 1797/376/680 1798/376/680 1413/413/680
f 1411/370/681 1796/375/681 1797/376/681 1412/413/681
f 861/370/336 1770/375/336 1796/375/336 1411/370/336
f 1217/185/682 1794/208/682 1795/208/682 1216/185/682
f 1218/185/683 1793/208/683 1794/208/683 1217/185/683
f 886/185/412 1775/208/412 1793/208/412 1218/185/412
f 1228/209/684 1790/237/684 1791/237/684 1229/209/684
f 900/209/407 1773/237/407 1790/237/407 1228/209/407
f 1208/223/685 1788/389/685 1789/389/685 1207/223/685
f 1209/223/686 1787/389/686 1788/389/686 1208/223/686
f 832/223/426 1774/389/426 1787/389/426 1209/223/426
f 1200/47/688 1784/72/688 1785/72/688 1199/47/688
f 823/47/429 1768/72/429 1784/72/429 1200/47/429
f 1419/76/689 1804/376/689 1779/376/689 907/76/689
f 1230/209/690 1792/237/690 1781/237/690 988/209/690
f 1413/413/691 1798/376/691 1778/375/691 949/370/691
f 1429/29/692 1807/28/692 1777/28/692 918/29/692
f 1216/185/693 1795/208/693 1783/208/693 974/185/693
f 3399/185/694 3479/208/694 1781/237/694 975/238/694
f 1977/76/695 2063/375/695 1778/375/695 945/76/695
f 1849/76/696 1935/407/696 1777/407/696 904/76/696
f 3535/223/697 3615/389/697 1776/389/697 910/223/697
f 1198/47/698 1786/72/698 1776/72/698 911/47/698
f 1207/223/699 1789/389/699 1782/389/699 920/223/699
f 1401/76/700 1801/386/700 1780/386/700 944/76/700
f 478/304/701 1760/210/701 1761/210/701 477/304/701
f 479/184/702 1759/227/702 1760/210/702 478/304/702
f 480/184/95 1758/227/95 1759/227/95 479/184/95
f 159/304/95 1700/210/95 1758/227/95 480/184/95
f 487/209/704 1755/227/704 1756/227/704 486/209/704
f 488/209/101 1754/227/101 1755/227/101 487/209/101
f 21/209/101 1688/227/101 1754/227/101 488/209/101
f 450/79/701 1752/84/701 1753/84/701 449/79/701
f 451/79/702 1751/84/702 1752/84/702 450/79/702
f 452/79/95 1750/84/95 1751/84/95 451/79/95
f 154/79/95 1699/84/95 1750/84/95 452/79/95
f 459/209/704 1747/227/704 1748/227/704 458/209/704
f 460/209/101 1746/227/101 1747/227/101 459/209/101
f 1/209/101 1687/227/101 1746/227/101 460/209/101
f 426/166/701 1744/171/701 1745/171/701 425/166/701
f 427/166/702 1743/171/702 1744/171/702 426/166/702
f 428/166/95 1742/171/95 1743/171/95 427/166/95
f 143/166/95 1698/171/95 1742/171/95 428/166/95
f 435/82/704 1739/81/704 1740/81/704 434/82/704
f 436/82/101 1738/81/101 1739/81/101 435/82/101
f 31/82/101 1690/81/101 1738/81/101 436/82/101
f 406/75/701 1736/78/701 1737/78/701 405/75/701
f 407/320/702 1735/78/702 1736/78/702 406/75/702
f 408/75/95 1734/78/95 1735/78/95 407/320/95
f 132/75/95 1697/78/95 1734/78/95 408/75/95
f 415/169/704 1731/168/704 1732/168/704 414/169/704
f 416/169/101 1730/296/101 1731/168/101 415/169/101
f 32/169/101 1691/168/101 1730/296/101 416/169/101
f 370/76/704 1727/9/704 1728/290/704 371/76/704
f 369/76/101 1726/9/101 1727/9/101 370/76/101
f 2/76/101 1692/9/101 1726/9/101 369/76/101
f 383/10/701 1724/9/701 1725/9/701 384/10/701
f 382/291/702 1723/290/702 1724/9/702 383/10/702
f 381/291/95 1722/290/95 1723/290/95 382/291/95
f 232/10/95 1701/9/95 1722/290/95 381/291/95
f 359/76/704 1719/290/704 1720/9/704 358/76/704
f 360/76/101 1718/290/101 1719/290/101 359/76/101
f 108/76/101 1695/9/101 1718/290/101 360/76/101
f 366/291/701 1716/290/701 1717/290/701 365/291/701
f 367/10/702 1715/9/702 1716/290/702 366/291/702
f 368/10/95 1714/9/95 1715/9/95 367/10/95
f 97/10/95 1693/9/95 1714/9/95 368/10/95
f 413/526/709 1733/296/709 1705/168/709 274/169/709
f 457/209/709 1749/227/709 1702/227/709 264/209/709
f 485/209/709 1757/227/709 1703/227/709 269/209/709
f 433/82/709 1741/81/709 1704/81/709 272/82/709
f 384/10/710 1725/9/710 1713/9/710 318/10/710
f 425/166/710 1745/171/710 1710/171/710 287/166/710
f 365/291/710 1717/290/710 1707/9/710 285/10/710
f 405/75/710 1737/78/710 1709/78/710 290/75/710
f 449/79/710 1753/84/710 1711/84/710 288/79/710
f 372/76/709 1729/290/709 1706/9/709 262/76/709
f 477/304/710 1761/210/710 1712/210/710 289/304/710
f 2712/76/13 2815/9/13 1713/9/13 267/76/13
f 3110/300/711 288/79/711 1711/84/711 3210/267/711
f 2978/297/712 287/166/712 1710/171/712 3078/263/712
f 2846/307/713 290/75/713 1709/78/713 2946/259/713
f 2584/76/13 2683/9/13 1707/9/13 266/76/13
f 3245/184/714 3343/227/714 1703/227/714 268/184/714
f 357/76/709 1721/9/709 1708/9/709 291/76/709
f 907/76/715 1779/376/715 1934/527/715 1848/76/715
f 1630/458/717 1629/173/717 1932/173/717 1930/458/717
f 931/369/719 1630/458/719 1930/458/719 1858/369/719
f 1858/369/720 1930/458/720 1931/458/720 1859/369/720
f 1439/369/721 1927/369/721 1929/369/721 1438/369/721
f 1927/369/722 1926/369/722 1928/369/722 1929/369/722
f 1440/369/721 1925/369/721 1927/369/721 1439/369/721
f 844/369/724 1837/369/724 1925/369/724 1440/369/724
f 1837/369/725 1836/369/725 1924/369/725 1925/369/725
f 1445/299/726 1921/299/726 1923/174/726 1446/174/726
f 1921/299/727 1920/299/727 1922/299/727 1923/174/727
f 1444/174/726 1919/174/726 1921/299/726 1445/299/726
f 848/174/729 1838/299/729 1919/174/729 1444/174/729
f 1838/299/730 1839/299/730 1918/299/730 1919/174/730
f 1424/153/731 1915/153/731 1917/153/731 1423/151/731
f 1915/153/732 1914/318/732 1916/153/732 1917/153/732
f 1425/153/731 1913/153/731 1915/153/731 1424/153/731
f 815/151/733 1829/153/733 1913/153/733 1425/153/733
f 1829/153/734 1828/153/734 1912/318/734 1913/153/734
f 1433/498/735 1909/529/735 1911/529/735 1432/371/735
f 1909/529/736 1908/377/736 1910/377/736 1911/529/736
f 1434/498/735 1907/529/735 1909/529/735 1433/498/735
f 831/371/738 1830/529/738 1907/529/738 1434/498/738
f 1830/529/739 1831/377/739 1906/377/739 1907/529/739
f 1391/44/740 1903/44/740 1905/44/740 1390/44/740
f 1903/44/741 1902/44/741 1904/44/741 1905/44/741
f 1392/44/742 1901/44/742 1903/44/742 1391/44/742
f 836/44/744 1833/44/744 1901/44/744 1392/44/744
f 1833/44/745 1832/44/745 1900/44/745 1901/44/745
f 1397/43/746 1897/43/746 1899/43/746 1396/43/746
f 1897/43/747 1896/43/747 1898/43/747 1899/43/747
f 1398/43/746 1895/43/746 1897/43/746 1397/43/746
f 840/43/749 1834/43/749 1895/43/749 1398/43/749
f 1834/43/750 1835/43/750 1894/43/750 1895/43/750
f 1364/149/751 1891/149/751 1893/149/751 1363/149/751
f 1891/149/752 1890/149/752 1892/149/752 1893/149/752
f 1365/149/751 1889/149/751 1891/149/751 1364/149/751
f 851/149/754 1840/149/754 1889/149/754 1365/149/754
f 1840/149/755 1841/149/755 1888/149/755 1889/149/755
f 1373/372/756 1885/372/756 1887/372/756 1372/2/756
f 1885/372/757 1884/495/757 1886/372/757 1887/372/757
f 1374/372/756 1883/372/756 1885/372/756 1373/372/756
f 849/2/759 1844/372/759 1883/372/759 1374/372/759
f 1844/372/760 1845/372/760 1882/495/760 1883/372/760
f 1051/361/761 1879/530/761 1881/530/761 1050/511/761
f 1879/530/762 1878/460/762 1880/366/762 1881/530/762
f 1052/361/761 1877/530/761 1879/530/761 1051/361/761
f 817/511/764 1843/530/764 1877/530/764 1052/361/764
f 1843/530/765 1842/366/765 1876/366/765 1877/530/765
f 1057/182/766 1873/182/766 1875/182/766 1056/182/766
f 1873/182/767 1872/182/767 1874/182/767 1875/182/767
f 1058/182/766 1871/182/766 1873/182/766 1057/182/766
f 877/182/769 1847/182/769 1871/182/769 1058/182/769
f 1847/182/770 1846/182/770 1870/182/770 1871/182/770
f 1446/174/771 1923/174/771 1860/299/771 936/174/771
f 1056/182/773 1875/182/773 1869/182/773 965/182/773
f 1438/369/775 1929/369/775 1859/369/775 932/369/775
f 1372/2/777 1887/372/777 1866/372/777 937/2/777
f 1396/43/779 1899/43/779 1856/43/779 928/43/779
f 1390/44/780 1905/44/780 1855/44/780 924/44/780
f 1432/371/782 1911/529/782 1852/529/782 919/371/782
f 1423/151/784 1917/153/784 1851/153/784 903/151/784
f 2398/351/786 939/149/786 1862/149/786 2552/351/786
f 2552/351/787 1862/149/787 1863/149/787 2554/351/787
f 1629/173/788 936/174/788 1860/299/788 1932/173/788
f 1932/173/789 1860/299/789 1861/299/789 1933/173/789
f 2270/42/790 928/43/790 1856/43/790 2328/42/790
f 2328/42/791 1856/43/791 1857/43/791 2330/42/791
f 1779/376/792 919/371/792 1852/529/792 1934/527/792
f 1934/527/793 1852/529/793 1853/377/793 1935/407/793
f 3686/399/794 965/182/794 1869/182/794 3840/405/794
f 3840/405/795 1869/182/795 1868/182/795 3842/405/795
f 917/151/796 907/152/796 1848/152/796 1850/153/796
f 1850/153/797 1848/152/797 1849/152/797 1851/153/797
f 1363/149/798 1893/149/798 1862/149/798 939/149/798
f 1050/511/799 1881/530/799 1865/530/799 905/511/799
f 944/76/811 1780/386/811 2062/375/811 1976/76/811
f 1632/301/813 1631/277/813 2060/173/813 2058/458/813
f 954/369/815 1632/301/815 2058/458/815 1986/369/815
f 1986/369/816 2058/458/816 2059/301/816 1987/369/816
f 1409/318/817 2055/155/817 2057/256/817 1408/153/817
f 2055/155/732 2054/226/732 2056/226/732 2057/256/732
f 1410/153/817 2053/256/817 2055/155/817 1409/318/817
f 859/153/819 1957/256/819 2053/256/819 1410/153/819
f 1957/256/734 1956/226/734 2052/226/734 2053/256/734
f 1406/146/820 2049/370/820 2051/370/820 1407/146/820
f 2049/370/736 2048/413/736 2050/413/736 2051/370/736
f 1405/146/820 2047/370/820 2049/370/820 1406/146/820
f 860/146/821 1958/370/821 2047/370/821 1405/146/821
f 1958/370/739 1959/370/739 2046/413/739 2047/370/739
f 1382/44/822 2043/44/822 2045/44/822 1381/44/822
f 2043/44/741 2042/44/741 2044/44/741 2045/44/741
f 1383/44/823 2041/44/823 2043/44/823 1382/44/823
f 863/44/824 1961/44/824 2041/44/824 1383/44/824
f 1961/44/745 1960/44/745 2040/44/745 2041/44/745
f 1376/43/825 2037/43/825 2039/43/825 1377/43/825
f 2037/43/826 2036/43/826 2038/43/826 2039/43/826
f 1375/43/825 2035/43/825 2037/43/825 1376/43/825
f 864/43/828 1962/43/828 2035/43/828 1375/43/828
f 1962/43/750 1963/43/750 2034/43/750 2035/43/750
f 1355/372/829 2031/372/829 2033/372/829 1354/2/829
f 2031/372/757 2030/495/757 2032/372/757 2033/372/757
f 1356/372/829 2029/372/829 2031/372/829 1355/372/829
f 874/2/831 1972/372/831 2029/372/831 1356/372/831
f 1972/372/760 1973/372/760 2028/372/760 2029/372/760
f 1358/150/832 2025/150/832 2027/150/832 1359/150/832
f 2025/150/752 2024/150/752 2026/150/752 2027/150/752
f 1357/150/832 2023/150/832 2025/150/832 1358/150/832
f 870/150/834 1968/150/834 2023/150/834 1357/150/834
f 1968/150/755 1969/150/755 2022/150/755 2023/150/755
f 1063/461/835 2019/7/835 2021/7/835 1062/373/835
f 2019/7/767 2018/182/767 2020/182/767 2021/7/767
f 1064/461/835 2017/7/835 2019/7/835 1063/461/835
f 879/373/837 1975/7/837 2017/7/837 1064/461/837
f 1975/7/838 1974/182/838 2016/182/838 2017/7/838
f 1069/137/839 2013/137/839 2015/137/839 1068/137/839
f 2013/137/762 2012/137/762 2014/137/762 2015/137/762
f 1070/137/839 2011/137/839 2013/137/839 1069/137/839
f 873/137/841 1971/137/841 2011/137/841 1070/137/841
f 1971/137/765 1970/137/765 2010/137/765 2011/137/765
f 1042/369/842 2007/369/842 2009/369/842 1041/368/842
f 2007/369/843 2006/369/843 2008/369/843 2009/369/843
f 1043/369/842 2005/369/842 2007/369/842 1042/369/842
f 867/368/845 1965/369/845 2005/369/845 1043/369/845
f 1965/369/725 1964/369/725 2004/369/725 2005/369/725
f 1036/174/846 2001/174/846 2003/174/846 1037/174/846
f 2001/174/727 2000/299/727 2002/299/727 2003/174/727
f 1035/374/846 1999/174/846 2001/174/846 1036/174/846
f 868/374/848 1966/174/848 1999/174/848 1035/374/848
f 1966/174/730 1967/174/730 1998/174/730 1999/174/730
f 1068/137/849 2015/137/849 1993/137/849 961/137/849
f 1359/150/850 2027/150/850 1990/150/850 958/150/850
f 1037/174/852 2003/174/852 1988/174/852 956/374/852
f 1041/368/854 2009/369/854 1987/369/854 955/368/854
f 1377/43/856 2039/43/856 1984/43/856 952/43/856
f 1381/44/858 2045/44/858 1983/44/858 951/44/858
f 1407/146/860 2051/370/860 1980/370/860 948/146/860
f 946/155/862 944/152/862 1976/152/862 1978/226/862
f 1978/226/863 1976/152/863 1977/152/863 1979/256/863
f 3688/392/864 967/373/864 1997/7/864 3844/239/864
f 3844/239/865 1997/7/865 1996/182/865 3846/239/865
f 1780/386/866 948/146/866 1980/370/866 2062/375/866
f 2062/375/867 1980/370/867 1981/370/867 2063/375/867
f 2272/42/868 952/43/868 1984/43/868 2332/42/868
f 2332/42/869 1984/43/869 1985/43/869 2334/42/869
f 1631/277/870 956/374/870 1988/174/870 2060/173/870
f 2060/173/871 1988/174/871 1989/174/871 2061/173/871
f 2400/404/872 958/150/872 1990/150/872 2556/410/872
f 2556/410/873 1990/150/873 1991/150/873 2558/410/873
f 1354/2/874 2033/372/874 1994/372/874 962/2/874
f 1062/373/876 2021/7/876 1997/7/876 967/373/876
f 1408/153/878 2057/256/878 1979/256/878 947/153/878
f 1982/44/890 2333/253/890 2335/253/890 1983/44/890
f 950/44/892 2273/253/892 2333/253/892 1982/44/892
f 2273/253/893 2272/42/893 2332/42/893 2333/253/893
f 1854/44/894 2329/253/894 2331/253/894 1855/44/894
f 923/44/896 2271/253/896 2329/253/896 1854/44/896
f 2271/253/897 2270/42/897 2328/42/897 2329/253/897
f 1394/537/898 2325/23/898 2327/23/898 1393/24/898
f 1395/537/900 2323/23/900 2325/23/900 1394/537/900
f 2323/23/901 2322/22/901 2324/22/901 2325/23/901
f 838/24/527 2251/23/527 2323/23/527 1395/537/527
f 2251/23/527 2250/22/527 2322/22/527 2323/23/527
f 1388/44/902 2319/253/902 2321/253/902 1389/44/902
f 1387/44/903 2317/253/903 2319/253/903 1388/44/903
f 2317/253/904 2316/42/904 2318/42/904 2319/253/904
f 835/44/530 2255/253/530 2317/253/530 1387/44/530
f 2255/253/530 2254/42/530 2316/42/530 2317/253/530
f 1379/44/905 2313/253/905 2315/253/905 1378/44/905
f 1380/44/907 2311/253/907 2313/253/907 1379/44/907
f 2311/253/908 2310/42/908 2312/42/908 2313/253/908
f 862/44/522 2257/253/522 2311/253/522 1380/44/522
f 2257/253/522 2256/42/522 2310/42/522 2311/253/522
f 1385/43/909 2307/42/909 2309/42/909 1386/43/909
f 1384/43/910 2305/42/910 2307/42/910 1385/43/910
f 2305/42/911 2304/253/911 2306/253/911 2307/42/911
f 865/43/519 2252/42/519 2305/42/519 1384/43/519
f 2252/42/519 2253/253/519 2304/253/519 2305/42/519
f 1247/213/912 2301/212/912 2303/212/912 1246/213/912
f 1248/213/913 2299/212/913 2301/212/913 1247/213/913
f 2299/212/914 2298/214/914 2300/214/914 2301/212/914
f 890/213/468 2263/212/468 2299/212/468 1248/213/468
f 2263/212/468 2262/214/468 2298/214/468 2299/212/468
f 1250/161/915 2295/160/915 2297/214/915 1251/161/915
f 1249/215/917 2293/214/917 2295/160/917 1250/161/917
f 2293/214/918 2292/482/918 2294/482/918 2295/160/918
f 889/215/461 2258/214/461 2293/214/461 1249/215/461
f 2258/214/461 2259/212/461 2292/482/461 2293/214/461
f 1235/364/919 2289/482/919 2291/482/919 1234/221/919
f 1236/221/921 2287/482/921 2289/482/921 1235/364/921
f 2287/482/922 2286/160/922 2288/160/922 2289/482/922
f 839/221/451 2261/482/451 2287/482/451 1236/221/451
f 2261/482/451 2260/160/451 2286/160/451 2287/482/451
f 1241/538/923 2283/535/923 2285/52/923 1240/53/923
f 1242/538/925 2281/535/925 2283/535/925 1241/538/925
f 2281/535/926 2280/481/926 2282/481/926 2283/535/926
f 834/53/927 2249/52/927 2281/535/927 1242/538/927
f 2249/52/927 2248/51/927 2280/481/927 2281/535/927
f 1389/44/928 2321/253/928 2271/253/928 923/44/928
f 2321/253/929 2320/42/929 2270/42/929 2271/253/929
f 1251/161/930 2297/214/930 2274/214/930 977/215/930
f 2297/214/931 2296/417/931 2275/212/931 2274/214/931
f 1386/43/932 2309/42/932 2268/42/932 953/43/932
f 2309/42/933 2308/253/933 2269/253/933 2268/42/933
f 1393/24/934 2327/23/934 2267/23/934 926/24/934
f 2327/23/935 2326/22/935 2266/22/935 2267/23/935
f 1240/53/936 2285/52/936 2265/52/936 922/53/936
f 2285/52/937 2284/51/937 2264/51/937 2265/52/937
f 1246/213/938 2303/212/938 2279/212/938 978/213/938
f 2303/212/939 2302/214/939 2278/214/939 2279/212/939
f 3403/213/940 3481/212/940 2275/212/940 979/255/940
f 3481/212/941 3483/214/941 2274/214/941 2275/212/941
f 1983/44/942 2335/253/942 2269/253/942 951/44/942
f 2335/253/943 2334/42/943 2268/42/943 2269/253/943
f 1855/44/944 2331/253/944 2266/253/944 924/44/944
f 2331/253/945 2330/42/945 2267/42/945 2266/253/945
f 3539/221/946 3617/482/946 2264/482/946 921/221/946
f 3617/482/947 3619/408/947 2265/160/947 2264/482/947
f 1234/221/948 2291/482/948 2277/482/948 927/221/948
f 2291/482/949 2290/160/949 2276/160/949 2277/482/949
f 1378/44/950 2315/253/950 2273/253/950 950/44/950
f 2315/253/951 2314/42/951 2272/42/951 2273/253/951
f 574/117/956 2233/253/956 2235/253/956 573/117/956
f 575/44/958 2231/253/958 2233/253/958 574/117/958
f 2231/253/959 2230/337/959 2232/42/959 2233/253/959
f 576/44/89 2229/253/89 2231/253/89 575/44/89
f 2229/253/89 2228/337/89 2230/337/89 2231/253/89
f 246/117/89 2101/253/89 2229/253/89 576/44/89
f 2101/253/89 2100/42/89 2228/337/89 2229/253/89
f 582/211/960 2225/42/960 2227/42/960 581/211/960
f 583/43/962 2223/539/962 2225/42/962 582/211/962
f 2223/539/963 2222/335/963 2224/251/963 2225/42/963
f 584/43/86 2221/539/86 2223/539/86 583/43/86
f 2221/539/86 2220/335/86 2222/335/86 2223/539/86
f 257/211/86 2111/42/86 2221/539/86 584/43/86
f 2111/42/86 2110/251/86 2220/335/86 2221/539/86
f 558/117/956 2217/253/956 2219/253/956 557/117/956
f 559/44/958 2215/253/958 2217/253/958 558/117/958
f 2215/253/959 2214/42/959 2216/42/959 2217/253/959
f 560/44/89 2213/253/89 2215/253/89 559/44/89
f 2213/253/89 2212/42/89 2214/42/89 2215/253/89
f 255/117/89 2108/253/89 2213/253/89 560/44/89
f 2108/253/89 2109/42/89 2212/42/89 2213/253/89
f 567/43/960 2209/42/960 2211/42/960 568/43/960
f 566/43/962 2207/42/962 2209/42/962 567/43/962
f 2207/42/963 2206/253/963 2208/253/963 2209/42/963
f 565/43/86 2205/42/86 2207/42/86 566/43/86
f 2205/42/86 2204/253/86 2206/253/86 2207/42/86
f 260/43/86 2114/42/86 2205/42/86 565/43/86
f 2114/42/86 2115/253/86 2204/253/86 2205/42/86
f 550/220/960 2201/540/960 2203/540/960 549/220/960
f 551/331/962 2199/541/962 2201/540/962 550/220/962
f 2199/541/963 2198/203/963 2200/203/963 2201/540/963
f 552/220/86 2197/540/86 2199/541/86 551/331/86
f 2197/540/86 2196/203/86 2198/203/86 2199/541/86
f 247/220/86 2102/541/86 2197/540/86 552/220/86
f 2102/541/86 2103/204/86 2196/203/86 2197/540/86
f 542/105/956 2193/542/956 2195/543/956 541/288/956
f 543/105/958 2191/542/958 2193/542/958 542/105/958
f 2191/542/959 2190/236/959 2192/236/959 2193/542/959
f 544/105/89 2189/542/89 2191/542/89 543/105/89
f 2189/542/89 2188/236/89 2190/236/89 2191/542/89
f 244/105/89 2099/542/89 2189/542/89 544/105/89
f 2099/542/89 2098/236/89 2188/236/89 2189/542/89
f 534/217/960 2185/544/960 2187/544/960 533/217/960
f 535/329/962 2183/544/962 2185/544/962 534/217/962
f 2183/544/963 2182/198/963 2184/198/963 2185/544/963
f 536/217/86 2181/544/86 2183/544/86 535/329/86
f 2181/544/86 2180/198/86 2182/198/86 2183/544/86
f 249/217/86 2104/544/86 2181/544/86 536/217/86
f 2104/544/86 2105/198/86 2180/198/86 2181/544/86
f 526/109/956 2177/545/956 2179/545/956 525/109/956
f 527/109/958 2175/545/958 2177/545/958 526/109/958
f 2175/545/959 2174/240/959 2176/240/959 2177/545/959
f 528/109/89 2173/545/89 2175/545/89 527/109/89
f 2173/545/89 2172/240/89 2174/240/89 2175/545/89
f 242/109/89 2097/545/89 2173/545/89 528/109/89
f 2097/545/89 2096/240/89 2172/240/89 2173/545/89
f 510/219/960 2169/546/960 2171/546/960 509/219/960
f 511/328/962 2167/546/962 2169/546/962 510/219/962
f 2167/546/963 2166/172/963 2168/172/963 2169/546/963
f 512/219/86 2165/546/86 2167/546/86 511/328/86
f 2165/546/86 2164/172/86 2166/172/86 2167/546/86
f 251/219/86 2106/546/86 2165/546/86 512/219/86
f 2106/546/86 2107/172/86 2164/172/86 2165/546/86
f 515/163/956 2161/285/956 2163/285/956 516/163/956
f 514/163/958 2159/285/958 2161/285/958 515/163/958
f 2159/285/959 2158/212/959 2160/212/959 2161/285/959
f 513/163/89 2157/285/89 2159/285/89 514/163/89
f 2157/285/89 2156/212/89 2158/212/89 2159/285/89
f 238/163/89 2093/285/89 2157/285/89 513/163/89
f 2093/285/89 2092/212/89 2156/212/89 2157/285/89
f 494/163/956 2153/285/956 2155/285/956 493/163/956
f 495/163/958 2151/285/958 2153/285/958 494/163/958
f 2151/285/959 2150/212/959 2152/212/959 2153/285/959
f 496/163/89 2149/285/89 2151/285/89 495/163/89
f 2149/285/89 2148/212/89 2150/212/89 2151/285/89
f 240/163/89 2095/285/89 2149/285/89 496/163/89
f 2095/285/89 2094/212/89 2148/212/89 2149/285/89
f 502/255/960 2145/212/960 2147/212/960 501/255/960
f 503/221/962 2143/482/962 2145/212/962 502/255/962
f 2143/482/963 2142/160/963 2144/214/963 2145/212/963
f 504/221/86 2141/482/86 2143/482/86 503/221/86
f 2141/482/86 2140/160/86 2142/160/86 2143/482/86
f 258/255/86 2113/212/86 2141/482/86 504/221/86
f 2113/212/86 2112/214/86 2140/160/86 2141/482/86
f 516/163/972 2163/285/972 2117/285/972 322/163/972
f 2163/285/973 2162/212/973 2116/212/973 2117/285/973
f 568/43/974 2211/42/974 2138/42/974 344/43/974
f 2211/42/975 2210/253/975 2139/253/975 2138/42/975
f 501/255/974 2147/212/974 2137/212/974 342/255/974
f 2147/212/975 2146/214/975 2136/214/975 2137/212/975
f 581/211/974 2227/42/974 2135/42/974 341/211/974
f 2227/42/975 2226/251/975 2134/251/975 2135/42/975
f 557/117/972 2219/253/972 2132/253/972 339/117/972
f 2219/253/976 2218/42/976 2133/42/976 2132/253/976
f 2723/44/977 2817/253/977 2139/253/977 343/117/977
f 2817/253/14 2819/42/14 2138/42/14 2139/253/14
f 2591/252/978 2685/251/978 2134/251/978 337/252/978
f 2685/251/14 2687/42/14 2135/42/14 2134/251/14
f 3253/213/979 3345/212/979 2118/212/979 323/213/979
f 3345/212/14 3347/214/14 2119/285/14 2118/212/14
f 2856/248/980 331/220/980 2126/541/980 2948/547/980
f 2948/547/12 2126/541/12 2127/204/12 2950/283/12
f 2988/249/981 333/217/981 2128/544/981 3080/548/981
f 3080/548/12 2128/544/12 2129/198/12 3082/281/12
f 3120/250/982 335/219/982 2130/546/982 3212/549/982
f 3212/549/12 2130/546/12 2131/172/12 3214/279/12
f 493/163/972 2155/285/972 2119/285/972 324/163/972
f 2155/285/976 2154/212/976 2118/212/976 2119/285/976
f 525/109/972 2179/545/972 2121/545/972 326/109/972
f 2179/545/976 2178/240/976 2120/240/976 2121/545/976
f 541/288/972 2195/543/972 2123/542/972 328/105/972
f 2195/543/976 2194/236/976 2122/236/976 2123/542/976
f 573/117/972 2235/253/972 2125/253/972 330/117/972
f 2235/253/973 2234/42/973 2124/42/973 2125/253/973
f 549/220/974 2203/540/974 2126/541/974 331/220/974
f 2203/540/975 2202/203/975 2127/204/975 2126/541/975
f 533/217/974 2187/544/974 2128/544/974 333/217/974
f 2187/544/975 2186/198/975 2129/198/975 2128/544/975
f 509/219/974 2171/546/974 2130/546/974 335/219/974
f 2171/546/975 2170/172/975 2131/172/975 2130/546/975
f 1995/372/983 2557/402/983 2559/402/983 1994/372/983
f 966/2/985 2401/402/985 2557/402/985 1995/372/985
f 2401/402/986 2400/404/986 2556/410/986 2557/402/986
f 1867/372/987 2553/445/987 2555/445/987 1866/372/987
f 964/372/989 2399/445/989 2553/445/989 1867/372/989
f 2399/445/990 2398/351/990 2552/351/990 2553/445/990
f 1370/495/991 2549/444/991 2551/445/991 1371/372/991
f 1369/372/993 2547/445/993 2549/444/993 1370/495/993
f 2547/445/904 2546/351/904 2548/351/904 2549/444/904
f 876/372/530 2383/445/530 2547/445/530 1369/372/530
f 2383/445/530 2382/351/530 2546/351/530 2547/445/530
f 1367/19/994 2543/18/994 2545/18/994 1368/19/994
f 1366/19/996 2541/18/996 2543/18/996 1367/19/996
f 2541/18/901 2540/17/901 2542/17/901 2543/18/901
f 850/19/997 2379/18/997 2541/18/997 1366/19/997
f 2379/18/527 2378/17/527 2540/17/527 2541/18/527
f 1352/372/998 2537/402/998 2539/402/998 1353/372/998
f 1351/2/999 2535/402/999 2537/402/999 1352/372/999
f 2535/402/908 2534/404/908 2536/410/908 2537/402/908
f 878/2/522 2385/402/522 2535/402/522 1351/2/522
f 2385/402/522 2384/404/522 2534/404/522 2535/402/522
f 1361/150/270 2531/410/270 2533/404/270 1362/150/270
f 1360/150/270 2529/410/270 2531/410/270 1361/150/270
f 2529/410/519 2528/445/519 2530/445/519 2531/410/519
f 871/150/519 2380/404/519 2529/410/519 1360/150/519
f 2380/404/270 2381/402/270 2528/445/270 2529/410/270
f 1343/181/1001 2525/553/1001 2527/553/1001 1342/181/1001
f 1344/181/1002 2523/553/1002 2525/553/1002 1343/181/1002
f 2523/553/1003 2522/404/1003 2524/404/1003 2525/553/1003
f 101/181/508 2347/553/508 2523/553/508 1344/181/508
f 2347/553/508 2346/404/508 2522/404/508 2523/553/508
f 1349/150/1004 2519/410/1004 2521/410/1004 1348/150/1004
f 1350/150/1006 2517/404/1006 2519/410/1006 1349/150/1006
f 2517/404/1007 2516/402/1007 2518/445/1007 2519/410/1007
f 687/150/511 2359/404/511 2517/404/511 1350/150/511
f 2359/404/511 2358/402/511 2516/402/511 2517/404/511
f 1334/372/1001 2513/445/1001 2515/402/1001 1333/2/1001
f 1335/372/1002 2511/445/1002 2513/445/1002 1334/372/1002
f 2511/445/1003 2510/351/1003 2512/351/1003 2513/445/1003
f 4/2/508 2356/402/508 2511/445/508 1335/372/508
f 2356/402/508 2357/410/508 2510/351/508 2511/445/508
f 1328/149/1004 2507/351/1004 2509/351/1004 1329/149/1004
f 1327/149/1006 2505/410/1006 2507/351/1006 1328/149/1006
f 2505/410/1007 2504/402/1007 2506/444/1007 2507/351/1007
f 696/149/511 2354/351/511 2505/410/511 1327/149/511
f 2354/351/511 2355/402/511 2504/402/511 2505/410/511
f 1316/494/1001 2501/554/1001 2503/555/1001 1317/99/1001
f 1315/99/1002 2499/555/1002 2501/554/1002 1316/494/1002
f 2499/555/1003 2498/448/1003 2500/448/1003 2501/554/1003
f 33/99/508 2345/555/508 2499/555/508 1315/99/508
f 2345/555/508 2344/448/508 2498/448/508 2499/555/508
f 1322/492/1004 2495/556/1004 2497/557/1004 1323/356/1004
f 1321/356/1006 2493/557/1006 2495/556/1006 1322/492/1006
f 2493/557/1007 2492/490/1007 2494/490/1007 2495/556/1007
f 692/356/511 2348/557/511 2493/557/511 1321/356/511
f 2348/557/511 2349/419/511 2492/490/511 2493/557/511
f 1307/353/1004 2489/558/1004 2491/558/1004 1306/353/1004
f 1308/353/1006 2487/558/1006 2489/558/1006 1307/353/1006
f 2487/558/1007 2486/11/1007 2488/11/1007 2489/558/1007
f 693/353/511 2350/558/511 2487/558/511 1308/353/511
f 2350/558/511 2351/11/511 2486/11/511 2487/558/511
f 1310/488/1001 2483/559/1001 2485/560/1001 1311/98/1001
f 1309/98/1002 2481/560/1002 2483/559/1002 1310/488/1002
f 2481/560/1003 2480/446/1003 2482/446/1003 2483/559/1003
f 34/98/508 2343/560/508 2481/560/508 1309/98/508
f 2343/560/508 2342/446/508 2480/446/508 2481/560/508
f 1295/200/1001 2477/525/1001 2479/315/1001 1294/193/1001
f 1296/200/1002 2475/525/1002 2477/525/1002 1295/200/1002
f 2475/525/1003 2474/350/1003 2476/350/1003 2477/525/1003
f 3/193/508 2337/315/508 2475/525/508 1296/200/508
f 2337/315/508 2336/350/508 2474/350/508 2475/525/508
f 1301/355/1004 2471/561/1004 2473/561/1004 1302/355/1004
f 1300/355/1006 2469/561/1006 2471/561/1006 1301/355/1006
f 2469/561/1007 2468/455/1007 2470/455/1007 2471/561/1007
f 694/355/511 2352/561/511 2469/561/511 1300/355/511
f 2352/561/511 2353/424/511 2468/455/511 2469/561/511
f 1283/202/1004 2465/350/1004 2467/350/1004 1282/202/1004
f 1284/202/1006 2463/316/1006 2465/350/1006 1283/202/1006
f 2463/316/1007 2462/315/1007 2464/348/1007 2465/350/1007
f 695/202/511 2363/316/511 2463/316/511 1284/202/511
f 2363/316/511 2362/315/511 2462/315/511 2463/316/511
f 1289/200/1001 2459/315/1001 2461/315/1001 1290/200/1001
f 1288/193/1002 2457/315/1002 2459/315/1002 1289/200/1002
f 2457/315/1003 2456/449/1003 2458/316/1003 2459/315/1003
f 22/193/508 2339/315/508 2457/315/508 1288/193/508
f 2339/315/508 2338/449/508 2456/449/508 2457/315/508
f 1271/202/1016 2453/350/1016 2455/350/1016 1270/202/1016
f 1272/202/1018 2451/316/1018 2453/350/1018 1271/202/1018
f 2451/316/914 2450/315/914 2452/348/914 2453/350/914
f 896/202/468 2391/316/468 2451/316/468 1272/202/468
f 2391/316/468 2390/315/468 2450/315/468 2451/316/468
f 1274/200/1019 2447/525/1019 2449/525/1019 1275/200/1019
f 1273/193/1020 2445/315/1020 2447/525/1020 1274/200/1020
f 2445/315/918 2444/350/918 2446/350/918 2447/525/918
f 881/193/461 2386/315/461 2445/315/461 1273/193/461
f 2386/315/484 2387/316/484 2444/350/484 2445/315/484
f 1256/395/1021 2441/534/1021 2443/531/1021 1257/395/1021
f 1255/382/1022 2439/563/1022 2441/534/1022 1256/395/1022
f 2439/563/922 2438/485/922 2440/485/922 2441/534/922
f 852/382/1023 2389/564/1023 2439/563/1023 1255/382/1023
f 2389/564/451 2388/391/451 2438/485/451 2439/563/451
f 1262/565/1024 2435/536/1024 2437/57/1024 1261/58/1024
f 1263/565/1025 2433/536/1025 2435/536/1025 1262/565/1025
f 2433/536/926 2432/484/926 2434/484/926 2435/536/926
f 821/58/493 2377/57/493 2433/536/493 1263/565/493
f 2377/57/927 2376/56/927 2432/484/927 2433/536/927
f 1323/356/1026 2497/557/1026 2418/557/1026 1016/356/1026
f 2497/557/1027 2496/457/1027 2419/419/1027 2418/557/1027
f 1302/355/1026 2473/561/1026 2422/561/1026 1018/355/1026
f 2473/561/1027 2472/455/1027 2423/424/1027 2422/561/1027
f 1290/200/1028 2461/315/1028 2411/315/1028 1004/193/1028
f 2461/315/1029 2460/316/1029 2410/449/1029 2411/315/1029
f 1317/99/1028 2503/555/1028 2415/555/1028 1007/99/1028
f 2503/555/1029 2502/448/1029 2414/448/1029 2415/555/1029
f 1311/98/1028 2485/560/1028 2413/560/1028 1009/98/1028
f 2485/560/1029 2484/446/1029 2412/446/1029 2413/560/1029
f 1348/150/1026 2521/410/1026 2429/404/1026 1026/150/1026
f 2521/410/1027 2520/445/1027 2428/402/1027 2429/404/1027
f 1329/149/1026 2509/351/1026 2424/351/1026 1024/149/1026
f 2509/351/1027 2508/444/1027 2425/402/1027 2424/351/1027
f 1333/2/1028 2515/402/1028 2426/402/1028 1022/2/1028
f 2515/402/1029 2514/351/1029 2427/410/1029 2426/402/1029
f 1342/181/1028 2527/553/1028 2417/553/1028 1001/181/1028
f 2527/553/1029 2526/404/1029 2416/404/1029 2417/553/1029
f 2647/181/1030 2689/402/1030 2428/402/1030 1002/2/1030
f 2689/402/14 2691/404/14 2429/404/14 2428/402/14
f 2781/372/1031 2821/402/1031 2425/402/1031 1023/2/1031
f 2821/402/14 2823/351/14 2424/351/14 2425/402/14
f 3178/438/1032 1018/355/1032 2422/561/1032 3216/566/1032
f 3216/566/12 2422/561/12 2423/424/12 3218/423/12
f 3044/441/1033 1017/353/1033 2420/558/1033 3084/567/1033
f 3084/567/12 2420/558/12 2421/11/12 3086/421/12
f 2914/447/1034 1016/356/1034 2418/557/1034 2952/568/1034
f 2952/568/12 2418/557/12 2419/419/12 2954/418/12
f 3311/202/1035 3349/316/1035 2410/449/1035 1003/390/1035
f 3349/316/14 3351/315/14 2411/315/14 2410/449/14
f 1368/19/1036 2545/18/1036 2395/18/1036 938/19/1036
f 2545/18/935 2544/17/935 2394/17/935 2395/18/935
f 1275/200/1037 2449/525/1037 2402/315/1037 969/193/1037
f 2449/525/931 2448/350/931 2403/316/931 2402/315/931
f 1371/372/1038 2551/445/1038 2399/445/1038 964/372/1038
f 2551/445/929 2550/351/929 2398/351/929 2399/445/929
f 1362/150/270 2533/404/270 2396/404/270 959/150/270
f 2533/404/519 2532/402/519 2397/402/519 2396/404/519
f 1353/372/1039 2539/402/1039 2401/402/1039 966/2/1039
f 2539/402/951 2538/410/951 2400/404/951 2401/402/951
f 1270/202/1040 2455/350/1040 2407/316/1040 984/202/1040
f 2455/350/939 2454/348/939 2406/315/939 2407/316/939
f 3409/202/1041 3485/350/1041 2403/316/1041 985/202/1041
f 3485/350/1042 3487/315/1042 2402/315/1042 2403/316/1042
f 1994/372/1043 2559/402/1043 2397/402/1043 962/2/1043
f 2559/402/1044 2558/410/1044 2396/404/1044 2397/402/1044
f 1866/372/1045 2555/445/1045 2394/402/1045 937/2/1045
f 2555/445/1046 2554/351/1046 2395/404/1046 2394/402/1046
f 3545/394/1047 3621/534/1047 2392/534/1047 908/569/1047
f 3621/534/1048 3623/406/1048 2393/391/1048 2392/534/1048
f 1261/58/1049 2437/57/1049 2393/57/1049 909/58/1049
f 2437/57/937 2436/56/937 2392/56/937 2393/57/937
f 1257/395/1050 2443/531/1050 2405/564/1050 940/382/1050
f 2443/531/949 2442/391/949 2404/391/949 2405/564/949
f 1294/193/1028 2479/315/1028 2409/315/1028 992/193/1028
f 2479/315/1029 2478/350/1029 2408/350/1029 2409/315/1029
f 1282/202/1026 2467/350/1026 2431/316/1026 1027/202/1026
f 2467/350/1027 2466/348/1027 2430/315/1027 2431/316/1027
f 1306/353/1026 2491/558/1026 2420/558/1026 1017/353/1026
f 2491/558/1027 2490/11/1027 2421/11/1027 2420/558/1027
f 2417/553/14 2416/404/14 2690/404/14 2688/402/14
f 1001/181/1056 2417/553/1056 2688/402/1056 2646/181/1056
f 2646/181/1057 2688/402/1057 2689/402/1057 2647/181/1057
f 2125/253/14 2124/42/14 2686/42/14 2684/251/14
f 330/117/1059 2125/253/1059 2684/251/1059 2590/252/1059
f 2590/252/1060 2684/251/1060 2685/251/1060 2591/252/1060
f 291/76/13 1708/9/13 2682/9/13 2585/76/13
f 1484/301/13 1483/173/13 2680/173/13 2678/458/13
f 304/228/1063 1484/301/1063 2678/458/1063 2586/228/1063
f 2586/228/1064 2678/458/1064 2679/301/1064 2587/228/1064
f 1346/372/1065 2675/372/1065 2677/372/1065 1347/372/1065
f 2675/372/1066 2674/2/1066 2676/2/1066 2677/372/1066
f 1345/2/1065 2673/181/1065 2675/372/1065 1346/372/1065
f 11/2/1068 2561/181/1068 2673/181/1068 1345/2/1068
f 2561/181/1069 2560/181/1069 2672/181/1069 2673/181/1069
f 1340/150/1070 2669/150/1070 2671/179/1070 1341/179/1070
f 2669/150/1071 2668/150/1071 2670/150/1071 2671/179/1071
f 1339/179/1070 2667/179/1070 2669/150/1070 1340/150/1070
f 690/179/1072 2642/150/1072 2667/179/1072 1339/179/1072
f 2642/150/1073 2643/150/1073 2666/150/1073 2667/179/1073
f 1072/182/1070 2663/182/1070 2665/182/1070 1073/182/1070
f 2663/182/1071 2662/182/1071 2664/182/1071 2665/182/1071
f 1071/182/1070 2661/182/1070 2663/182/1070 1072/182/1070
f 106/182/1072 2567/182/1072 2661/182/1072 1071/182/1072
f 2567/182/1073 2566/182/1073 2660/182/1073 2661/182/1073
f 1081/137/1065 2657/511/1065 2659/511/1065 1082/137/1065
f 2657/511/1066 2656/361/1066 2658/361/1066 2659/511/1066
f 1080/137/1065 2655/511/1065 2657/511/1065 1081/137/1065
f 698/137/1068 2645/511/1068 2655/511/1068 1080/137/1068
f 2645/511/1069 2644/361/1069 2654/361/1069 2655/511/1069
f 1341/179/1075 2671/179/1075 2650/150/1075 1015/179/1075
f 1347/372/1077 2677/372/1077 2647/181/1077 1002/2/1077
f 1082/137/1079 2659/511/1079 2653/511/1079 998/137/1079
f 1073/182/1081 2665/182/1081 2649/182/1081 1014/182/1081
f 2416/404/1083 1015/179/1083 2650/150/1083 2690/404/1083
f 2690/404/1084 2650/150/1084 2651/150/1084 2691/404/1084
f 3708/357/1085 1014/182/1085 2649/182/1085 3848/357/1085
f 3848/357/1086 2649/182/1086 2648/182/1086 3850/239/1086
f 590/228/1087 2639/228/1087 2641/228/1087 589/228/1087
f 2639/228/98 2638/228/98 2640/228/98 2641/228/98
f 591/228/1087 2637/228/1087 2639/228/1087 590/228/1087
f 592/228/1088 2635/228/1088 2637/228/1088 591/228/1088
f 2635/228/1089 2634/228/1089 2636/228/1089 2637/228/1089
f 194/228/98 2573/228/98 2635/228/98 592/228/98
f 2573/228/98 2572/228/98 2634/228/98 2635/228/98
f 598/174/1090 2631/174/1090 2633/174/1090 597/174/1090
f 2631/174/92 2630/299/92 2632/299/92 2633/174/92
f 599/299/1090 2629/299/1090 2631/174/1090 598/174/1090
f 600/174/1092 2627/174/1092 2629/299/1092 599/299/1092
f 2627/174/1093 2626/299/1093 2628/299/1093 2629/299/1093
f 218/174/92 2574/299/92 2627/174/92 600/174/92
f 2574/299/92 2575/174/92 2626/299/92 2627/174/92
f 578/252/1087 2623/252/1087 2625/252/1087 577/252/1087
f 2623/252/98 2622/252/98 2624/252/98 2625/252/98
f 579/334/1087 2621/334/1087 2623/252/1087 578/252/1087
f 580/334/1088 2619/334/1088 2621/334/1088 579/334/1088
f 2619/334/1089 2618/252/1089 2620/252/1089 2621/334/1089
f 253/252/98 2577/252/98 2619/334/98 580/334/98
f 2577/252/98 2576/252/98 2618/252/98 2619/334/98
f 571/229/1090 2615/43/1090 2617/43/1090 572/229/1090
f 2615/43/92 2614/43/92 2616/43/92 2617/43/92
f 570/336/1090 2613/229/1090 2615/43/1090 571/229/1090
f 569/336/1092 2611/229/1092 2613/229/1092 570/336/1092
f 2611/229/1093 2610/43/1093 2612/43/1093 2613/229/1093
f 245/178/92 2578/43/92 2611/229/92 569/336/92
f 2578/43/92 2579/43/92 2610/43/92 2611/229/92
f 350/151/1087 2607/256/1087 2609/256/1087 349/151/1087
f 2607/256/98 2606/225/98 2608/225/98 2609/256/98
f 351/153/1087 2605/256/1087 2607/256/1087 350/151/1087
f 352/153/1088 2603/256/1088 2605/256/1088 351/153/1088
f 2603/256/1089 2602/226/1089 2604/226/1089 2605/256/1089
f 83/153/98 2563/256/98 2603/256/98 352/153/98
f 2563/256/98 2562/226/98 2602/226/98 2603/256/98
f 355/10/1090 2599/10/1090 2601/10/1090 356/10/1090
f 2599/10/92 2598/10/92 2600/10/92 2601/10/92
f 354/291/1090 2597/10/1090 2599/10/1090 355/10/1090
f 353/291/1092 2595/10/1092 2597/10/1092 354/291/1092
f 2595/10/1093 2594/10/1093 2596/10/1093 2597/10/1093
f 110/10/92 2564/509/92 2595/10/92 353/291/92
f 2564/509/92 2565/10/92 2594/10/92 2595/10/92
f 572/229/1097 2617/43/1097 2592/43/1097 329/178/1097
f 597/174/1099 2633/174/1099 2588/299/1099 303/174/1099
f 356/10/1101 2601/10/1101 2582/509/1101 286/10/1101
f 589/228/1102 2641/228/1102 2587/228/1102 312/228/1102
f 577/252/1103 2625/252/1103 2591/252/1103 337/252/1103
f 2124/42/1105 329/178/1105 2592/43/1105 2686/42/1105
f 2686/42/1106 2592/43/1106 2593/43/1106 2687/42/1106
f 1483/173/1107 303/174/1107 2588/299/1107 2680/173/1107
f 2680/173/1108 2588/299/1108 2589/174/1108 2681/173/1108
f 1708/9/1109 286/10/1109 2582/509/1109 2682/9/1109
f 2682/9/1110 2582/509/1110 2583/10/1110 2683/9/1110
f 283/155/1111 291/152/1111 2585/152/1111 2580/226/1111
f 2580/226/1112 2585/152/1112 2584/152/1112 2581/256/1112
f 349/151/1113 2609/256/1113 2581/256/1113 265/153/1113
f 2426/402/14 2427/410/14 2822/351/14 2820/402/14
f 1022/2/1115 2426/402/1115 2820/402/1115 2780/372/1115
f 2780/372/1057 2820/402/1057 2821/402/1057 2781/372/1057
f 2132/253/14 2133/42/14 2818/42/14 2816/253/14
f 339/117/1117 2132/253/1117 2816/253/1117 2722/44/1117
f 2722/44/1060 2816/253/1060 2817/253/1060 2723/44/1060
f 262/76/13 1706/9/13 2814/9/13 2713/76/13
f 1491/289/13 1492/278/13 2812/278/13 2810/289/13
f 313/15/1120 1491/289/1120 2810/289/1120 2718/13/1120
f 2718/13/1064 2810/289/1064 2811/289/1064 2719/13/1064
f 1331/149/1121 2807/149/1121 2809/149/1121 1330/149/1121
f 2807/149/1071 2806/149/1071 2808/149/1071 2809/149/1071
f 1332/149/1122 2805/149/1122 2807/149/1122 1331/149/1122
f 686/149/1124 2774/149/1124 2805/149/1124 1332/149/1124
f 2774/149/1073 2775/149/1073 2804/149/1073 2805/149/1073
f 1337/372/1125 2801/372/1125 2803/372/1125 1338/372/1125
f 2801/372/1066 2800/495/1066 2802/372/1066 2803/372/1066
f 1336/2/1126 2799/372/1126 2801/372/1126 1337/372/1126
f 226/2/1128 2695/372/1128 2799/372/1128 1336/2/1128
f 2695/372/1069 2694/372/1069 2798/372/1069 2799/372/1069
f 1090/443/1126 2795/443/1126 2797/443/1126 1091/443/1126
f 2795/443/1066 2794/362/1066 2796/362/1066 2797/443/1066
f 1089/362/1126 2793/362/1126 2795/443/1126 1090/443/1126
f 712/362/1128 2777/362/1128 2793/362/1128 1089/362/1128
f 2777/362/1069 2776/362/1069 2792/362/1069 2793/362/1069
f 1084/182/1129 2789/154/1129 2791/154/1129 1085/182/1129
f 2789/154/1071 2788/427/1071 2790/427/1071 2791/154/1071
f 1083/7/1122 2787/154/1122 2789/154/1122 1084/182/1122
f 10/7/1124 2693/154/1124 2787/154/1124 1083/7/1124
f 2693/154/1073 2692/427/1073 2786/427/1073 2787/154/1073
f 1338/372/1130 2803/372/1130 2781/372/1130 1023/2/1130
f 1085/182/1132 2791/154/1132 2779/154/1132 997/7/1132
f 1091/443/1133 2797/443/1133 2785/362/1133 1034/362/1133
f 1330/149/1134 2809/149/1134 2782/149/1134 1025/149/1134
f 2427/410/1135 1025/149/1135 2782/149/1135 2822/351/1135
f 2822/351/1084 2782/149/1084 2783/149/1084 2823/351/1084
f 3697/239/1136 997/7/1136 2779/154/1136 3852/426/1136
f 3852/426/1086 2779/154/1086 2778/427/1086 3854/426/1086
f 606/13/1137 2771/13/1137 2773/13/1137 605/13/1137
f 2771/13/98 2770/13/98 2772/13/98 2773/13/98
f 607/13/1137 2769/13/1137 2771/13/1137 606/13/1137
f 608/13/1139 2767/13/1139 2769/13/1139 607/13/1139
f 2767/13/1089 2766/13/1089 2768/13/1089 2769/13/1089
f 235/13/98 2705/13/98 2767/13/98 608/13/98
f 2705/13/98 2704/13/98 2766/13/98 2767/13/98
f 614/143/1140 2763/145/1140 2765/145/1140 613/298/1140
f 2763/145/92 2762/145/92 2764/145/92 2765/145/92
f 615/145/1140 2761/145/1140 2763/145/1140 614/143/1140
f 616/145/1142 2759/145/1142 2761/145/1142 615/145/1142
f 2759/145/1093 2758/145/1093 2760/145/1093 2761/145/1093
f 207/143/92 2706/145/92 2759/145/92 616/145/92
f 2706/145/92 2707/145/92 2758/145/92 2759/145/92
f 562/117/1137 2755/44/1137 2757/44/1137 561/117/1137
f 2755/44/98 2754/44/98 2756/44/98 2757/44/98
f 563/44/1137 2753/44/1137 2755/44/1137 562/117/1137
f 564/44/1139 2751/44/1139 2753/44/1139 563/44/1139
f 2751/44/1089 2750/44/1089 2752/44/1089 2753/44/1089
f 259/117/98 2709/44/98 2751/44/98 564/44/98
f 2709/44/98 2708/44/98 2750/44/98 2751/44/98
f 555/43/1140 2747/43/1140 2749/43/1140 556/43/1140
f 2747/43/92 2746/43/92 2748/43/92 2749/43/92
f 554/43/1140 2745/43/1140 2747/43/1140 555/43/1140
f 553/43/1142 2743/43/1142 2745/43/1142 554/43/1142
f 2743/43/1093 2742/43/1093 2744/43/1093 2745/43/1093
f 256/43/92 2710/43/92 2743/43/92 553/43/92
f 2710/43/92 2711/43/92 2742/43/92 2743/43/92
f 386/291/1140 2739/10/1140 2741/10/1140 385/291/1140
f 2739/10/92 2738/10/92 2740/10/92 2741/10/92
f 387/10/1140 2737/10/1140 2739/10/1140 386/291/1140
f 388/10/1142 2735/10/1142 2737/10/1142 387/10/1142
f 2735/10/1093 2734/10/1093 2736/10/1093 2737/10/1093
f 96/10/92 2698/509/92 2735/10/92 388/10/92
f 2698/509/92 2699/10/92 2734/10/92 2735/10/92
f 378/151/1137 2731/153/1137 2733/153/1137 377/151/1137
f 2731/153/98 2730/153/98 2732/153/98 2733/153/98
f 379/153/1137 2729/153/1137 2731/153/1137 378/151/1137
f 380/153/1145 2727/153/1145 2729/153/1145 379/153/1145
f 2727/153/1089 2726/318/1089 2728/318/1089 2729/153/1089
f 231/151/98 2697/153/98 2727/153/98 380/153/98
f 2697/153/98 2696/153/98 2726/318/98 2727/153/98
f 556/43/1146 2749/43/1146 2724/43/1146 340/43/1146
f 561/117/1147 2757/44/1147 2723/44/1147 343/117/1147
f 613/298/1149 2765/145/1149 2720/145/1149 314/143/1149
f 2133/42/1151 340/43/1151 2724/43/1151 2818/42/1151
f 2818/42/1106 2724/43/1106 2725/43/1106 2819/42/1106
f 261/153/1152 262/152/1152 2713/152/1152 2714/153/1152
f 2714/153/1112 2713/152/1112 2712/152/1112 2715/153/1112
f 1706/9/1153 284/10/1153 2716/509/1153 2814/9/1153
f 2814/9/1110 2716/509/1110 2717/10/1110 2815/9/1110
f 1492/278/1154 314/143/1154 2720/145/1154 2812/278/1154
f 2812/278/1155 2720/145/1155 2721/145/1155 2813/278/1155
f 377/151/1156 2733/153/1156 2715/153/1156 317/151/1156
f 385/291/1157 2741/10/1157 2716/509/1157 284/10/1157
f 605/13/1159 2773/13/1159 2719/13/1159 319/13/1159
f 2414/448/12 2953/570/12 2955/528/12 2415/555/12
f 1013/352/1162 2915/574/1162 2953/570/1162 2414/448/1162
f 2915/574/1163 2914/447/1163 2952/568/1163 2953/570/1163
f 2122/236/12 2949/575/12 2951/573/12 2123/542/12
f 327/216/1165 2857/576/1165 2949/575/1165 2122/236/1165
f 2857/576/1166 2856/248/1166 2948/547/1166 2949/575/1166
f 273/167/1167 2847/577/1167 2947/578/1167 1705/168/1167
f 2847/577/1168 2846/307/1168 2946/259/1168 2947/578/1168
f 1481/311/11 2943/579/11 2945/580/11 1482/518/11
f 301/230/1170 2853/581/1170 2943/579/1170 1481/311/1170
f 2853/581/1171 2852/292/1171 2942/522/1171 2943/579/1171
f 1319/491/1172 2939/420/1172 2941/582/1172 1318/1/1172
f 2939/420/1173 2938/493/1173 2940/436/1173 2941/582/1173
f 1320/489/1174 2937/582/1174 2939/420/1174 1319/491/1174
f 123/1/1175 2824/420/1175 2937/582/1175 1320/489/1175
f 2824/420/1176 2825/437/1176 2936/493/1176 2937/582/1176
f 1325/352/1177 2933/574/1177 2935/574/1177 1324/352/1177
f 2933/574/1178 2932/447/1178 2934/447/1178 2935/574/1178
f 1326/352/1177 2931/574/1177 2933/574/1177 1325/352/1177
f 685/352/1179 2907/574/1179 2931/574/1179 1326/352/1179
f 2907/574/1180 2906/447/1180 2930/447/1180 2931/574/1180
f 1102/91/1177 2927/583/1177 2929/583/1177 1101/91/1177
f 2927/583/1178 2926/452/1178 2928/452/1178 2929/583/1178
f 1103/91/1177 2925/583/1177 2927/583/1177 1102/91/1177
f 39/91/1179 2827/583/1179 2925/583/1179 1103/91/1179
f 2827/583/1180 2826/452/1180 2924/452/1180 2925/583/1180
f 1096/466/1174 2921/432/1174 2923/584/1174 1097/206/1174
f 2921/432/1173 2920/453/1173 2922/453/1173 2923/584/1173
f 1095/136/1174 2919/584/1174 2921/432/1174 1096/466/1174
f 708/136/1175 2908/432/1175 2919/584/1175 1095/136/1175
f 2908/432/1176 2909/454/1176 2918/463/1176 2919/584/1176
f 1097/206/1183 2923/584/1183 2916/432/1183 1032/136/1183
f 1101/91/1184 2929/583/1184 2913/583/1184 1011/91/1184
f 1324/352/1186 2935/574/1186 2915/574/1186 1013/352/1186
f 1318/1/1187 2941/582/1187 2910/420/1187 1006/1/1187
f 3707/585/1189 3857/586/1189 2917/454/1189 1030/121/1189
f 3857/586/1190 3859/431/1190 2916/432/1190 2917/454/1190
f 2415/555/1191 2955/528/1191 2911/437/1191 1007/99/1191
f 2955/528/1192 2954/418/1192 2910/420/1192 2911/437/1192
f 622/140/1193 2903/587/1193 2905/587/1193 621/140/1193
f 2903/587/113 2902/197/113 2904/197/113 2905/587/113
f 623/340/1193 2901/275/1193 2903/587/1193 622/140/1193
f 624/338/1195 2899/587/1195 2901/275/1195 623/340/1195
f 2899/587/1196 2898/197/1196 2900/197/1196 2901/275/1196
f 203/140/113 2836/275/113 2899/587/113 624/338/113
f 2836/275/113 2837/197/113 2898/197/113 2899/587/113
f 630/230/1197 2895/581/1197 2897/581/1197 629/230/1197
f 2895/581/109 2894/292/109 2896/292/109 2897/581/109
f 631/341/1197 2893/589/1197 2895/581/1197 630/230/1197
f 632/230/1198 2891/581/1198 2893/589/1198 631/341/1198
f 2891/581/1199 2890/292/1199 2892/292/1199 2893/589/1199
f 216/230/109 2839/581/109 2891/581/109 632/230/109
f 2839/581/109 2838/292/109 2890/292/109 2891/581/109
f 547/333/1193 2887/284/1193 2889/590/1193 548/116/1193
f 2887/284/113 2886/222/113 2888/222/113 2889/590/113
f 546/116/1193 2885/590/1193 2887/284/1193 547/333/1193
f 545/116/1195 2883/590/1195 2885/590/1195 546/116/1195
f 2883/590/1196 2882/222/1196 2884/222/1196 2885/590/1196
f 248/116/113 2840/284/113 2883/590/113 545/116/113
f 2840/284/113 2841/222/113 2882/222/113 2883/590/113
f 539/332/1197 2879/576/1197 2881/576/1197 540/216/1197
f 2879/576/109 2878/248/109 2880/248/109 2881/576/109
f 538/216/1197 2877/576/1197 2879/576/1197 539/332/1197
f 537/216/1198 2875/576/1198 2877/576/1198 538/216/1198
f 2875/576/1199 2874/248/1199 2876/248/1199 2877/576/1199
f 243/216/109 2843/576/109 2875/576/109 537/216/109
f 2843/576/109 2842/248/109 2874/248/109 2875/576/109
f 398/165/1193 2871/258/1193 2873/258/1193 397/165/1193
f 2871/258/113 2870/244/113 2872/244/113 2873/258/113
f 399/323/1193 2869/591/1193 2871/258/1193 398/165/1193
f 400/323/1195 2867/591/1195 2869/591/1195 399/323/1195
f 2867/591/1196 2866/244/1196 2868/244/1196 2869/591/1196
f 131/165/113 2828/258/113 2867/591/113 400/323/113
f 2828/258/113 2829/245/113 2866/244/113 2867/591/113
f 411/167/1197 2863/577/1197 2865/577/1197 412/167/1197
f 2863/577/109 2862/307/109 2864/307/109 2865/577/109
f 410/167/1197 2861/577/1197 2863/577/1197 411/167/1197
f 409/321/1198 2859/593/1198 2861/577/1198 410/167/1198
f 2859/593/1199 2858/307/1199 2860/307/1199 2861/577/1199
f 95/167/109 2831/577/109 2859/593/109 409/321/109
f 2831/577/109 2830/307/109 2858/307/109 2859/593/109
f 412/167/1203 2865/577/1203 2847/577/1203 273/167/1203
f 540/216/1204 2881/576/1204 2857/576/1204 327/216/1204
f 629/230/1206 2897/581/1206 2853/581/1206 301/230/1206
f 548/116/1207 2889/590/1207 2854/284/1207 332/116/1207
f 2123/542/1209 2951/573/1209 2855/222/1209 328/105/1209
f 2951/573/1210 2950/283/1210 2854/284/1210 2855/222/1210
f 1482/518/1211 2945/580/1211 2851/197/1211 302/125/1211
f 2945/580/1212 2944/273/1212 2850/275/1212 2851/197/1212
f 1705/168/11 2947/578/11 2848/595/11 274/169/11
f 274/157/1214 2848/551/1214 2845/245/1214 278/113/1214
f 2848/551/1215 2849/257/1215 2844/258/1215 2845/245/1215
f 397/165/1216 2873/258/1216 2844/258/1216 282/165/1216
f 621/140/1218 2905/587/1218 2850/275/1218 306/140/1218
f 2412/446/12 3085/597/12 3087/598/12 2413/560/12
f 1012/354/1221 3045/552/1221 3085/597/1221 2412/446/1221
f 3045/552/1163 3044/441/1163 3084/567/1163 3085/597/1163
f 2120/240/12 3081/599/12 3083/600/12 2121/545/12
f 325/218/1223 2989/601/1223 3081/599/1223 2120/240/1223
f 2989/601/1166 2988/249/1166 3080/548/1166 3081/599/1166
f 271/80/1224 2979/602/1224 3079/603/1224 1704/81/1224
f 2979/602/1168 2978/297/1168 3078/263/1168 3079/603/1168
f 1479/306/11 3075/604/11 3077/605/11 1480/517/11
f 299/232/1226 2985/606/1226 3075/604/1226 1479/306/1226
f 2985/606/1171 2984/293/1171 3074/523/1171 3075/604/1171
f 1304/12/1227 3071/422/1227 3073/422/1227 1305/12/1227
f 3071/422/1173 3070/439/1173 3072/439/1173 3073/422/1173
f 1303/12/1228 3069/422/1228 3071/422/1228 1304/12/1228
f 134/12/1230 2956/422/1230 3069/422/1230 1303/12/1230
f 2956/422/1176 2957/440/1176 3068/439/1176 3069/422/1176
f 1313/354/1231 3065/552/1231 3067/552/1231 1312/354/1231
f 3065/552/1178 3064/441/1178 3066/441/1178 3067/552/1178
f 1314/354/1232 3063/552/1232 3065/552/1232 1313/354/1232
f 684/354/1233 3039/552/1233 3063/552/1233 1314/354/1233
f 3039/552/1180 3038/441/1180 3062/441/1180 3063/552/1180
f 1112/474/1234 3059/468/1234 3061/562/1234 1113/120/1234
f 3059/468/1235 3058/469/1235 3060/469/1235 3061/562/1235
f 1111/120/1234 3057/562/1234 3059/468/1234 1112/474/1234
f 709/120/1237 3040/468/1237 3057/562/1237 1111/120/1237
f 3040/468/1238 3041/470/1238 3056/469/1238 3057/562/1238
f 1121/87/1239 3053/572/1239 3055/572/1239 1122/87/1239
f 3053/572/1240 3052/472/1240 3054/472/1240 3055/572/1240
f 1120/87/1239 3051/572/1239 3053/572/1239 1121/87/1239
f 40/87/1242 2959/572/1242 3051/572/1242 1120/87/1242
f 2959/572/1243 2958/472/1243 3050/472/1243 3051/572/1243
f 1122/87/1244 3055/572/1244 3047/572/1244 1108/87/1244
f 1113/120/1245 3061/562/1245 3048/468/1245 1110/120/1245
f 3777/607/1247 3861/608/1247 3049/470/1247 1109/129/1247
f 3861/608/1248 3863/467/1248 3048/468/1248 3049/470/1248
f 1312/354/1249 3067/552/1249 3045/552/1249 1012/354/1249
f 1305/12/1250 3073/422/1250 3042/422/1250 1008/12/1250
f 2413/560/1252 3087/598/1252 3043/440/1252 1009/98/1252
f 3087/598/1192 3086/421/1192 3042/422/1192 3043/440/1192
f 639/124/1253 3035/272/1253 3037/272/1253 640/124/1253
f 3035/272/113 3034/201/113 3036/201/113 3037/272/113
f 638/124/1253 3033/272/1253 3035/272/1253 639/124/1253
f 637/344/1255 3031/609/1255 3033/272/1255 638/124/1255
f 3031/609/1196 3030/201/1196 3032/201/1196 3033/272/1196
f 204/124/113 2968/272/113 3031/609/113 637/344/113
f 2968/272/113 2969/201/113 3030/201/113 3031/609/113
f 646/232/1256 3027/606/1256 3029/606/1256 645/232/1256
f 3027/606/109 3026/293/109 3028/293/109 3029/606/109
f 647/232/1256 3025/606/1256 3027/606/1256 646/232/1256
f 648/232/1257 3023/606/1257 3025/606/1257 647/232/1257
f 3023/606/1199 3022/293/1199 3024/293/1199 3025/606/1199
f 215/232/109 2971/606/109 3023/606/109 648/232/109
f 2971/606/109 2970/293/109 3022/293/109 3023/606/109
f 531/104/1253 3019/282/1253 3021/282/1253 532/104/1253
f 3019/282/113 3018/254/113 3020/254/113 3021/282/113
f 530/104/1253 3017/282/1253 3019/282/1253 531/104/1253
f 529/104/1255 3015/282/1255 3017/282/1255 530/104/1255
f 3015/282/1196 3014/254/1196 3016/254/1196 3017/282/1196
f 250/104/113 2972/282/113 3015/282/113 529/104/113
f 2972/282/113 2973/254/113 3014/254/113 3015/282/113
f 523/330/1256 3011/610/1256 3013/601/1256 524/218/1256
f 3011/610/109 3010/249/109 3012/249/109 3013/601/109
f 522/218/1256 3009/601/1256 3011/610/1256 523/330/1256
f 521/218/1257 3007/601/1257 3009/601/1257 522/218/1257
f 3007/601/1199 3006/249/1199 3008/249/1199 3009/601/1199
f 241/218/109 2975/601/109 3007/601/109 521/218/109
f 2975/601/109 2974/249/109 3006/249/109 3007/601/109
f 431/80/1256 3003/602/1256 3005/602/1256 432/80/1256
f 3003/602/109 3002/297/109 3004/297/109 3005/602/109
f 430/80/1256 3001/602/1256 3003/602/1256 431/80/1256
f 429/80/1257 2999/602/1257 3001/602/1257 430/80/1257
f 2999/602/1199 2998/297/1199 3000/297/1199 3001/602/1199
f 94/80/109 2963/602/109 2999/602/109 429/80/109
f 2963/602/109 2962/297/109 2998/297/109 2999/602/109
f 419/112/1253 2995/611/1253 2997/611/1253 420/112/1253
f 2995/611/113 2994/312/113 2996/312/113 2997/611/113
f 418/325/1253 2993/611/1253 2995/611/1253 419/112/1253
f 417/325/1255 2991/611/1255 2993/611/1255 418/325/1255
f 2991/611/1196 2990/312/1196 2992/312/1196 2993/611/1196
f 142/112/113 2960/262/113 2991/611/113 417/325/113
f 2960/262/113 2961/312/113 2990/312/113 2991/611/113
f 420/112/1261 2997/611/1261 2976/262/1261 279/112/1261
f 524/218/1262 3013/601/1262 2989/601/1262 325/218/1262
f 432/80/1264 3005/602/1264 2979/602/1264 271/80/1264
f 645/232/1265 3029/606/1265 2985/606/1265 299/232/1265
f 532/104/1267 3021/282/1267 2986/282/1267 334/104/1267
f 2121/545/1268 3083/600/1268 2987/254/1268 326/109/1268
f 3083/600/1210 3082/281/1210 2986/282/1210 2987/254/1210
f 1480/517/1269 3077/605/1269 2983/201/1269 300/133/1269
f 3077/605/1212 3076/271/1212 2982/272/1212 2983/201/1212
f 1704/81/11 3079/603/11 2980/612/11 272/82/11
f 272/159/1271 2980/613/1271 2977/312/1271 277/101/1271
f 2980/613/1215 2981/261/1215 2976/262/1215 2977/312/1215
f 640/124/1272 3037/272/1272 2982/272/1272 308/124/1272
f 2408/350/12 3217/533/12 3219/532/12 2409/315/12
f 991/202/1275 3179/614/1275 3217/533/1275 2408/350/1275
f 3179/614/1163 3178/438/1163 3216/566/1163 3217/533/1163
f 2116/212/12 3213/615/12 3215/596/12 2117/285/12
f 321/213/1277 3121/594/1277 3213/615/1277 2116/212/1277
f 3121/594/1166 3120/250/1166 3212/549/1166 3213/615/1166
f 263/184/1278 3111/592/1278 3211/616/1278 1702/227/1278
f 3111/592/1168 3110/300/1168 3210/267/1168 3211/616/1168
f 1475/295/11 3207/617/11 3209/618/11 1476/363/11
f 295/235/1280 3117/588/1280 3207/617/1280 1475/295/1280
f 3117/588/1171 3116/294/1171 3206/524/1171 3207/617/1171
f 1298/486/1281 3203/621/1281 3205/425/1281 1297/97/1281
f 3203/621/1173 3202/487/1173 3204/433/1173 3205/425/1173
f 1299/97/1281 3201/425/1281 3203/621/1281 1298/486/1281
f 144/97/1282 3088/425/1282 3201/425/1282 1299/97/1282
f 3088/425/1176 3089/433/1176 3200/487/1176 3201/425/1176
f 1292/202/1283 3197/614/1283 3199/614/1283 1293/202/1283
f 3197/614/1178 3196/438/1178 3198/438/1178 3199/614/1178
f 1291/202/1283 3195/614/1283 3197/614/1283 1292/202/1283
f 681/202/1285 3171/614/1285 3195/614/1285 1291/202/1285
f 3171/614/1180 3170/438/1180 3194/438/1180 3195/614/1180
f 1127/73/1283 3191/622/1283 3193/622/1283 1126/74/1283
f 3191/622/1178 3190/359/1178 3192/359/1178 3193/622/1178
f 1128/73/1283 3189/622/1283 3191/622/1283 1127/73/1283
f 9/74/1285 3091/622/1285 3189/622/1285 1128/73/1285
f 3091/622/1180 3090/359/1180 3188/359/1180 3189/622/1180
f 1130/435/1281 3185/623/1281 3187/623/1281 1131/435/1281
f 3185/623/1173 3184/450/1173 3186/450/1173 3187/623/1173
f 1129/128/1281 3183/624/1281 3185/623/1281 1130/435/1281
f 710/128/1282 3172/430/1282 3183/624/1282 1129/128/1282
f 3172/430/1176 3173/451/1176 3182/451/1176 3183/624/1176
f 1131/435/1287 3187/623/1287 3180/430/1287 1033/128/1287
f 1293/202/1289 3199/614/1289 3179/614/1289 991/202/1289
f 1297/97/1291 3205/425/1291 3174/425/1291 993/97/1291
f 3703/625/1292 3865/626/1292 3181/451/1292 1028/190/1292
f 3865/626/1190 3867/428/1190 3180/430/1190 3181/451/1190
f 2409/315/1293 3219/532/1293 3175/433/1293 992/193/1293
f 3219/532/1192 3218/423/1192 3174/425/1192 3175/433/1192
f 1126/74/1294 3193/622/1294 3177/622/1294 995/74/1294
f 651/242/1295 3167/270/1295 3169/270/1295 652/242/1295
f 3167/270/113 3166/224/113 3168/224/113 3169/270/113
f 650/132/1295 3165/270/1295 3167/270/1295 651/242/1295
f 649/132/1297 3163/270/1297 3165/270/1297 650/132/1297
f 3163/270/1196 3162/224/1196 3164/224/1196 3165/270/1196
f 205/132/113 3100/270/113 3163/270/113 649/132/113
f 3100/270/113 3101/224/113 3162/224/113 3163/270/113
f 662/235/1298 3159/588/1298 3161/588/1298 661/235/1298
f 3159/588/109 3158/294/109 3160/294/109 3161/588/109
f 663/235/1298 3157/588/1298 3159/588/1298 662/235/1298
f 664/235/1300 3155/588/1300 3157/588/1300 663/235/1300
f 3155/588/1199 3154/294/1199 3156/294/1199 3157/588/1199
f 212/235/109 3103/588/109 3155/588/109 664/235/109
f 3103/588/109 3102/294/109 3154/294/109 3155/588/109
f 507/108/1295 3151/280/1295 3153/280/1295 508/108/1295
f 3151/280/113 3150/162/113 3152/162/113 3153/280/113
f 506/108/1295 3149/280/1295 3151/280/1295 507/108/1295
f 505/108/1297 3147/280/1297 3149/280/1297 506/108/1297
f 3147/280/1196 3146/162/1196 3148/162/1196 3149/280/1196
f 252/108/113 3104/280/113 3147/280/113 505/108/113
f 3104/280/113 3105/162/113 3146/162/113 3147/280/113
f 518/213/1298 3143/594/1298 3145/594/1298 517/213/1298
f 3143/594/109 3142/250/109 3144/250/109 3145/594/109
f 519/213/1298 3141/594/1298 3143/594/1298 518/213/1298
f 520/213/1300 3139/594/1300 3141/594/1300 519/213/1300
f 3139/594/1199 3138/250/1199 3140/250/1199 3141/594/1199
f 237/213/109 3107/594/109 3139/594/109 520/213/109
f 3107/594/109 3106/250/109 3138/250/109 3139/594/109
f 455/184/1298 3135/592/1298 3137/592/1298 456/184/1298
f 3135/592/109 3134/300/109 3136/300/109 3137/592/109
f 454/184/1298 3133/592/1298 3135/592/1298 455/184/1298
f 453/184/1300 3131/592/1300 3133/592/1300 454/184/1300
f 3131/592/1199 3130/300/1199 3132/300/1199 3133/592/1199
f 91/184/109 3095/592/109 3131/592/109 453/184/109
f 3095/592/109 3094/300/109 3130/300/109 3131/592/109
f 447/100/1295 3127/266/1295 3129/266/1295 448/100/1295
f 3127/266/113 3126/313/113 3128/313/113 3129/266/113
f 446/327/1295 3125/266/1295 3127/266/1295 447/100/1295
f 445/327/1297 3123/266/1297 3125/266/1297 446/327/1297
f 3123/266/1196 3122/313/1196 3124/313/1196 3125/266/1196
f 153/100/113 3092/266/113 3123/266/113 445/327/113
f 3092/266/113 3093/313/113 3122/313/113 3123/266/113
f 448/100/1304 3129/266/1304 3108/266/1304 280/100/1304
f 517/213/1306 3145/594/1306 3121/594/1306 321/213/1306
f 456/184/1308 3137/592/1308 3111/592/1308 263/184/1308
f 661/235/1309 3161/588/1309 3117/588/1309 295/235/1309
f 2117/285/1311 3215/596/1311 3119/162/1311 322/163/1311
f 3215/596/1210 3214/279/1210 3118/280/1210 3119/162/1210
f 1476/363/1312 3209/618/1312 3115/224/1312 296/188/1312
f 3209/618/1212 3208/269/1212 3114/270/1212 3115/224/1212
f 1702/227/11 3211/616/11 3112/627/11 264/209/11
f 264/186/1314 3112/571/1314 3109/313/1314 275/176/1314
f 3112/571/1215 3113/265/1215 3108/266/1215 3109/313/1215
f 652/242/1315 3169/270/1315 3114/270/1315 310/132/1315
f 508/108/1316 3153/280/1316 3118/280/1316 336/108/1316
f 2431/316/14 2430/315/14 3350/315/14 3348/350/14
f 1027/202/1319 2431/316/1319 3348/350/1319 3310/202/1319
f 3310/202/1084 3348/350/1084 3349/316/1084 3311/202/1084
f 2137/212/14 2136/214/14 3346/214/14 3344/212/14
f 342/255/1321 2137/212/1321 3344/212/1321 3252/255/1321
f 3252/255/1106 3344/212/1106 3345/212/1106 3253/213/1106
f 289/304/1322 1712/210/1322 3342/227/1322 3244/184/1322
f 3244/184/1110 3342/227/1110 3343/227/1110 3245/184/1110
f 1496/513/13 1495/309/13 3340/276/13 3338/628/13
f 316/287/1324 1496/513/1324 3338/628/1324 3248/286/1324
f 3248/286/1155 3338/628/1155 3339/302/1155 3249/520/1155
f 1280/200/1325 3335/200/1325 3337/200/1325 1281/200/1325
f 3335/200/1066 3334/199/1066 3336/199/1066 3337/200/1066
f 1279/193/1325 3333/200/1325 3335/200/1325 1280/200/1325
f 156/193/1327 3220/200/1327 3333/200/1327 1279/193/1327
f 3220/200/1069 3221/200/1069 3332/200/1069 3333/200/1069
f 1286/390/1328 3329/202/1328 3331/202/1328 1285/390/1328
f 3329/202/1071 3328/202/1071 3330/202/1071 3331/202/1071
f 1287/390/1328 3327/202/1328 3329/202/1328 1286/390/1328
f 682/390/1330 3303/202/1330 3327/202/1330 1287/390/1330
f 3303/202/1073 3302/202/1073 3326/202/1073 3327/202/1073
f 1145/45/1325 3323/45/1325 3325/46/1325 1144/46/1325
f 3323/45/1066 3322/45/1066 3324/45/1066 3325/46/1066
f 1146/46/1325 3321/46/1325 3323/45/1325 1145/45/1325
f 711/46/1327 3304/45/1327 3321/46/1327 1146/46/1327
f 3304/45/1069 3305/46/1069 3320/45/1069 3321/46/1069
f 1139/73/1328 3317/73/1328 3319/73/1328 1138/74/1328
f 3317/73/1071 3316/73/1071 3318/73/1071 3319/73/1071
f 1140/73/1328 3315/73/1328 3317/73/1328 1139/73/1328
f 25/74/1330 3226/73/1330 3315/73/1330 1140/73/1330
f 3226/73/1073 3227/73/1073 3314/73/1073 3315/73/1073
f 3700/403/1332 1021/46/1332 3312/45/1332 3868/403/1332
f 3868/403/1333 3312/45/1333 3313/46/1333 3870/403/1333
f 2430/315/1334 1005/193/1334 3306/200/1334 3350/315/1334
f 3350/315/1057 3306/200/1057 3307/200/1057 3351/315/1057
f 1138/74/1335 3319/73/1335 3308/73/1335 1019/74/1335
f 670/303/1337 3299/520/1337 3301/520/1337 669/303/1337
f 3299/520/92 3298/286/92 3300/286/92 3301/520/92
f 671/303/1337 3297/520/1337 3299/520/1337 670/303/1337
f 672/303/1338 3295/520/1338 3297/520/1338 671/303/1338
f 3295/520/1093 3294/286/1093 3296/286/1093 3297/520/1093
f 213/303/92 3235/520/92 3295/520/92 672/303/92
f 3235/520/92 3234/286/92 3294/286/92 3295/520/92
f 678/310/1339 3291/188/1339 3293/188/1339 677/310/1339
f 3291/188/98 3290/188/98 3292/188/98 3293/188/98
f 679/188/1339 3289/188/1339 3291/188/1339 678/310/1339
f 680/188/1341 3287/188/1341 3289/188/1341 679/188/1341
f 3287/188/1089 3286/188/1089 3288/188/1089 3289/188/1089
f 206/310/98 3232/188/98 3287/188/98 680/188/98
f 3232/188/98 3233/188/98 3286/188/98 3287/188/98
f 498/215/1339 3283/215/1339 3285/215/1339 497/215/1339
f 3283/215/98 3282/215/98 3284/215/98 3285/215/98
f 499/161/1339 3281/161/1339 3283/215/1339 498/215/1339
f 500/161/1341 3279/161/1341 3281/161/1341 499/161/1341
f 3279/161/1089 3278/215/1089 3280/215/1089 3281/161/1089
f 254/215/98 3236/161/98 3279/161/98 500/161/98
f 3236/161/98 3237/215/98 3278/215/98 3279/161/98
f 491/213/1337 3275/213/1337 3277/213/1337 492/213/1337
f 3275/213/92 3274/255/92 3276/255/92 3277/213/92
f 490/213/1337 3273/255/1337 3275/213/1337 491/213/1337
f 489/213/1338 3271/255/1338 3273/255/1338 490/213/1338
f 3271/255/1093 3270/221/1093 3272/221/1093 3273/255/1093
f 239/213/92 3239/213/92 3271/255/92 489/213/92
f 3239/213/92 3238/255/92 3270/221/92 3271/255/92
f 466/176/1339 3267/247/1339 3269/247/1339 465/176/1339
f 3267/247/98 3266/247/98 3268/247/98 3269/247/98
f 467/247/1339 3265/247/1339 3267/247/1339 466/176/1339
f 468/247/1341 3263/247/1341 3265/247/1341 467/247/1341
f 3263/247/1089 3262/247/1089 3264/247/1089 3265/247/1089
f 158/176/98 3222/247/98 3263/247/98 468/247/98
f 3222/247/98 3223/247/98 3262/247/98 3263/247/98
f 483/184/1337 3259/184/1337 3261/184/1337 484/184/1337
f 3259/184/92 3258/184/92 3260/184/92 3261/184/92
f 482/184/1337 3257/184/1337 3259/184/1337 483/184/1337
f 481/184/1338 3255/184/1338 3257/184/1338 482/184/1338
f 3255/184/1093 3254/184/1093 3256/184/1093 3257/184/1093
f 92/184/92 3225/184/92 3255/184/92 481/184/92
f 3225/184/92 3224/184/92 3254/184/92 3255/184/92
f 484/184/1343 3261/184/1343 3245/184/1343 268/184/1343
f 492/213/1344 3277/213/1344 3253/213/1344 323/213/1344
f 497/215/1346 3285/215/1346 3250/161/1346 338/215/1346
f 677/310/1347 3293/188/1347 3246/188/1347 311/310/1347
f 669/303/1349 3301/520/1349 3249/520/1349 297/303/1349
f 2136/214/1350 338/215/1350 3250/161/1350 3346/214/1350
f 3346/214/1060 3250/161/1060 3251/215/1060 3347/214/1060
f 1495/309/1351 311/310/1351 3246/188/1351 3340/276/1351
f 3340/276/1064 3246/188/1064 3247/188/1064 3341/276/1064
f 270/186/1352 281/176/1352 3242/247/1352 3240/186/1352
f 3240/186/1112 3242/247/1112 3243/247/1112 3241/186/1112
f 1712/210/13 270/209/13 3240/209/13 3342/227/13
f 465/176/1354 3269/247/1354 3242/247/1354 281/176/1354
f 1285/390/1356 3331/202/1356 3311/202/1356 1003/390/1356
f 1281/200/1357 3337/200/1357 3306/200/1357 1005/193/1357
f 1144/46/1359 3325/46/1359 3312/45/1359 1021/46/1359
f 2407/316/1360 2406/315/1360 3486/315/1360 3484/350/1360
f 984/202/1362 2407/316/1362 3484/350/1362 3408/202/1362
f 3408/202/1363 3484/350/1363 3485/350/1363 3409/202/1363
f 2279/212/1364 2278/214/1364 3482/214/1364 3480/212/1364
f 978/213/1366 2279/212/1366 3480/212/1366 3402/213/1366
f 3402/213/1367 3480/212/1367 3481/212/1367 3403/213/1367
f 974/185/1368 1783/208/1368 3478/208/1368 3398/185/1368
f 3398/185/1369 3478/208/1369 3479/208/1369 3399/185/1369
f 1638/302/1370 1637/276/1370 3476/411/1370 3474/629/1370
f 982/303/1372 1638/302/1372 3474/629/1372 3406/303/1372
f 3406/303/1373 3474/629/1373 3475/302/1373 3407/303/1373
f 1268/200/1374 3471/200/1374 3473/200/1374 1269/200/1374
f 3471/200/1375 3470/199/1375 3472/199/1375 3473/200/1375
f 1267/193/1374 3469/200/1374 3471/200/1374 1268/200/1374
f 880/193/1377 3372/200/1377 3469/200/1377 1267/193/1377
f 3372/200/1378 3373/200/1378 3468/200/1378 3469/200/1378
f 1277/202/1379 3465/202/1379 3467/202/1379 1276/202/1379
f 3465/202/1380 3464/202/1380 3466/202/1380 3467/202/1380
f 1278/202/1379 3463/202/1379 3465/202/1379 1277/202/1379
f 897/202/1381 3389/202/1381 3463/202/1381 1278/202/1381
f 3389/202/1382 3388/202/1382 3462/202/1382 3463/202/1382
f 1244/161/268 3459/161/268 3461/161/268 1245/161/268
f 3459/161/268 3458/161/268 3460/161/268 3461/161/268
f 1243/215/268 3457/161/268 3459/161/268 1244/161/268
f 888/215/268 3380/161/268 3457/161/268 1243/215/268
f 3380/161/268 3381/161/268 3456/161/268 3457/161/268
f 1253/221/1384 3453/221/1384 3455/213/1384 1252/255/1384
f 3453/221/1385 3452/255/1385 3454/213/1385 3455/213/1385
f 1254/221/1384 3451/221/1384 3453/221/1384 1253/221/1384
f 891/255/1387 3383/213/1387 3451/221/1387 1254/221/1387
f 3383/213/1388 3382/213/1388 3450/255/1388 3451/221/1388
f 1220/414/1389 3447/414/1389 3449/247/1389 1221/247/1389
f 3447/414/1390 3446/414/1390 3448/414/1390 3449/247/1390
f 1219/247/1389 3445/247/1389 3447/414/1389 1220/414/1389
f 884/247/1391 3376/414/1391 3445/247/1391 1219/247/1391
f 3376/414/1392 3377/247/1392 3444/414/1392 3445/247/1392
f 1226/238/1393 3441/185/1393 3443/185/1393 1225/238/1393
f 3441/185/1394 3440/185/1394 3442/185/1394 3443/185/1394
f 1227/238/1393 3439/185/1393 3441/185/1393 1226/238/1393
f 887/238/1395 3379/185/1395 3439/185/1395 1227/238/1395
f 3379/185/1396 3378/185/1396 3438/185/1396 3439/185/1396
f 1160/188/1397 3435/188/1397 3437/188/1397 1161/188/1397
f 3435/188/1398 3434/188/1398 3436/188/1398 3437/188/1398
f 1159/188/1397 3433/188/1397 3435/188/1397 1160/188/1397
f 892/188/1400 3384/188/1400 3433/188/1400 1159/188/1400
f 3384/188/1401 3385/188/1401 3432/188/1401 3433/188/1401
f 1169/303/1402 3429/303/1402 3431/303/1402 1168/383/1402
f 3429/303/1403 3428/303/1403 3430/303/1403 3431/303/1403
f 1170/303/1402 3427/303/1402 3429/303/1402 1169/303/1402
f 895/383/1404 3387/303/1404 3427/303/1404 1170/303/1404
f 3387/303/1405 3386/303/1405 3426/303/1405 3427/303/1405
f 1151/73/1406 3423/73/1406 3425/73/1406 1150/74/1406
f 3423/73/1407 3422/73/1407 3424/73/1407 3425/73/1407
f 1152/73/1406 3421/73/1406 3423/73/1406 1151/73/1406
f 883/74/1409 3375/73/1409 3421/73/1409 1152/73/1409
f 3375/73/1410 3374/73/1410 3420/73/1410 3421/73/1410
f 1154/45/1411 3417/45/1411 3419/46/1411 1155/46/1411
f 3417/45/1412 3416/45/1412 3418/45/1412 3419/46/1412
f 1153/46/1411 3415/46/1411 3417/45/1411 1154/45/1411
f 898/46/1414 3390/45/1414 3415/46/1414 1153/46/1414
f 3390/45/1415 3391/46/1415 3414/45/1415 3415/46/1415
f 1155/46/1416 3419/46/1416 3410/45/1416 986/46/1416
f 1276/202/1418 3467/202/1418 3409/202/1418 985/202/1418
f 1168/383/1419 3431/303/1419 3407/303/1419 983/383/1419
f 1161/188/1421 3437/188/1421 3404/188/1421 980/188/1421
f 1252/255/1423 3455/213/1423 3403/213/1423 979/255/1423
f 1245/161/268 3461/161/268 3400/161/268 976/215/268
f 1225/238/1426 3443/185/1426 3399/185/1426 975/238/1426
f 1221/247/1427 3449/247/1427 3396/414/1427 972/247/1427
f 1150/74/1429 3425/73/1429 3395/73/1429 971/74/1429
f 1269/200/1431 3473/200/1431 3392/200/1431 968/193/1431
f 2406/315/1432 968/193/1432 3392/200/1432 3486/315/1432
f 3486/315/1433 3392/200/1433 3393/200/1433 3487/315/1433
f 1783/208/1434 990/209/1434 3413/209/1434 3478/208/1434
f 990/186/1436 972/247/1436 3396/414/1436 3413/186/1436
f 3413/186/1437 3396/414/1437 3397/247/1437 3412/186/1437
f 2278/214/1438 976/215/1438 3400/161/1438 3482/214/1438
f 3482/214/1439 3400/161/1439 3401/161/1439 3483/214/1439
f 1637/276/1440 980/188/1440 3404/188/1440 3476/411/1440
f 3476/411/1441 3404/188/1441 3405/188/1441 3477/411/1441
f 3694/403/1442 986/46/1442 3410/45/1442 3872/403/1442
f 3872/403/1443 3410/45/1443 3411/46/1443 3874/403/1443
f 2405/564/1454 2404/391/1454 3622/406/1454 3620/534/1454
f 940/382/1456 2405/564/1456 3620/534/1456 3544/394/1456
f 3544/394/1457 3620/534/1457 3621/534/1457 3545/394/1457
f 2277/482/1458 2276/160/1458 3618/408/1458 3616/550/1458
f 927/221/1460 2277/482/1460 3616/550/1460 3538/364/1460
f 3538/364/1461 3616/550/1461 3617/482/1461 3539/221/1461
f 920/223/1462 1782/389/1462 3614/389/1462 3534/223/1462
f 3534/223/1463 3614/389/1463 3615/389/1463 3535/223/1463
f 1636/507/1464 1635/363/1464 3612/363/1464 3610/510/1464
f 935/384/1466 1636/507/1466 3610/510/1466 3542/397/1466
f 3542/397/1467 3610/510/1467 3611/510/1467 3543/397/1467
f 1265/200/1468 3607/200/1468 3609/200/1468 1264/193/1468
f 3607/200/1375 3606/199/1375 3608/200/1375 3609/200/1375
f 1266/200/1468 3605/200/1468 3607/200/1468 1265/200/1468
f 824/193/1470 3508/200/1470 3605/200/1470 1266/200/1470
f 3508/200/1378 3509/200/1378 3604/199/1378 3605/200/1378
f 1259/317/1471 3601/317/1471 3603/394/1471 1258/569/1471
f 3601/317/1380 3600/394/1380 3602/394/1380 3603/394/1380
f 1260/317/1471 3599/317/1471 3601/317/1471 1259/317/1471
f 820/569/1472 3525/394/1472 3599/317/1472 1260/317/1472
f 3525/394/1382 3524/394/1382 3598/394/1382 3599/317/1382
f 1232/161/1473 3595/161/1473 3597/161/1473 1233/161/1473
f 3595/161/268 3594/161/268 3596/161/268 3597/161/268
f 1231/161/1473 3593/161/1473 3595/161/1473 1232/161/1473
f 837/161/1475 3516/161/1475 3593/161/1475 1231/161/1475
f 3516/161/1476 3517/161/1476 3592/161/1476 3593/161/1476
f 1238/364/1477 3589/364/1477 3591/221/1477 1239/221/1477
f 3589/364/1385 3588/364/1385 3590/364/1385 3591/221/1385
f 1237/221/1477 3587/221/1477 3589/364/1477 1238/364/1477
f 833/221/1478 3519/221/1478 3587/221/1478 1237/221/1478
f 3519/221/1388 3518/364/1388 3586/364/1388 3587/221/1388
f 1202/379/1479 3583/379/1479 3585/379/1479 1203/379/1479
f 3583/379/1480 3582/412/1480 3584/412/1480 3585/379/1480
f 1201/379/1479 3581/379/1479 3583/379/1479 1202/379/1479
f 828/379/1481 3512/379/1481 3581/379/1481 1201/379/1481
f 3512/379/1392 3513/398/1392 3580/412/1392 3581/379/1392
f 1196/223/1482 3577/223/1482 3579/223/1482 1197/223/1482
f 3577/223/1394 3576/223/1394 3578/223/1394 3579/223/1394
f 1195/223/1483 3575/223/1483 3577/223/1483 1196/223/1483
f 822/223/1485 3515/223/1485 3575/223/1485 1195/223/1485
f 3515/223/1396 3514/223/1396 3574/223/1396 3575/223/1396
f 1184/188/1486 3571/188/1486 3573/188/1486 1185/188/1486
f 3571/188/1398 3570/188/1398 3572/188/1398 3573/188/1398
f 1183/188/1487 3569/188/1487 3571/188/1487 1184/188/1487
f 845/188/1488 3520/188/1488 3569/188/1488 1183/188/1488
f 3520/188/1401 3521/188/1401 3568/188/1401 3569/188/1401
f 1190/397/1489 3565/397/1489 3567/397/1489 1191/397/1489
f 3565/397/1403 3564/476/1403 3566/397/1403 3567/397/1403
f 1189/384/1490 3563/397/1490 3565/397/1490 1190/397/1490
f 841/384/1491 3523/397/1491 3563/397/1491 1189/384/1491
f 3523/397/1405 3522/397/1405 3562/397/1405 3563/397/1405
f 1178/73/1492 3559/73/1492 3561/73/1492 1179/73/1492
f 3559/73/1407 3558/73/1407 3560/73/1407 3561/73/1407
f 1177/74/1492 3557/73/1492 3559/73/1492 1178/73/1492
f 826/74/1493 3511/73/1493 3557/73/1493 1177/74/1493
f 3511/73/1494 3510/73/1494 3556/73/1494 3557/73/1494
f 1175/381/1495 3553/381/1495 3555/381/1495 1176/381/1495
f 3553/381/1412 3552/381/1412 3554/381/1412 3555/381/1412
f 1174/381/1495 3551/381/1495 3553/381/1495 1175/381/1495
f 854/381/1497 3526/381/1497 3551/381/1497 1174/381/1497
f 3526/381/1415 3527/381/1415 3550/381/1415 3551/381/1415
f 1191/397/1498 3567/397/1498 3543/397/1498 929/384/1498
f 1185/188/1499 3573/188/1499 3540/188/1499 933/188/1499
f 1239/221/1500 3591/221/1500 3539/221/1500 921/221/1500
f 1233/161/1502 3597/161/1502 3536/161/1502 925/161/1502
f 1197/223/1503 3579/223/1503 3535/223/1503 910/223/1503
f 1203/379/1505 3585/379/1505 3532/379/1505 916/379/1505
f 3692/380/1507 942/381/1507 3546/381/1507 3876/380/1507
f 3876/380/1508 3546/381/1508 3547/381/1508 3878/380/1508
f 1635/363/1509 933/188/1509 3540/188/1509 3612/363/1509
f 3612/363/1510 3540/188/1510 3541/188/1510 3613/363/1510
f 2276/160/1511 925/161/1511 3536/161/1511 3618/408/1511
f 3618/408/1512 3536/161/1512 3537/161/1512 3619/408/1512
f 989/186/1513 916/379/1513 3532/379/1513 3549/186/1513
f 3549/186/1514 3532/379/1514 3533/398/1514 3548/186/1514
f 1782/389/1515 989/209/1515 3549/209/1515 3614/389/1515
f 2404/391/1517 912/193/1517 3528/200/1517 3622/406/1517
f 3622/406/1518 3528/200/1518 3529/200/1518 3623/406/1518
f 1258/569/1519 3603/394/1519 3545/394/1519 908/569/1519
f 1176/381/1521 3555/381/1521 3546/381/1521 942/381/1521
f 1264/193/1522 3609/200/1522 3528/200/1522 912/193/1522
f 1179/73/1523 3561/73/1523 3531/73/1523 914/74/1523
f 3530/73/1535 3877/508/1535 3879/508/1535 3531/73/1535
f 913/73/1537 3693/508/1537 3877/508/1537 3530/73/1537
f 3693/508/1538 3692/380/1538 3876/380/1538 3877/508/1538
f 3394/73/1539 3873/416/1539 3875/416/1539 3395/73/1539
f 970/74/1541 3695/400/1541 3873/416/1541 3394/73/1541
f 3695/400/1542 3694/403/1542 3872/403/1542 3873/416/1542
f 3309/73/1086 3869/416/1086 3871/416/1086 3308/73/1086
f 1020/74/1544 3701/400/1544 3869/416/1544 3309/73/1544
f 3701/400/13 3700/403/13 3868/403/13 3869/416/13
f 3177/622/1545 3176/359/1545 3866/632/1545 3864/633/1545
f 995/74/1547 3177/622/1547 3864/633/1547 3702/400/1547
f 3702/400/11 3864/633/11 3865/626/11 3703/625/11
f 3047/572/1548 3046/472/1548 3862/631/1548 3860/630/1548
f 1108/87/1550 3047/572/1550 3860/630/1550 3776/471/1550
f 3776/471/11 3860/630/11 3861/608/11 3777/607/11
f 2913/583/1545 2912/452/1545 3858/620/1545 3856/619/1545
f 1011/91/1551 2913/583/1551 3856/619/1551 3706/456/1551
f 3706/456/11 3856/619/11 3857/586/11 3707/585/11
f 2784/362/1333 3853/442/1333 3855/442/1333 2785/362/1333
f 996/137/1553 3696/396/1553 3853/442/1553 2784/362/1553
f 3696/396/13 3697/239/13 3852/426/13 3853/442/13
f 2652/361/1333 3849/634/1333 3851/396/1333 2653/511/1333
f 1031/361/1555 3709/634/1555 3849/634/1555 2652/361/1555
f 3709/634/13 3708/357/13 3848/357/13 3849/634/13
f 1992/137/1556 3845/396/1556 3847/396/1556 1993/137/1556
f 960/137/1558 3689/396/1558 3845/396/1558 1992/137/1558
f 3689/396/1559 3688/392/1559 3844/239/1559 3845/396/1559
f 1864/366/1560 3841/635/1560 3843/636/1560 1865/530/1560
f 943/367/1562 3687/637/1562 3841/635/1562 1864/366/1562
f 3687/637/1563 3686/399/1563 3840/405/1563 3841/635/1563
f 1181/638/1564 3837/63/1564 3839/63/1564 1180/64/1564
f 1182/638/1565 3835/63/1565 3837/63/1565 1181/638/1565
f 3835/63/600 3834/62/600 3836/62/600 3837/63/600
f 853/64/429 3667/63/429 3835/63/429 1182/638/429
f 3667/63/429 3666/62/429 3834/62/429 3835/63/429
f 1172/73/1566 3831/508/1566 3833/508/1566 1171/73/1566
f 1173/73/1568 3829/508/1568 3831/508/1568 1172/73/1568
f 3829/508/596 3828/380/596 3830/380/596 3831/508/596
f 825/73/426 3677/508/426 3829/508/426 1173/73/426
f 3677/508/426 3676/380/426 3828/380/426 3829/508/426
f 1148/73/1569 3825/416/1569 3827/416/1569 1149/73/1569
f 1147/74/1570 3823/400/1570 3825/416/1570 1148/73/1570
f 3823/400/604 3822/403/604 3824/403/604 3825/416/604
f 882/74/412 3679/400/412 3823/400/412 1147/74/412
f 3679/400/423 3678/403/423 3822/403/423 3823/400/423
f 1157/45/1571 3819/403/1571 3821/403/1571 1158/46/1571
f 1156/46/1572 3817/403/1572 3819/403/1572 1157/45/1572
f 3817/403/608 3816/416/608 3818/416/608 3819/403/608
f 899/46/407 3674/403/407 3817/403/407 1156/46/407
f 3674/403/407 3675/400/407 3816/416/407 3817/403/407
f 1136/73/1573 3813/416/1573 3815/416/1573 1137/73/1573
f 1135/74/1575 3811/400/1575 3813/416/1575 1136/73/1575
f 3811/400/1576 3810/403/1576 3812/403/1576 3813/416/1576
f 160/74/368 3631/400/368 3811/400/368 1135/74/368
f 3631/400/368 3630/403/368 3810/403/368 3811/400/368
f 1142/45/1577 3807/403/1577 3809/403/1577 1143/46/1577
f 1141/46/1578 3805/403/1578 3807/403/1578 1142/45/1578
f 3805/403/1579 3804/416/1579 3806/416/1579 3807/403/1579
f 701/46/373 3635/403/373 3805/403/373 1141/46/373
f 3635/403/373 3634/416/373 3804/416/373 3805/403/373
f 1124/360/1573 3801/639/1573 3803/639/1573 1125/360/1573
f 1123/88/1575 3799/640/1575 3801/639/1575 1124/360/1575
f 3799/640/1576 3798/475/1576 3800/434/1576 3801/639/1576
f 147/88/368 3648/640/368 3799/640/368 1123/88/368
f 3648/640/368 3649/429/368 3798/475/368 3799/640/368
f 1133/190/1580 3795/625/1580 3797/625/1580 1132/190/1580
f 1134/190/1578 3793/625/1578 3795/625/1578 1133/190/1578
f 3793/625/1579 3792/400/1579 3794/400/1579 3795/625/1579
f 700/190/373 3633/625/373 3793/625/373 1134/190/373
f 3633/625/373 3632/400/373 3792/400/373 3793/625/373
f 1115/92/1581 3789/641/1581 3791/641/1581 1114/92/1581
f 1116/92/1583 3787/641/1583 3789/641/1583 1115/92/1583
f 3787/641/1584 3786/358/1584 3788/358/1584 3789/641/1584
f 137/92/395 3646/641/395 3787/641/395 1116/92/395
f 3646/641/395 3647/358/395 3786/358/395 3787/641/395
f 1118/473/1585 3783/607/1585 3785/607/1585 1119/129/1585
f 1117/129/1586 3781/607/1586 3783/607/1586 1118/473/1586
f 3781/607/1587 3780/471/1587 3782/471/1587 3783/607/1587
f 703/129/390 3639/607/390 3781/607/390 1117/129/390
f 3639/607/390 3638/471/390 3780/471/390 3781/607/390
f 1119/129/1588 3785/607/1588 3777/607/1588 1109/129/1588
f 3785/607/1589 3784/471/1589 3776/471/1589 3777/607/1589
f 3046/472/1590 1107/92/1590 3778/641/1590 3862/631/1590
f 3862/631/11 3778/641/11 3779/358/11 3863/467/11
f 1099/465/1591 3773/642/1591 3775/643/1591 1098/8/1591
f 1100/8/1575 3771/643/1575 3773/642/1575 1099/465/1575
f 3771/643/1576 3770/207/1576 3772/205/1576 3773/642/1576
f 126/8/368 3644/643/368 3771/643/368 1100/8/368
f 3644/643/368 3645/207/368 3770/207/368 3771/643/368
f 1105/464/1580 3767/644/1580 3769/585/1580 1106/121/1580
f 1104/121/1578 3765/585/1578 3767/644/1578 1105/464/1578
f 3765/585/1579 3764/456/1579 3766/456/1579 3767/644/1579
f 704/121/373 3641/585/373 3765/585/373 1104/121/373
f 3641/585/373 3640/456/373 3764/456/373 3765/585/373
f 1087/137/1577 3761/396/1577 3763/396/1577 1086/137/1577
f 1088/137/1578 3759/396/1578 3761/396/1578 1087/137/1578
f 3759/396/1579 3758/239/1579 3760/239/1579 3761/396/1579
f 697/137/373 3624/396/373 3759/396/373 1088/137/373
f 3624/396/373 3625/239/373 3758/239/373 3759/396/373
f 1093/427/1573 3755/426/1573 3757/426/1573 1092/154/1573
f 1094/427/1575 3753/426/1575 3755/426/1575 1093/427/1575
f 3753/426/1576 3752/442/1576 3754/442/1576 3755/426/1576
f 222/154/368 3650/426/368 3753/426/368 1094/427/368
f 3650/426/368 3651/442/368 3752/442/368 3753/426/368
f 1075/462/1577 3749/634/1577 3751/634/1577 1074/361/1577
f 1076/361/1578 3747/634/1578 3749/634/1578 1075/462/1578
f 3747/634/1579 3746/357/1579 3748/357/1579 3749/634/1579
f 706/361/373 3643/634/373 3747/634/373 1076/361/373
f 3643/634/373 3642/357/373 3746/357/373 3747/634/373
f 1078/182/1591 3743/239/1591 3745/239/1591 1079/182/1591
f 1077/7/1575 3741/239/1575 3743/239/1575 1078/182/1575
f 3741/239/1576 3740/396/1576 3742/396/1576 3743/239/1576
f 15/7/368 3627/239/368 3741/239/368 1077/7/368
f 3627/239/368 3626/396/368 3740/396/368 3741/239/368
f 1066/137/1596 3737/396/1596 3739/396/1596 1065/137/1596
f 1067/137/1598 3735/396/1598 3737/396/1598 1066/137/1598
f 3735/396/612 3734/392/612 3736/392/612 3737/396/612
f 872/137/613 3673/396/613 3735/396/613 1067/137/613
f 3673/396/343 3672/392/343 3734/392/343 3735/396/343
f 1060/182/1599 3731/239/1599 3733/239/1599 1061/182/1599
f 1059/7/1600 3729/239/1600 3731/239/1600 1060/182/1600
f 3729/239/617 3728/396/617 3730/396/617 3731/239/617
f 875/7/336 3668/239/336 3729/239/336 1059/7/336
f 3668/239/336 3669/396/336 3728/396/336 3729/239/336
f 1054/39/1601 3725/38/1601 3727/38/1601 1055/39/1601
f 1053/39/1602 3723/38/1602 3725/38/1602 1054/39/1602
f 3723/38/588 3722/37/588 3724/37/588 3725/38/588
f 818/39/349 3665/38/349 3723/38/349 1053/39/349
f 3665/38/349 3664/37/349 3722/37/349 3723/38/349
f 1048/366/1603 3719/635/1603 3721/635/1603 1049/366/1603
f 1047/367/1605 3717/637/1605 3719/635/1605 1048/366/1605
f 3717/637/592 3716/399/592 3718/405/592 3719/635/592
f 855/367/346 3671/637/346 3717/637/346 1047/367/346
f 3671/637/346 3670/399/346 3716/399/346 3717/637/346
f 1106/121/1606 3769/585/1606 3707/585/1606 1030/121/1606
f 3769/585/1607 3768/456/1607 3706/456/1607 3707/585/1607
f 1143/46/1606 3809/403/1606 3705/403/1606 1029/46/1606
f 3809/403/1607 3808/416/1607 3704/416/1607 3705/403/1607
f 1132/190/1606 3797/625/1606 3703/625/1606 1028/190/1606
f 3797/625/1607 3796/400/1607 3702/400/1607 3703/625/1607
f 1079/182/1608 3745/239/1608 3699/239/1608 999/7/1608
f 3745/239/1609 3744/396/1609 3698/396/1609 3699/239/1609
f 1092/154/1608 3757/426/1608 3714/426/1608 1000/154/1608
f 3757/426/1609 3756/442/1609 3715/442/1609 3714/426/1609
f 1125/360/1608 3803/639/1608 3712/640/1608 994/88/1608
f 3803/639/1609 3802/434/1609 3713/429/1609 3712/640/1609
f 1137/73/1608 3815/416/1608 3701/400/1608 1020/74/1608
f 3815/416/1609 3814/403/1609 3700/403/1609 3701/400/1609
f 3308/73/1610 3871/416/1610 3704/416/1610 1019/74/1610
f 3871/416/13 3870/403/13 3705/403/13 3704/416/13
f 2912/452/1611 1010/8/1611 3710/643/1611 3858/620/1611
f 3858/620/11 3710/643/11 3711/207/11 3859/431/11
f 3176/359/1612 994/88/1612 3712/640/1612 3866/632/1612
f 3866/632/11 3712/640/11 3713/429/11 3867/428/11
f 2785/362/1613 3855/442/1613 3715/442/1613 1034/362/1613
f 3855/442/13 3854/426/13 3714/426/13 3715/442/13
f 2653/511/1614 3851/396/1614 3698/396/1614 998/137/1614
f 3851/396/13 3850/239/13 3699/239/13 3698/396/13
f 1049/366/1615 3721/635/1615 3687/637/1615 943/367/1615
f 3721/635/619 3720/405/619 3686/399/619 3687/637/619
f 1055/39/1616 3727/38/1616 3681/38/1616 906/39/1616
f 3727/38/1617 3726/37/1617 3680/37/1617 3681/38/1617
f 1158/46/1618 3821/403/1618 3690/403/1618 987/46/1618
f 3821/403/623 3820/416/623 3691/400/623 3690/403/623
f 1061/182/1619 3733/239/1619 3684/239/1619 963/7/1619
f 3733/239/627 3732/396/627 3685/396/627 3684/239/627
f 1149/73/1620 3827/416/1620 3695/400/1620 970/74/1620
f 3827/416/629 3826/403/629 3694/403/629 3695/400/629
f 3395/73/1621 3875/416/1621 3691/400/1621 971/74/1621
f 3875/416/1622 3874/403/1622 3690/403/1622 3691/400/1622
f 1993/137/1623 3847/396/1623 3685/396/1623 961/137/1623
f 3847/396/1624 3846/239/1624 3684/239/1624 3685/396/1624
f 3531/73/1625 3879/508/1625 3682/508/1625 914/74/1625
f 3879/508/1626 3878/380/1626 3683/409/1626 3682/508/1626
f 1865/530/1627 3843/636/1627 3680/645/1627 905/511/1627
f 3843/636/1628 3842/405/1628 3681/239/1628 3680/645/1628
f 1171/73/1629 3833/508/1629 3693/508/1629 913/73/1629
f 3833/508/641 3832/380/641 3692/380/641 3693/508/641
f 1180/64/1630 3839/63/1630 3683/63/1630 941/64/1630
f 3839/63/625 3838/62/625 3682/62/625 3683/63/625
f 1065/137/1631 3739/396/1631 3689/396/1631 960/137/1631
f 3739/396/631 3738/392/631 3688/392/631 3689/396/631
f 1114/92/1636 3791/641/1636 3778/641/1636 1107/92/1636
f 3791/641/1637 3790/358/1637 3779/358/1637 3778/641/1637
f 1074/361/1606 3751/634/1606 3709/634/1606 1031/361/1606
f 3751/634/1607 3750/357/1607 3708/357/1607 3709/634/1607
f 1086/137/1606 3763/396/1606 3696/396/1606 996/137/1606
f 3763/396/1607 3762/239/1607 3697/239/1607 3696/396/1607
f 1098/8/1608 3775/643/1608 3710/643/1608 1010/8/1608
f 3775/643/1609 3774/205/1609 3711/207/1609 3710/643/1609
f 2531/410/2052 2530/445/2052 4544/445/2052 4545/410/2052
f 2532/402/2059 2533/404/2059 4547/404/2059 4546/402/2059
f 2533/404/2139 2531/410/2139 4545/410/2139 4547/404/2139
f 2530/445/2143 2532/402/2143 4546/402/2143 4544/445/2143
usemtl Material.024
f 2459/315/97 2458/316/97 4496/316/97 4497/315/97
f 3601/317/104 3599/317/104 5181/317/104 5183/317/104
f 2662/182/112 2663/182/112 4625/182/112 4624/182/112
f 1535/314/120 1537/314/120 4158/314/120 4156/314/120
f 2011/137/125 2010/137/125 4352/137/125 4353/137/125
f 2772/13/128 2718/13/128 4644/13/128 4686/13/128
f 2301/212/455 2300/214/455 4460/214/455 4461/212/455
f 1538/479/472 1536/480/472 4157/480/472 4159/479/472
f 3830/380/556 3832/380/556 5266/380/556 5264/380/556
f 2719/13/572 2773/13/572 4687/13/572 4645/13/572
f 3252/255/586 3253/213/586 4971/213/586 4970/255/586
f 2661/182/590 2660/182/590 4622/182/590 4623/182/590
f 2009/369/594 2008/369/594 4350/369/594 4351/369/594
f 3833/508/598 3831/508/598 5265/508/598 5267/508/598
f 2740/10/602 2717/10/602 4643/10/602 4662/10/602
f 2454/348/606 2455/350/606 4495/350/606 4494/348/606
f 2716/509/610 2741/10/610 4663/10/610 4642/509/610
f 3251/215/615 3250/161/615 4968/161/615 4969/215/615
f 2659/511/647 2658/361/647 4620/361/647 4621/511/647
f 2006/369/651 2007/369/651 4349/369/651 4348/369/651
f 2732/153/654 2714/153/654 4640/153/654 4656/153/654
f 2296/417/655 2297/214/655 4459/214/655 4458/417/655
f 3604/199/656 3606/199/656 5188/199/656 5186/199/656
f 2453/350/455 2452/348/455 4492/348/455 4493/350/455
f 2715/153/658 2733/153/658 4657/153/658 4641/153/658
f 3248/286/659 3249/520/659 4967/520/659 4966/286/659
f 3607/200/661 3605/200/661 5187/200/661 5189/200/661
f 2656/361/662 2657/511/662 4619/511/662 4618/361/662
f 2005/369/594 2004/369/594 4346/369/594 4347/369/594
f 2295/160/663 2294/482/663 4456/482/663 4457/160/663
f 3836/62/676 3838/62/676 5270/62/676 5268/62/676
f 3247/188/678 3246/188/678 4964/188/678 4965/188/678
f 2655/511/647 2654/361/647 4616/361/647 4617/511/647
f 1543/311/687 1545/311/687 4162/311/687 4160/311/687
f 2003/174/703 2002/299/703 4344/299/703 4345/174/703
f 3839/63/705 3837/63/705 5269/63/705 5271/63/705
f 1546/518/706 1544/518/706 4161/518/706 4163/518/706
f 2448/350/655 2449/525/655 4491/525/655 4490/350/655
f 3244/184/707 3245/184/707 4963/184/707 4962/184/707
f 2652/361/708 2653/511/708 4615/511/708 4614/361/708
f 3618/408/716 3619/408/716 4035/408/716 4034/408/716
f 2954/418/718 2955/528/718 3959/528/718 3958/418/718
f 2000/299/723 2001/174/723 4343/174/723 4342/299/723
f 2290/160/728 2291/482/728 4455/482/728 4454/160/728
f 2447/525/663 2446/350/663 4488/350/663 4489/525/663
f 3243/247/737 3242/247/737 4960/247/737 4961/247/737
f 1792/237/743 1230/209/743 4125/209/743 4127/237/743
f 2651/150/748 2650/150/748 4612/150/748 4613/150/748
f 1999/174/753 1998/174/753 4340/174/753 4341/174/753
f 1785/72/758 1786/72/758 4121/72/758 4120/72/758
f 2289/482/763 2288/160/763 4452/160/763 4453/482/763
f 1229/209/768 1791/237/768 4126/237/768 4124/209/768
f 2648/182/772 2649/182/772 4611/182/772 4610/182/772
f 1996/182/774 1997/7/774 4339/7/774 4338/182/774
f 1804/376/776 1419/76/776 4135/76/776 4139/376/776
f 1230/186/778 1229/186/778 4124/186/778 4125/186/778
f 2442/391/728 2443/531/728 4487/531/728 4486/391/728
f 1418/76/781 1803/499/781 4138/499/781 4134/76/781
f 1789/389/783 1788/389/783 4232/389/783 4233/389/783
f 2646/181/785 2647/181/785 4609/181/785 4608/181/785
f 1551/306/687 1553/306/687 4166/306/687 4164/306/687
f 1995/372/800 1994/372/800 4336/372/800 4337/372/800
f 3219/532/812 3217/533/812 3989/533/812 3991/532/812
f 2584/152/814 2585/152/814 3913/152/814 3912/152/814
f 2284/51/818 2285/52/818 4451/52/818 4450/51/818
f 1554/517/706 1552/517/706 4165/517/706 4167/517/706
f 2441/534/763 2440/485/763 4484/485/763 4485/534/763
f 1992/137/827 1993/137/827 4335/137/827 4334/137/827
f 2764/145/830 2721/145/830 4647/145/830 4680/145/830
f 1791/237/833 1792/237/833 4127/237/833 4126/237/833
f 2283/535/836 2282/481/836 4448/481/836 4449/535/836
f 2720/145/840 2765/145/840 4681/145/840 4646/145/840
f 1991/150/844 1990/150/844 4332/150/844 4333/150/844
f 2756/44/847 2722/44/847 4648/44/847 4674/44/847
f 2436/56/818 2437/57/818 4483/57/818 4482/56/818
f 2723/44/851 2757/44/851 4675/44/851 4649/44/851
f 1795/208/853 1794/208/853 4234/208/853 4235/208/853
f 2641/228/855 2640/228/855 4606/228/855 4607/228/855
f 1989/174/857 1988/174/857 4330/174/857 4331/174/857
f 2748/43/859 2725/43/859 4651/43/859 4668/43/859
f 2435/536/861 2434/484/861 4480/484/861 4481/536/861
f 2724/43/875 2749/43/875 4669/43/875 4650/43/875
f 1427/27/877 1428/27/877 4137/27/877 4136/27/877
f 2638/228/879 2639/228/879 4605/228/879 4604/228/879
f 2689/402/891 2688/402/891 3924/402/891 3925/402/891
f 3218/423/895 3219/532/895 3991/532/895 3990/423/895
f 1986/369/899 1987/369/899 4329/369/899 4328/369/899
f 1559/246/120 1561/246/120 4170/246/120 4168/246/120
f 1798/376/906 1797/376/906 4236/376/906 4237/376/906
f 1562/515/472 1560/515/472 4169/515/472 4171/515/472
f 2637/228/855 2636/228/855 4602/228/855 4603/228/855
f 1985/43/916 1984/43/916 4326/43/916 4327/43/916
f 3073/422/920 3072/439/920 4878/439/920 4879/422/920
f 1800/386/924 1801/386/924 4133/386/924 4132/386/924
f 1982/44/957 1983/44/957 4325/44/957 4324/44/957
f 2728/318/961 2730/153/961 4654/153/961 4652/318/961
f 3070/439/964 3071/422/964 4877/422/964 4876/439/964
f 2731/153/965 2729/153/965 4653/153/965 4655/153/965
f 2633/174/966 2632/299/966 4600/299/966 4601/174/966
f 1214/186/967 1215/186/967 4123/186/967 4122/186/967
f 1981/370/968 1980/370/968 4322/370/968 4323/370/968
f 1803/499/969 1804/376/969 4139/376/969 4138/499/969
f 3069/422/920 3068/439/920 4874/439/920 4875/422/920
f 2630/299/970 2631/174/970 4599/174/970 4598/299/970
f 1978/226/971 1979/256/971 4321/256/971 4320/226/971
f 1567/295/687 1569/295/687 4174/295/687 4172/295/687
f 3617/482/984 3616/550/984 4032/550/984 4033/482/984
f 2849/257/988 2848/551/988 3944/551/988 3945/257/988
f 1419/152/992 1418/152/992 4134/152/992 4135/152/992
f 3067/552/995 3066/441/995 4872/441/995 4873/552/995
f 1570/363/706 1568/363/706 4173/363/706 4175/363/706
f 1807/28/1000 1806/28/1000 4238/28/1000 4239/28/1000
f 2629/299/966 2628/299/966 4596/299/966 4597/299/966
f 1428/27/1005 1807/28/1005 4239/28/1005 4137/27/1005
f 3064/441/1008 3065/552/1008 4871/552/1008 4870/441/1008
f 1806/28/1009 1427/27/1009 4136/27/1009 4238/28/1009
f 2736/10/1010 2738/10/1010 4660/10/1010 4658/10/1010
f 3609/200/1011 3608/200/1011 5190/200/1011 5191/200/1011
f 3063/552/995 3062/441/995 4868/441/995 4869/552/995
f 2739/10/1012 2737/10/1012 4659/10/1012 4661/10/1012
f 2625/252/855 2624/252/855 4594/252/855 4595/252/855
f 1801/386/1013 1401/76/1013 4129/76/1013 4133/386/1013
f 3606/199/1014 3607/200/1014 5189/200/1014 5188/199/1014
f 3061/562/1015 3060/469/1015 4866/469/1015 4867/562/1015
f 1400/76/1017 1800/386/1017 4132/386/1017 4128/76/1017
f 2622/252/879 2623/252/879 4593/252/879 4592/252/879
f 1575/241/120 1577/241/120 4178/241/120 4176/241/120
f 3605/200/1011 3604/199/1011 5186/199/1011 5187/200/1011
f 2953/570/1055 2952/568/1055 3956/568/1055 3957/570/1055
f 3852/426/1058 3854/426/1058 4054/426/1058 4052/426/1058
f 3113/265/1061 3112/571/1061 3976/571/1061 3977/265/1061
f 2686/42/1062 2687/42/1062 3923/42/1062 3922/42/1062
f 3058/469/1067 3059/468/1067 4865/468/1067 4864/469/1067
f 1578/514/472 1576/514/472 4177/514/472 4179/514/472
f 3152/162/1074 3119/162/1074 4889/162/1074 4914/162/1074
f 2621/334/855 2620/252/855 4590/252/855 4591/334/855
f 1786/72/1076 1198/47/1076 4116/47/1076 4121/72/1076
f 3118/280/1078 3153/280/1078 4915/280/1078 4888/280/1078
f 3603/394/1080 3602/394/1080 5184/394/1080 5185/394/1080
f 1199/47/1082 1785/72/1082 4120/72/1082 4117/47/1082
f 3057/562/1015 3056/469/1015 4862/469/1015 4863/562/1015
f 1416/76/1091 1798/376/1091 4237/376/1091 4131/76/1091
f 3168/224/1094 3115/224/1094 4885/224/1094 4926/224/1094
f 2744/43/1010 2746/43/1010 4666/43/1010 4664/43/1010
f 1797/376/1095 1415/76/1095 4130/76/1095 4236/376/1095
f 3114/270/1096 3169/270/1096 4927/270/1096 4884/270/1096
f 3600/394/1098 3601/317/1098 5183/317/1098 5182/394/1098
f 3055/572/1100 3054/472/1100 4860/472/1100 4861/572/1100
f 2747/43/1012 2745/43/1012 4665/43/1012 4667/43/1012
f 2617/43/966 2616/43/966 4588/43/966 4589/43/966
f 1215/209/1104 1795/208/1104 4235/208/1104 4123/209/1104
f 3599/317/1080 3598/394/1080 5180/394/1080 5181/317/1080
f 3855/442/1114 3853/442/1114 4053/442/1114 4055/442/1114
f 3217/533/1116 3216/566/1116 3988/566/1116 3989/533/1116
f 3615/389/1118 3614/389/1118 4030/389/1118 4031/389/1118
f 3548/209/1119 3615/389/1119 4031/389/1119 4024/209/1119
f 3052/472/1123 3053/572/1123 4859/572/1123 4858/472/1123
f 1794/208/1127 1214/209/1127 4122/209/1127 4234/208/1127
f 2614/43/970 2615/43/970 4587/43/970 4586/43/970
f 1583/309/120 1585/309/120 4182/309/120 4180/309/120
f 3597/161/1131 3596/161/1131 5178/161/1131 5179/161/1131
f 3051/572/1100 3050/472/1100 4856/472/1100 4857/572/1100
f 1586/513/472 1584/512/472 4181/512/472 4183/513/472
f 2613/229/966 2612/43/966 4584/43/966 4585/229/966
f 3594/161/1138 3595/161/1138 5177/161/1138 5176/161/1138
f 3049/470/1141 3048/468/1141 4854/468/1141 4855/470/1141
f 2752/44/961 2754/44/961 4672/44/961 4670/44/961
f 1204/209/1143 1789/389/1143 4233/389/1143 4118/209/1143
f 3593/161/1131 3592/161/1131 5174/161/1131 5175/161/1131
f 3046/472/1144 3047/572/1144 4853/572/1144 4852/472/1144
f 2755/44/965 2753/44/965 4671/44/965 4673/44/965
f 1788/389/1148 1205/209/1148 4119/209/1148 4232/389/1148
f 1415/152/1150 1416/152/1150 4131/152/1150 4130/152/1150
f 2609/256/855 2608/225/855 4582/225/855 4583/256/855
f 3591/221/1158 3590/364/1158 5172/364/1158 5173/221/1158
f 3044/441/1160 3045/552/1160 4851/552/1160 4850/441/1160
f 2950/283/1161 2951/573/1161 3955/573/1161 3954/283/1161
f 3614/389/1164 3549/209/1164 4025/209/1164 4030/389/1164
f 2685/251/1169 2684/251/1169 3920/251/1169 3921/251/1169
f 2606/225/879 2607/256/879 4581/256/879 4580/225/879
f 1591/302/687 1593/302/687 4186/302/687 4184/302/687
f 3588/364/1181 3589/364/1181 5171/364/1181 5170/364/1181
f 3043/440/1182 3042/422/1182 4848/422/1182 4849/440/1182
f 1594/276/706 1592/276/706 4185/276/706 4187/276/706
f 3160/294/1185 3116/294/1185 4886/294/1185 4920/294/1185
f 2605/256/855 2604/226/855 4578/226/855 4579/256/855
f 1205/186/1188 1204/186/1188 4118/186/1188 4119/186/1188
f 3117/588/1194 3161/588/1194 4921/588/1194 4887/588/1194
f 3587/221/1158 3586/364/1158 5168/364/1158 5169/221/1158
f 3136/300/1200 3110/300/1200 4882/300/1200 4902/300/1200
f 2760/145/1010 2762/145/1010 4678/145/1010 4676/145/1010
f 3111/592/1201 3137/592/1201 4903/592/1201 4883/592/1201
f 3585/379/1202 3584/412/1202 5166/412/1202 5167/379/1202
f 2763/145/1012 2761/145/1012 4677/145/1012 4679/145/1012
f 3144/250/1205 3120/250/1205 4890/250/1205 4908/250/1205
f 2601/10/966 2600/10/966 4576/10/966 4577/10/966
f 3121/594/1208 3145/594/1208 4909/594/1208 4891/594/1208
f 3214/279/1213 3215/596/1213 3987/596/1213 3986/279/1213
f 3582/412/1217 3583/379/1217 5165/379/1217 5164/412/1217
f 3037/272/1219 3036/201/1219 4846/201/1219 4847/272/1219
f 3612/363/1220 3613/363/1220 4029/363/1220 4028/363/1220
f 2328/42/1222 2330/42/1222 3898/42/1222 3896/42/1222
f 2949/575/1225 2948/547/1225 3952/547/1225 3953/575/1225
f 3128/313/1229 3109/313/1229 4881/313/1229 4896/313/1229
f 2598/10/970 2599/10/970 4575/10/970 4574/10/970
f 1198/47/1236 1199/47/1236 4117/47/1236 4116/47/1236
f 3108/266/1241 3129/266/1241 4897/266/1241 4880/266/1241
f 3581/379/1202 3580/412/1202 5162/412/1202 5163/379/1202
f 3034/201/1246 3035/272/1246 4845/272/1246 4844/201/1246
f 2597/10/966 2596/10/966 4572/10/966 4573/10/966
f 2234/42/1251 2235/253/1251 4447/253/1251 4446/42/1251
f 3579/223/1254 3578/223/1254 5160/223/1254 5161/223/1254
f 3033/272/1219 3032/201/1219 4842/201/1219 4843/272/1219
f 2768/13/961 2770/13/961 4684/13/961 4682/13/961
f 1401/152/1258 1400/152/1258 4128/152/1258 4129/152/1258
f 2233/253/1259 2232/42/1259 4444/42/1259 4445/253/1259
f 3576/223/1260 3577/223/1260 5159/223/1260 5158/223/1260
f 2771/13/965 2769/13/965 4683/13/965 4685/13/965
f 3124/313/1263 3126/313/1263 4894/313/1263 4892/313/1263
f 2593/43/586 2592/43/586 4570/43/586 4571/43/586
f 3127/266/1266 3125/266/1266 4893/266/1266 4895/266/1266
f 3575/223/1254 3574/223/1254 5156/223/1254 5157/223/1254
f 3859/431/1270 3857/586/1270 4057/586/1270 4059/431/1270
f 3029/606/1273 3028/293/1273 4840/293/1273 4841/606/1273
f 2331/253/1274 2329/253/1274 3897/253/1274 3899/253/1274
f 2682/9/1276 2683/9/1276 3919/9/1276 3918/9/1276
f 3856/619/1279 3858/620/1279 4058/620/1279 4056/619/1279
f 2590/252/615 2591/252/615 4569/252/615 4568/252/615
f 3573/188/1284 3572/188/1284 5154/188/1284 5155/188/1284
f 3026/293/1286 3027/606/1286 4839/606/1286 4838/293/1286
f 2589/174/659 2588/299/659 4566/299/659 4567/174/659
f 2226/251/1288 2227/42/1288 4443/42/1288 4442/251/1288
f 3570/188/1290 3571/188/1290 5153/188/1290 5152/188/1290
f 3025/606/1273 3024/293/1273 4836/293/1273 4837/606/1273
f 2586/228/678 2587/228/678 4565/228/678 4564/228/678
f 2808/149/1296 2783/149/1296 4693/149/1296 4718/149/1296
f 2225/42/1299 2224/251/1299 4440/251/1299 4441/42/1299
f 3569/188/1284 3568/188/1284 5150/188/1284 5151/188/1284
f 2782/149/1301 2809/149/1301 4719/149/1301 4692/149/1301
f 3132/300/1302 3134/300/1302 4900/300/1302 4898/300/1302
f 2796/362/1303 2784/362/1303 4694/362/1303 4706/362/1303
f 3135/592/1305 3133/592/1305 4899/592/1305 4901/592/1305
f 3567/397/1307 3566/397/1307 5148/397/1307 5149/397/1307
f 3021/282/1219 3020/254/1219 4834/254/1219 4835/282/1219
f 2785/362/1310 2797/443/1310 4707/443/1310 4695/362/1310
f 3213/615/1313 3212/549/1313 3984/549/1313 3985/615/1313
f 2583/10/707 2582/509/707 4562/509/707 4563/10/707
f 2790/427/1317 2778/427/1317 4688/427/1317 4700/427/1317
f 3611/510/1318 3610/510/1318 4026/510/1318 4027/510/1318
f 2947/578/1320 2946/259/1320 3950/259/1320 3951/578/1320
f 3211/616/1323 3210/267/1323 3982/267/1323 3983/616/1323
f 476/209/1326 1761/210/1326 4231/210/1326 4111/209/1326
f 3564/476/1329 3565/397/1329 5147/397/1329 5146/476/1329
f 3018/254/1246 3019/282/1246 4833/282/1246 4832/254/1246
f 2779/154/1331 2791/154/1331 4701/154/1331 4689/154/1331
f 1760/210/1336 475/209/1336 4110/209/1336 4230/210/1336
f 2580/226/737 2581/256/737 4561/256/737 4560/226/737
f 2802/372/1340 2780/372/1340 4690/372/1340 4712/372/1340
f 2218/42/1251 2219/253/1251 4439/253/1251 4438/42/1251
f 3563/397/1307 3562/397/1307 5144/397/1307 5145/397/1307
f 3017/282/1219 3016/254/1219 4830/254/1219 4831/282/1219
f 2781/372/1342 2803/372/1342 4713/372/1342 4691/372/1342
f 2217/253/1259 2216/42/1259 4436/42/1259 4437/253/1259
f 3561/73/1345 3560/73/1345 5142/73/1345 5143/73/1345
f 3140/250/1302 3142/250/1302 4906/250/1302 4904/250/1302
f 2786/427/1348 2788/427/1348 4698/427/1348 4696/427/1348
f 3143/594/1305 3141/594/1305 4905/594/1305 4907/594/1305
f 2680/173/1353 2681/173/1353 3917/173/1353 3916/173/1353
f 3558/73/1355 3559/73/1355 5141/73/1355 5140/73/1355
f 3013/601/1273 3012/249/1273 4828/249/1273 4829/601/1273
f 2789/154/1358 2787/154/1358 4697/154/1358 4699/154/1358
f 441/83/1326 1753/84/1326 4229/84/1326 4104/83/1326
f 2332/42/1361 2334/42/1361 3902/42/1361 3900/42/1361
f 2944/273/1365 2945/580/1365 3949/580/1365 3948/273/1365
f 3863/467/1371 3861/608/1371 4061/608/1371 4063/467/1371
f 3557/73/1376 3556/73/1376 5138/73/1376 5139/73/1376
f 3010/249/1286 3011/610/1286 4827/610/1286 4826/249/1286
f 3457/161/1383 3456/161/1383 5274/161/1383 5275/161/1383
f 3838/62/1386 3839/63/1386 5271/63/1386 5270/62/1386
f 1752/84/1336 442/83/1336 4105/83/1336 4228/84/1336
f 2210/253/1288 2211/42/1288 4435/42/1288 4434/253/1288
f 3555/381/1399 3554/381/1399 5136/381/1399 5137/381/1399
f 3009/601/1273 3008/249/1273 4824/249/1273 4825/601/1273
f 3837/63/1408 3836/62/1408 5268/62/1408 5269/63/1408
f 1880/366/1413 1864/366/1413 4254/366/1413 4270/366/1413
f 2792/362/1417 2794/362/1417 4704/362/1417 4702/362/1417
f 2209/42/1299 2208/253/1299 4432/253/1299 4433/42/1299
f 3552/381/1420 3553/381/1420 5135/381/1420 5134/381/1420
f 1865/530/1422 1881/530/1422 4271/530/1422 4255/530/1422
f 2795/443/1424 2793/362/1424 4703/362/1424 4705/443/1424
f 3458/161/1425 3459/161/1425 5277/161/1425 5276/161/1425
f 3148/162/1263 3150/162/1263 4912/162/1263 4910/162/1263
f 1892/149/1428 1863/149/1428 4253/149/1428 4282/149/1428
f 3151/280/1430 3149/280/1430 4911/280/1430 4913/280/1430
f 3551/381/1399 3550/381/1399 5132/381/1399 5133/381/1399
f 2335/253/1435 2333/253/1435 3901/253/1435 3903/253/1435
f 3860/630/1455 3862/631/1455 4062/631/1455 4060/630/1455
f 3208/269/1459 3209/618/1459 3981/618/1459 3980/269/1459
f 2679/301/1465 2678/458/1465 3914/458/1465 3915/301/1465
f 1862/149/1469 1893/149/1469 4283/149/1469 4252/149/1469
f 3005/602/1273 3004/297/1273 4822/297/1273 4823/602/1273
f 3832/380/1474 3833/508/1474 5267/508/1474 5266/380/1474
f 421/170/1326 1745/171/1326 4227/171/1326 4098/170/1326
f 3002/297/1286 3003/602/1286 4821/602/1286 4820/297/1286
f 3831/508/1484 3830/380/1484 5264/380/1484 5265/508/1484
f 1744/171/1336 422/170/1336 4099/170/1336 4226/171/1336
f 2798/372/1417 2800/495/1417 4710/495/1417 4708/372/1417
f 2202/203/1288 2203/540/1288 4431/540/1288 4430/203/1288
f 3547/381/1496 3546/381/1496 5130/381/1496 5131/381/1496
f 3001/602/1273 3000/297/1273 4818/297/1273 4819/602/1273
f 2801/372/1424 2799/372/1424 4709/372/1424 4711/372/1424
f 1641/458/1501 1643/301/1501 4190/301/1501 4188/458/1501
f 2201/540/1299 2200/203/1299 4428/203/1299 4429/540/1299
f 3544/394/1504 3545/394/1504 5129/394/1504 5128/394/1504
f 1644/277/1506 1642/173/1506 4189/173/1506 4191/277/1506
f 2334/42/1516 2335/253/1516 3903/253/1516 3902/42/1516
f 3826/403/1520 3827/416/1520 5263/416/1520 5262/403/1520
f 3156/294/1302 3158/294/1302 4918/294/1302 4916/294/1302
f 3159/588/1305 3157/588/1305 4917/588/1305 4919/588/1305
f 3542/397/1524 3543/397/1524 5127/397/1524 5126/397/1524
f 2943/579/1536 2942/522/1536 3946/522/1536 3947/579/1536
f 1849/152/1540 1848/152/1540 3880/152/1540 3881/152/1540
f 3207/617/1543 3206/524/1543 3978/524/1543 3979/617/1543
f 2333/253/1546 2332/42/1546 3900/42/1546 3901/253/1546
f 3867/428/1549 3865/626/1549 4065/626/1549 4067/428/1549
f 3864/633/1455 3866/632/1455 4066/632/1455 4064/633/1455
f 2330/42/1552 2331/253/1552 3899/253/1552 3898/42/1552
f 2329/253/1554 2328/42/1554 3896/42/1554 3897/253/1554
f 3868/403/1557 3870/403/1557 4070/403/1557 4068/403/1557
f 3871/416/1561 3869/416/1561 4069/416/1561 4071/416/1561
f 2997/611/1219 2996/312/1219 4816/312/1219 4817/611/1219
f 3825/416/1567 3824/403/1567 5260/403/1567 5261/416/1567
f 401/77/1326 1737/78/1326 4225/78/1326 4092/77/1326
f 2804/149/1348 2806/149/1348 4716/149/1348 4714/149/1348
f 3541/188/1574 3540/188/1574 5124/188/1574 5125/188/1574
f 2994/312/1246 2995/611/1246 4815/611/1246 4814/312/1246
f 1736/78/1336 402/77/1336 4093/77/1336 4224/78/1336
f 2807/149/1358 2805/149/1358 4715/149/1358 4717/149/1358
f 1647/173/1582 1649/173/1582 4194/173/1582 4192/173/1582
f 2194/236/1251 2195/543/1251 4427/543/1251 4426/236/1251
f 3538/364/1592 3539/221/1592 5123/221/1592 5122/364/1592
f 1650/458/1593 1648/458/1593 4193/458/1593 4195/458/1593
f 2993/611/1219 2992/312/1219 4812/312/1219 4813/611/1219
f 3820/416/1594 3821/403/1594 5259/403/1594 5258/416/1594
f 2193/542/1259 2192/236/1259 4424/236/1259 4425/542/1259
f 3537/161/1595 3536/161/1595 5120/161/1595 5121/161/1595
f 3819/403/1597 3818/416/1597 5256/416/1597 5257/403/1597
f 3164/224/1263 3166/224/1263 4924/224/1263 4922/224/1263
f 3167/270/1430 3165/270/1430 4923/270/1430 4925/270/1430
f 3534/223/1604 3535/223/1604 5119/223/1604 5118/223/1604
f 3880/76/1638 3886/527/1638 3887/407/1638 3881/76/1638
f 3882/458/1639 3884/173/1639 3885/173/1639 3883/458/1639
f 3888/76/1640 3894/375/1640 3895/375/1640 3889/76/1640
f 3890/458/1641 3892/173/1641 3893/173/1641 3891/301/1641
f 3901/253/1642 3900/42/1642 3902/42/1642 3903/253/1642
f 3897/253/1643 3896/42/1643 3898/42/1643 3899/253/1643
f 3909/402/1644 3908/410/1644 3910/410/1644 3911/402/1644
f 3905/445/1645 3904/351/1645 3906/351/1645 3907/445/1645
f 3924/402/1646 3926/404/1646 3927/404/1646 3925/402/1646
f 3920/251/1646 3922/42/1646 3923/42/1646 3921/251/1646
f 3913/76/1647 3918/9/1647 3919/9/1647 3912/76/1647
f 3914/458/1647 3916/173/1647 3917/173/1647 3915/301/1647
f 3940/402/1648 3942/351/1648 3943/351/1648 3941/402/1648
f 3936/253/1649 3938/42/1649 3939/42/1649 3937/253/1649
f 3929/76/1650 3934/9/1650 3935/9/1650 3928/76/1650
f 3930/289/1647 3932/278/1647 3933/278/1647 3931/289/1647
f 3957/570/1651 3956/568/1651 3958/418/1651 3959/528/1651
f 3953/575/1652 3952/547/1652 3954/283/1652 3955/573/1652
f 3947/579/1653 3946/522/1653 3948/273/1653 3949/580/1653
f 3951/578/1653 3950/259/1653 3945/260/1653 3944/595/1653
f 3973/597/1654 3972/567/1654 3974/421/1654 3975/598/1654
f 3969/599/1652 3968/548/1652 3970/281/1652 3971/600/1652
f 3963/604/1653 3962/523/1653 3964/271/1653 3965/605/1653
f 3967/603/1653 3966/263/1653 3961/264/1653 3960/612/1653
f 3989/533/1651 3988/566/1651 3990/423/1651 3991/532/1651
f 3985/615/1654 3984/549/1654 3986/279/1654 3987/596/1654
f 3979/617/1653 3978/524/1653 3980/269/1653 3981/618/1653
f 3983/616/1655 3982/267/1655 3977/268/1655 3976/627/1655
f 4004/350/1656 4006/315/1656 4007/315/1656 4005/316/1656
f 4000/212/1648 4002/214/1648 4003/214/1648 4001/212/1648
f 3994/628/1657 3996/276/1657 3997/276/1657 3995/302/1657
f 3998/227/1658 3992/209/1658 3993/209/1658 3999/227/1658
f 4020/350/1659 4022/315/1659 4023/315/1659 4021/350/1659
f 4016/212/1660 4018/214/1660 4019/214/1660 4017/212/1660
f 4010/629/1661 4012/411/1661 4013/411/1661 4011/302/1661
f 4014/208/1662 4009/209/1662 4008/209/1662 4015/208/1662
f 4036/534/1663 4038/406/1663 4039/406/1663 4037/534/1663
f 4032/550/1664 4034/408/1664 4035/408/1664 4033/482/1664
f 4026/510/1665 4028/363/1665 4029/363/1665 4027/510/1665
f 4030/389/1666 4025/209/1666 4024/209/1666 4031/389/1666
f 4077/508/1667 4076/380/1667 4078/380/1667 4079/508/1667
f 4073/416/1668 4072/403/1668 4074/403/1668 4075/416/1668
f 4069/416/1669 4068/403/1669 4070/403/1669 4071/416/1669
f 4064/633/1670 4066/632/1670 4067/428/1670 4065/626/1670
f 4060/630/1671 4062/631/1671 4063/467/1671 4061/608/1671
f 4056/619/1671 4058/620/1671 4059/431/1671 4057/586/1671
f 4053/442/1669 4052/426/1669 4054/426/1669 4055/442/1669
f 4049/634/1647 4048/357/1647 4050/239/1647 4051/396/1647
f 4045/396/1672 4044/239/1672 4046/239/1672 4047/396/1672
f 4041/635/1673 4040/405/1673 4042/405/1673 4043/636/1673
f 3851/396/1114 3849/634/1114 4049/634/1114 4051/396/1114
f 3216/566/1674 3218/423/1674 3990/423/1674 3988/566/1674
f 2955/528/1675 2953/570/1675 3957/570/1675 3959/528/1675
f 2690/404/1676 2691/404/1676 3927/404/1676 3926/404/1676
f 3848/357/1058 3850/239/1058 4050/239/1058 4048/357/1058
f 2952/568/1677 2954/418/1677 3958/418/1677 3956/568/1677
f 2688/402/1678 2690/404/1678 3926/404/1678 3924/402/1678
f 3621/534/1679 3620/534/1679 4036/534/1679 4037/534/1679
f 2691/404/1680 2689/402/1680 3925/402/1680 3927/404/1680
f 3215/596/1681 3213/615/1681 3985/615/1681 3987/596/1681
f 3622/406/1682 3623/406/1682 4039/406/1682 4038/406/1682
f 3847/396/1683 3845/396/1683 4045/396/1683 4047/396/1683
f 3212/549/1684 3214/279/1684 3986/279/1684 3984/549/1684
f 2951/573/1685 2949/575/1685 3953/575/1685 3955/573/1685
f 3112/627/1686 3211/616/1686 3983/616/1686 3976/627/1686
f 3620/534/1687 3622/406/1687 4038/406/1687 4036/534/1687
f 3844/239/1688 3846/239/1688 4046/239/1688 4044/239/1688
f 2948/547/1689 2950/283/1689 3954/283/1689 3952/547/1689
f 2684/251/1690 2686/42/1690 3922/42/1690 3920/251/1690
f 3210/267/1691 3113/268/1691 3977/268/1691 3982/267/1691
f 2848/595/1692 2947/578/1692 3951/578/1692 3944/595/1692
f 3623/406/1693 3621/534/1693 4037/534/1693 4039/406/1693
f 2687/42/1694 2685/251/1694 3921/251/1694 3923/42/1694
f 2946/259/1695 2849/260/1695 3945/260/1695 3950/259/1695
f 3843/636/1696 3841/635/1696 4041/635/1696 4043/636/1696
f 2059/301/1697 2058/458/1697 3890/458/1697 3891/301/1697
f 3616/550/1698 3618/408/1698 4034/408/1698 4032/550/1698
f 3840/405/1699 3842/405/1699 4042/405/1699 4040/405/1699
f 3209/618/1700 3207/617/1700 3979/617/1700 3981/618/1700
f 2585/76/1701 2682/9/1701 3918/9/1701 3913/76/1701
f 3619/408/1702 3617/482/1702 4033/482/1702 4035/408/1702
f 3206/524/1703 3208/269/1703 3980/269/1703 3978/524/1703
f 2060/173/1704 2061/173/1704 3893/173/1704 3892/173/1704
f 2945/580/1705 2943/579/1705 3947/579/1705 3949/580/1705
f 2683/9/1706 2584/76/1706 3912/76/1706 3919/9/1706
f 2942/522/1707 2944/273/1707 3948/273/1707 3946/522/1707
f 2678/458/1708 2680/173/1708 3916/173/1708 3914/458/1708
f 2062/375/1709 2063/375/1709 3895/375/1709 3894/375/1709
f 2681/173/1710 2679/301/1710 3915/301/1710 3917/173/1710
f 1976/76/1711 2062/375/1711 3894/375/1711 3888/76/1711
f 2063/375/1712 1977/76/1712 3889/76/1712 3895/375/1712
f 3610/510/1713 3612/363/1713 4028/363/1713 4026/510/1713
f 2058/458/1711 2060/173/1711 3892/173/1711 3890/458/1711
f 3613/363/1714 3611/510/1714 4027/510/1714 4029/363/1714
f 2061/173/1715 2059/301/1715 3891/301/1715 3893/173/1715
f 1977/152/1716 1976/152/1716 3888/152/1716 3889/152/1716
f 3549/186/1717 3548/186/1717 4024/186/1717 4025/186/1717
f 3475/302/1718 3474/629/1718 4010/629/1718 4011/302/1718
f 3841/635/1719 3840/405/1719 4040/405/1719 4041/635/1719
f 3339/302/1720 3338/628/1720 3994/628/1720 3995/302/1720
f 3476/411/1721 3477/411/1721 4013/411/1721 4012/411/1721
f 3075/604/1722 3074/523/1722 3962/523/1722 3963/604/1722
f 3842/405/1723 3843/636/1723 4043/636/1723 4042/405/1723
f 2811/289/1465 2810/289/1465 3930/289/1465 3931/289/1465
f 3340/276/1724 3341/276/1724 3997/276/1724 3996/276/1724
f 3479/208/1725 3478/208/1725 4014/208/1725 4015/208/1725
f 3076/271/1726 3077/605/1726 3965/605/1726 3964/271/1726
f 3845/396/1727 3844/239/1727 4044/239/1727 4045/396/1727
f 3478/208/1728 3413/209/1728 4009/209/1728 4014/208/1728
f 3343/227/1729 3342/227/1729 3998/227/1729 3999/227/1729
f 2812/278/1353 2813/278/1353 3933/278/1353 3932/278/1353
f 3412/209/1730 3479/208/1730 4015/208/1730 4008/209/1730
f 2553/445/1731 2552/351/1731 3904/351/1731 3905/445/1731
f 3481/212/1732 3480/212/1732 4016/212/1732 4017/212/1732
f 3079/603/1733 3078/263/1733 3966/263/1733 3967/603/1733
f 3846/239/1734 3847/396/1734 4047/396/1734 4046/239/1734
f 3345/212/1735 3344/212/1735 4000/212/1735 4001/212/1735
f 2814/9/1276 2815/9/1276 3935/9/1276 3934/9/1276
f 3240/186/1736 3241/186/1736 3993/186/1736 3992/186/1736
f 2554/351/1737 2555/445/1737 3907/445/1737 3906/351/1737
f 3482/214/1738 3483/214/1738 4019/214/1738 4018/214/1738
f 3081/599/1739 3080/548/1739 3968/548/1739 3969/599/1739
f 3849/634/1740 3848/357/1740 4048/357/1740 4049/634/1740
f 3346/214/1741 3347/214/1741 4003/214/1741 4002/214/1741
f 2817/253/1169 2816/253/1169 3936/253/1169 3937/253/1169
f 2712/152/814 2713/152/814 3929/152/814 3928/152/814
f 2557/402/1742 2556/410/1742 3908/410/1742 3909/402/1742
f 3485/350/1743 3484/350/1743 4020/350/1743 4021/350/1743
f 3082/281/1161 3083/600/1161 3971/600/1161 3970/281/1161
f 3850/239/1744 3851/396/1744 4051/396/1744 4050/239/1744
f 3349/316/1745 3348/350/1745 4004/350/1745 4005/316/1745
f 2818/42/1062 2819/42/1062 3939/42/1062 3938/42/1062
f 2558/410/1746 2559/402/1746 3911/402/1746 3910/410/1746
f 3486/315/1747 3487/315/1747 4023/315/1747 4022/315/1747
f 3085/597/1748 3084/567/1748 3972/567/1748 3973/597/1748
f 2981/261/1749 2980/613/1749 3960/613/1749 3961/261/1749
f 3853/442/1750 3852/426/1750 4052/426/1750 4053/442/1750
f 2559/402/1751 2557/402/1751 3909/402/1751 3911/402/1751
f 3484/350/1752 3486/315/1752 4022/315/1752 4020/350/1752
f 3350/315/1753 3351/315/1753 4007/315/1753 4006/315/1753
f 2821/402/891 2820/402/891 3940/402/891 3941/402/891
f 2556/410/1754 2558/410/1754 3910/410/1754 3908/410/1754
f 3487/315/1755 3485/350/1755 4021/350/1755 4023/315/1755
f 3348/350/1756 3350/315/1756 4006/315/1756 4004/350/1756
f 3086/421/895 3087/598/895 3975/598/895 3974/421/895
f 3854/426/1757 3855/442/1757 4055/442/1757 4054/426/1757
f 3351/315/1758 3349/316/1758 4005/316/1758 4007/315/1758
f 3087/598/1759 3085/597/1759 3973/597/1759 3975/598/1759
f 2822/351/1676 2823/351/1676 3943/351/1676 3942/351/1676
f 3084/567/1760 3086/421/1760 3974/421/1760 3972/567/1760
f 2820/402/1761 2822/351/1761 3942/351/1761 3940/402/1761
f 3857/586/1762 3856/619/1762 4056/619/1762 4057/586/1762
f 2555/445/1763 2553/445/1763 3905/445/1763 3907/445/1763
f 3480/212/1764 3482/214/1764 4018/214/1764 4016/212/1764
f 2823/351/1765 2821/402/1765 3941/402/1765 3943/351/1765
f 2552/351/1766 2554/351/1766 3906/351/1766 3904/351/1766
f 3342/227/1767 3240/209/1767 3992/209/1767 3998/227/1767
f 3483/214/1768 3481/212/1768 4017/212/1768 4019/214/1768
f 3344/212/1769 3346/214/1769 4002/214/1769 4000/212/1769
f 3858/620/1770 3859/431/1770 4059/431/1770 4058/620/1770
f 3241/209/1771 3343/227/1771 3999/227/1771 3993/209/1771
f 3347/214/1772 3345/212/1772 4001/212/1772 4003/214/1772
f 3083/600/1773 3081/599/1773 3969/599/1773 3971/600/1773
f 3080/548/1774 3082/281/1774 3970/281/1774 3968/548/1774
f 2816/253/1775 2818/42/1775 3938/42/1775 3936/253/1775
f 3861/608/1776 3860/630/1776 4060/630/1776 4061/608/1776
f 2819/42/1777 2817/253/1777 3937/253/1777 3939/42/1777
f 3862/631/1778 3863/467/1778 4063/467/1778 4062/631/1778
f 2980/612/1779 3079/603/1779 3967/603/1779 3960/612/1779
f 3474/629/1780 3476/411/1780 4012/411/1780 4010/629/1780
f 3078/263/1781 2981/264/1781 3961/264/1781 3966/263/1781
f 3477/411/1782 3475/302/1782 4011/302/1782 4013/411/1782
f 3338/628/1783 3340/276/1783 3996/276/1783 3994/628/1783
f 2713/76/1784 2814/9/1784 3934/9/1784 3929/76/1784
f 3865/626/1785 3864/633/1785 4064/633/1785 4065/626/1785
f 3341/276/1786 3339/302/1786 3995/302/1786 3997/276/1786
f 3077/605/1787 3075/604/1787 3963/604/1787 3965/605/1787
f 2815/9/1788 2712/76/1788 3928/76/1788 3935/9/1788
f 3074/523/1789 3076/271/1789 3964/271/1789 3962/523/1789
f 2810/289/1790 2812/278/1790 3932/278/1790 3930/289/1790
f 3866/632/1791 3867/428/1791 4067/428/1791 4066/632/1791
f 2813/278/1792 2811/289/1792 3931/289/1792 3933/278/1792
f 3869/416/1793 3868/403/1793 4068/403/1793 4069/416/1793
f 3870/403/1794 3871/416/1794 4071/416/1794 4070/403/1794
f 1931/458/1795 1930/458/1795 3882/458/1795 3883/458/1795
f 3873/416/1796 3872/403/1796 4072/403/1796 4073/416/1796
f 1932/173/1797 1933/173/1797 3885/173/1797 3884/173/1797
f 3874/403/1798 3875/416/1798 4075/416/1798 4074/403/1798
f 1934/527/1799 1935/407/1799 3887/407/1799 3886/527/1799
f 3877/508/1800 3876/380/1800 4076/380/1800 4077/508/1800
f 1848/76/1801 1934/527/1801 3886/527/1801 3880/76/1801
f 1935/407/1802 1849/76/1802 3881/76/1802 3887/407/1802
f 3878/380/1803 3879/508/1803 4079/508/1803 4078/380/1803
f 1930/458/1804 1932/173/1804 3884/173/1804 3882/458/1804
f 3879/508/1805 3877/508/1805 4077/508/1805 4079/508/1805
f 1933/173/1806 1931/458/1806 3883/458/1806 3885/173/1806
f 3876/380/1807 3878/380/1807 4078/380/1807 4076/380/1807
f 3413/186/1808 3412/186/1808 4008/186/1808 4009/186/1808
f 3875/416/1809 3873/416/1809 4073/416/1809 4075/416/1809
f 3872/403/1810 3874/403/1810 4074/403/1810 4072/403/1810
f 4220/290/1811 4082/76/1811 4083/76/1811 4221/290/1811
f 4222/9/95 4088/76/95 4089/76/95 4223/9/95
f 4224/78/95 4093/77/95 4092/77/95 4225/78/95
f 4226/171/95 4099/170/95 4098/170/95 4227/171/95
f 4228/84/95 4105/83/95 4104/83/95 4229/84/95
f 4230/210/1812 4110/209/1812 4111/209/1812 4231/210/1812
f 4232/389/426 4119/209/426 4118/209/426 4233/389/426
f 4234/208/412 4122/209/412 4123/209/412 4235/208/412
f 4236/376/336 4130/76/336 4131/76/336 4237/376/336
f 4238/28/1813 4136/27/1813 4137/27/1813 4239/28/1813
f 4217/505/1814 4216/503/1814 4218/32/1814 4219/33/1814
f 4213/458/1815 4212/173/1815 4214/173/1815 4215/458/1815
f 4209/506/1816 4208/477/1816 4210/363/1816 4211/507/1816
f 4205/68/1817 4204/67/1817 4206/67/1817 4207/68/1817
f 4201/302/1818 4200/276/1818 4202/276/1818 4203/302/1818
f 4197/276/1819 4196/302/1819 4198/302/1819 4199/276/1819
f 4193/458/1820 4192/173/1820 4194/173/1820 4195/458/1820
f 4189/173/1821 4188/458/1821 4190/301/1821 4191/277/1821
f 4185/276/101 4184/302/101 4186/302/101 4187/276/101
f 4181/512/1822 4180/309/1822 4182/309/1822 4183/513/1822
f 4177/514/1822 4176/241/1822 4178/241/1822 4179/514/1822
f 4173/363/1823 4172/295/1823 4174/295/1823 4175/363/1823
f 4169/515/95 4168/246/95 4170/246/95 4171/515/95
f 4165/517/1824 4164/306/1824 4166/306/1824 4167/517/1824
f 4161/518/101 4160/311/101 4162/311/101 4163/518/101
f 4157/480/95 4156/314/95 4158/314/95 4159/479/95
f 4153/278/95 4152/289/95 4154/289/95 4155/278/95
f 4149/289/101 4148/278/101 4150/278/101 4151/289/101
f 4145/173/95 4144/301/95 4146/301/95 4147/277/95
f 4141/301/1823 4140/173/1823 4142/173/1823 4143/301/1823
f 4134/76/1825 4138/499/1825 4139/376/1825 4135/76/1825
f 4128/76/1826 4132/386/1826 4133/386/1826 4129/76/1826
f 4124/209/1819 4126/237/1819 4127/237/1819 4125/209/1819
f 4117/47/1827 4120/72/1827 4121/72/1827 4116/47/1827
f 4113/209/101 4114/227/101 4115/227/101 4112/209/101
f 4107/209/1823 4108/227/1823 4109/227/1823 4106/209/1823
f 4101/82/101 4102/81/101 4103/81/101 4100/82/101
f 4095/169/101 4096/168/101 4097/296/101 4094/526/101
f 4086/76/101 4090/290/101 4091/290/101 4087/76/101
f 4081/76/1828 4084/9/1828 4085/9/1828 4080/76/1828
f 4315/369/1829 4314/369/1829 4316/369/1829 4317/369/1829
f 4309/174/1830 4308/299/1830 4310/299/1830 4311/299/1830
f 4303/153/732 4302/318/732 4304/318/732 4305/153/732
f 4297/529/1831 4296/377/1831 4298/377/1831 4299/529/1831
f 4291/44/1832 4290/44/1832 4292/44/1832 4293/44/1832
f 4285/43/826 4284/43/826 4286/43/826 4287/43/826
f 4279/149/1833 4278/149/1833 4280/149/1833 4281/149/1833
f 4273/372/1834 4272/495/1834 4274/495/1834 4275/372/1834
f 4267/530/1835 4266/366/1835 4268/460/1835 4269/530/1835
f 4261/182/1836 4260/182/1836 4262/182/1836 4263/182/1836
f 4313/174/1830 4312/299/1830 4251/299/1830 4250/299/1830
f 4265/182/1837 4264/182/1837 4258/182/1837 4259/182/1837
f 4319/369/1829 4318/369/1829 4248/369/1829 4249/369/1829
f 4277/372/1838 4276/372/1838 4257/372/1838 4256/372/1838
f 4289/43/1839 4288/43/1839 4247/43/1839 4246/43/1839
f 4295/44/1840 4294/44/1840 4244/44/1840 4245/44/1840
f 4301/529/1831 4300/377/1831 4243/377/1831 4242/529/1831
f 4307/153/732 4306/153/732 4240/153/732 4241/153/732
f 4283/149/1841 4282/149/1841 4253/149/1841 4252/149/1841
f 4271/530/1835 4270/366/1835 4254/366/1835 4255/530/1835
f 4395/256/1842 4394/226/1842 4396/226/1842 4397/155/1842
f 4389/370/736 4388/413/736 4390/413/736 4391/370/736
f 4383/44/1843 4382/44/1843 4384/44/1843 4385/44/1843
f 4377/43/1844 4376/43/1844 4378/43/1844 4379/43/1844
f 4371/372/1838 4370/372/1838 4372/495/1838 4373/372/1838
f 4365/150/752 4364/150/752 4366/150/752 4367/150/752
f 4359/7/1845 4358/182/1845 4360/182/1845 4361/7/1845
f 4353/137/762 4352/137/762 4354/137/762 4355/137/762
f 4347/369/843 4346/369/843 4348/369/843 4349/369/843
f 4341/174/1846 4340/174/1846 4342/299/1846 4343/174/1846
f 4357/137/1847 4356/137/1847 4334/137/1847 4335/137/1847
f 4369/150/752 4368/150/752 4333/150/752 4332/150/752
f 4345/174/727 4344/299/727 4331/174/727 4330/174/727
f 4351/369/1848 4350/369/1848 4328/369/1848 4329/369/1848
f 4381/43/1844 4380/43/1844 4327/43/1844 4326/43/1844
f 4387/44/1849 4386/44/1849 4324/44/1849 4325/44/1849
f 4393/370/1831 4392/413/1831 4323/370/1831 4322/370/1831
f 4375/372/1838 4374/372/1838 4337/372/1838 4336/372/1838
f 4363/7/1845 4362/182/1845 4338/182/1845 4339/7/1845
f 4399/256/732 4398/226/732 4320/226/732 4321/256/732
f 4477/23/1850 4476/22/1850 4478/22/1850 4479/23/1850
f 4473/253/1851 4472/42/1851 4474/42/1851 4475/253/1851
f 4469/253/1852 4468/42/1852 4470/42/1852 4471/253/1852
f 4465/42/1853 4464/253/1853 4466/253/1853 4467/42/1853
f 4461/212/1854 4460/214/1854 4462/214/1854 4463/212/1854
f 4457/160/461 4456/482/461 4458/417/461 4459/214/461
f 4453/482/1855 4452/160/1855 4454/160/1855 4455/482/1855
f 4449/535/456 4448/481/456 4450/51/456 4451/52/456
f 4445/253/1856 4444/42/1856 4446/42/1856 4447/253/1856
f 4441/42/86 4440/251/86 4442/251/86 4443/42/86
f 4437/253/1857 4436/42/1857 4438/42/1857 4439/253/1857
f 4433/42/1858 4432/253/1858 4434/253/1858 4435/42/1858
f 4429/540/86 4428/203/86 4430/203/86 4431/540/86
f 4425/542/89 4424/236/89 4426/236/89 4427/543/89
f 4421/544/86 4420/198/86 4422/198/86 4423/544/86
f 4417/545/89 4416/240/89 4418/240/89 4419/545/89
f 4413/546/1858 4412/172/1858 4414/172/1858 4415/546/1858
f 4409/285/1859 4408/212/1859 4410/212/1859 4411/285/1859
f 4405/285/1859 4404/212/1859 4406/212/1859 4407/285/1859
f 4401/212/1860 4400/214/1860 4402/214/1860 4403/212/1860
f 4557/444/1861 4556/351/1861 4558/351/1861 4559/445/1861
f 4553/18/1862 4552/17/1862 4554/17/1862 4555/18/1862
f 4549/402/1863 4548/410/1863 4550/410/1863 4551/402/1863
f 4545/410/1853 4544/445/1853 4546/402/1853 4547/404/1853
f 4541/553/1864 4540/404/1864 4542/404/1864 4543/553/1864
f 4537/410/1865 4536/445/1865 4538/445/1865 4539/410/1865
f 4533/445/1866 4532/351/1866 4534/351/1866 4535/402/1866
f 4529/351/1867 4528/444/1867 4530/444/1867 4531/351/1867
f 4525/554/1868 4524/448/1868 4526/448/1868 4527/555/1868
f 4521/556/1865 4520/490/1865 4522/457/1865 4523/557/1865
f 4517/558/511 4516/11/511 4518/11/511 4519/558/511
f 4513/559/508 4512/446/508 4514/446/508 4515/560/508
f 4509/525/1869 4508/350/1869 4510/350/1869 4511/315/1869
f 4505/561/1870 4504/455/1870 4506/455/1870 4507/561/1870
f 4501/350/1865 4500/348/1865 4502/348/1865 4503/350/1865
f 4497/315/1871 4496/316/1871 4498/316/1871 4499/315/1871
f 4493/350/1872 4492/348/1872 4494/348/1872 4495/350/1872
f 4489/525/1873 4488/350/1873 4490/350/1873 4491/525/1873
f 4485/534/1874 4484/485/1874 4486/391/1874 4487/531/1874
f 4481/536/1875 4480/484/1875 4482/56/1875 4483/57/1875
f 4635/181/1066 4634/181/1066 4636/2/1066 4637/372/1066
f 4629/179/1071 4628/150/1071 4630/150/1071 4631/150/1071
f 4623/182/1071 4622/182/1071 4624/182/1071 4625/182/1071
f 4617/511/1876 4616/361/1876 4618/361/1876 4619/511/1876
f 4633/179/1071 4632/150/1071 4613/150/1071 4612/150/1071
f 4639/372/1066 4638/2/1066 4608/181/1066 4609/181/1066
f 4621/511/1876 4620/361/1876 4614/361/1876 4615/511/1876
f 4627/182/1071 4626/182/1071 4610/182/1071 4611/182/1071
f 4603/228/98 4602/228/98 4604/228/98 4605/228/98
f 4597/299/92 4596/299/92 4598/299/92 4599/174/92
f 4591/334/98 4590/252/98 4592/252/98 4593/252/98
f 4585/229/92 4584/43/92 4586/43/92 4587/43/92
f 4579/256/98 4578/226/98 4580/225/98 4581/256/98
f 4573/10/92 4572/10/92 4574/10/92 4575/10/92
f 4589/43/1877 4588/43/1877 4571/43/1877 4570/43/1877
f 4601/174/92 4600/299/92 4567/174/92 4566/299/92
f 4577/10/92 4576/10/92 4563/10/92 4562/509/92
f 4607/228/98 4606/228/98 4564/228/98 4565/228/98
f 4595/252/98 4594/252/98 4568/252/98 4569/252/98
f 4583/256/98 4582/225/98 4560/226/98 4561/256/98
f 4715/149/1071 4714/149/1071 4716/149/1071 4717/149/1071
f 4709/372/1066 4708/372/1066 4710/495/1066 4711/372/1066
f 4703/362/1876 4702/362/1876 4704/362/1876 4705/443/1876
f 4697/154/1071 4696/427/1071 4698/427/1071 4699/154/1071
f 4713/372/1066 4712/372/1066 4690/372/1066 4691/372/1066
f 4701/154/1071 4700/427/1071 4688/427/1071 4689/154/1071
f 4707/443/1876 4706/362/1876 4694/362/1876 4695/362/1876
f 4719/149/1071 4718/149/1071 4693/149/1071 4692/149/1071
f 4683/13/98 4682/13/98 4684/13/98 4685/13/98
f 4677/145/92 4676/145/92 4678/145/92 4679/145/92
f 4671/44/98 4670/44/98 4672/44/98 4673/44/98
f 4665/43/92 4664/43/92 4666/43/92 4667/43/92
f 4659/10/92 4658/10/92 4660/10/92 4661/10/92
f 4653/153/98 4652/318/98 4654/153/98 4655/153/98
f 4669/43/92 4668/43/92 4651/43/92 4650/43/92
f 4675/44/98 4674/44/98 4648/44/98 4649/44/98
f 4681/145/92 4680/145/92 4647/145/92 4646/145/92
f 4657/153/98 4656/153/98 4640/153/98 4641/153/98
f 4663/10/92 4662/10/92 4643/10/92 4642/509/92
f 4687/13/98 4686/13/98 4644/13/98 4645/13/98
f 4795/582/1878 4794/493/1878 4796/493/1878 4797/420/1878
f 4789/574/1178 4788/447/1178 4790/447/1178 4791/574/1178
f 4783/583/1879 4782/452/1879 4784/452/1879 4785/583/1879
f 4777/584/1880 4776/463/1880 4778/453/1880 4779/432/1880
f 4781/584/1878 4780/453/1878 4775/454/1878 4774/432/1878
f 4787/583/1879 4786/452/1879 4770/452/1879 4771/583/1879
f 4793/574/1879 4792/447/1879 4772/447/1879 4773/574/1879
f 4799/582/1878 4798/436/1878 4769/437/1878 4768/420/1878
f 4763/275/113 4762/197/113 4764/197/113 4765/587/113
f 4757/589/109 4756/292/109 4758/292/109 4759/581/109
f 4751/590/113 4750/222/113 4752/222/113 4753/284/113
f 4745/576/109 4744/248/109 4746/248/109 4747/576/109
f 4739/591/113 4738/244/113 4740/244/113 4741/258/113
f 4733/577/109 4732/307/109 4734/307/109 4735/577/109
f 4737/577/109 4736/307/109 4722/307/109 4723/577/109
f 4749/576/109 4748/248/109 4730/248/109 4731/576/109
f 4761/581/109 4760/292/109 4726/292/109 4727/581/109
f 4755/590/113 4754/222/113 4729/222/113 4728/284/113
f 4743/258/113 4742/244/113 4721/245/113 4720/258/113
f 4767/587/113 4766/197/113 4725/197/113 4724/275/113
f 4875/422/1878 4874/439/1878 4876/439/1878 4877/422/1878
f 4869/552/1178 4868/441/1178 4870/441/1178 4871/552/1178
f 4863/562/1235 4862/469/1235 4864/469/1235 4865/468/1235
f 4857/572/1240 4856/472/1240 4858/472/1240 4859/572/1240
f 4861/572/1240 4860/472/1240 4852/472/1240 4853/572/1240
f 4867/562/1235 4866/469/1235 4855/470/1235 4854/468/1235
f 4873/552/1879 4872/441/1879 4850/441/1879 4851/552/1879
f 4879/422/1878 4878/439/1878 4849/440/1878 4848/422/1878
f 4843/272/113 4842/201/113 4844/201/113 4845/272/113
f 4837/606/1881 4836/293/1881 4838/293/1881 4839/606/1881
f 4831/282/113 4830/254/113 4832/254/113 4833/282/113
f 4825/601/109 4824/249/109 4826/249/109 4827/610/109
f 4819/602/109 4818/297/109 4820/297/109 4821/602/109
f 4813/611/113 4812/312/113 4814/312/113 4815/611/113
f 4817/611/113 4816/312/113 4801/312/113 4800/262/113
f 4829/601/109 4828/249/109 4810/249/109 4811/601/109
f 4823/602/109 4822/297/109 4802/297/109 4803/602/109
f 4841/606/109 4840/293/109 4806/293/109 4807/606/109
f 4835/282/113 4834/254/113 4809/254/113 4808/282/113
f 4847/272/113 4846/201/113 4805/201/113 4804/272/113
f 4955/425/1878 4954/487/1878 4956/487/1878 4957/621/1878
f 4949/614/1178 4948/438/1178 4950/438/1178 4951/614/1178
f 4943/622/1879 4942/359/1879 4944/359/1879 4945/622/1879
f 4937/624/1173 4936/451/1173 4938/450/1173 4939/623/1173
f 4941/623/1878 4940/450/1878 4935/451/1878 4934/430/1878
f 4953/614/1879 4952/438/1879 4932/438/1879 4933/614/1879
f 4959/425/1878 4958/433/1878 4929/433/1878 4928/425/1878
f 4947/622/1879 4946/359/1879 4930/359/1879 4931/622/1879
f 4923/270/113 4922/224/113 4924/224/113 4925/270/113
f 4917/588/109 4916/294/109 4918/294/109 4919/588/109
f 4911/280/1882 4910/162/1882 4912/162/1882 4913/280/1882
f 4905/594/1883 4904/250/1883 4906/250/1883 4907/594/1883
f 4899/592/109 4898/300/109 4900/300/109 4901/592/109
f 4893/266/113 4892/313/113 4894/313/113 4895/266/113
f 4897/266/1882 4896/313/1882 4881/313/1882 4880/266/1882
f 4909/594/1881 4908/250/1881 4890/250/1881 4891/594/1881
f 4903/592/109 4902/300/109 4882/300/109 4883/592/109
f 4921/588/109 4920/294/109 4886/294/109 4887/588/109
f 4927/270/113 4926/224/113 4885/224/113 4884/270/113
f 4915/280/1882 4914/162/1882 4889/162/1882 4888/280/1882
f 5035/200/1066 5034/200/1066 5036/199/1066 5037/200/1066
f 5029/202/1884 5028/202/1884 5030/202/1884 5031/202/1884
f 5023/46/1876 5022/45/1876 5024/45/1876 5025/45/1876
f 5017/73/1071 5016/73/1071 5018/73/1071 5019/73/1071
f 5021/73/1071 5020/73/1071 5011/73/1071 5010/73/1071
f 5003/520/92 5002/286/92 5004/286/92 5005/520/92
f 4997/188/98 4996/188/98 4998/188/98 4999/188/98
f 4991/161/98 4990/215/98 4992/215/98 4993/215/98
f 4985/255/92 4984/221/92 4986/255/92 4987/213/92
f 4979/247/98 4978/247/98 4980/247/98 4981/247/98
f 4973/184/92 4972/184/92 4974/184/92 4975/184/92
f 4977/184/92 4976/184/92 4962/184/92 4963/184/92
f 4989/213/1877 4988/255/1877 4970/255/1877 4971/213/1877
f 4995/215/98 4994/215/98 4969/215/98 4968/161/98
f 5001/188/98 5000/188/98 4965/188/98 4964/188/98
f 5007/520/92 5006/286/92 4966/286/92 4967/520/92
f 4983/247/98 4982/247/98 4961/247/98 4960/247/98
f 5033/202/1071 5032/202/1071 5012/202/1071 5013/202/1071
f 5039/200/1066 5038/199/1066 5009/200/1066 5008/200/1066
f 5027/46/1066 5026/45/1066 5015/46/1066 5014/45/1066
f 5107/200/1885 5106/200/1885 5108/199/1885 5109/200/1885
f 5101/202/1380 5100/202/1380 5102/202/1380 5103/202/1380
f 5095/221/1385 5094/255/1385 5096/255/1385 5097/221/1385
f 5089/247/1480 5088/414/1480 5090/414/1480 5091/414/1480
f 5083/185/1394 5082/185/1394 5084/185/1394 5085/185/1394
f 5077/188/1886 5076/188/1886 5078/188/1886 5079/188/1886
f 5071/303/1887 5070/303/1887 5072/303/1887 5073/303/1887
f 5065/73/1407 5064/73/1407 5066/73/1407 5067/73/1407
f 5059/46/1888 5058/45/1888 5060/45/1888 5061/45/1888
f 5063/46/1412 5062/45/1412 5057/46/1412 5056/45/1412
f 5105/202/1889 5104/202/1889 5054/202/1889 5055/202/1889
f 5075/303/1890 5074/303/1890 5052/303/1890 5053/303/1890
f 5081/188/1891 5080/188/1891 5051/188/1891 5050/188/1891
f 5099/213/1385 5098/213/1385 5048/213/1385 5049/213/1385
f 5087/185/1394 5086/185/1394 5046/185/1394 5047/185/1394
f 5093/247/1390 5092/414/1390 5045/247/1390 5044/414/1390
f 5069/73/1892 5068/73/1892 5042/73/1892 5043/73/1892
f 5111/200/1893 5110/199/1893 5041/200/1893 5040/200/1893
f 5187/200/1894 5186/199/1894 5188/199/1894 5189/200/1894
f 5181/317/1895 5180/394/1895 5182/394/1895 5183/317/1895
f 5175/161/1896 5174/161/1896 5176/161/1896 5177/161/1896
f 5169/221/1385 5168/364/1385 5170/364/1385 5171/364/1385
f 5163/379/1390 5162/412/1390 5164/412/1390 5165/379/1390
f 5157/223/1394 5156/223/1394 5158/223/1394 5159/223/1394
f 5151/188/1891 5150/188/1891 5152/188/1891 5153/188/1891
f 5145/397/1897 5144/397/1897 5146/476/1897 5147/397/1897
f 5139/73/1898 5138/73/1898 5140/73/1898 5141/73/1898
f 5133/381/1899 5132/381/1899 5134/381/1899 5135/381/1899
f 5149/397/1890 5148/397/1890 5126/397/1890 5127/397/1890
f 5155/188/1398 5154/188/1398 5125/188/1398 5124/188/1398
f 5173/221/1385 5172/364/1385 5122/364/1385 5123/221/1385
f 5179/161/1900 5178/161/1900 5121/161/1900 5120/161/1900
f 5161/223/1394 5160/223/1394 5118/223/1394 5119/223/1394
f 5167/379/1480 5166/412/1480 5117/398/1480 5116/379/1480
f 5185/394/1895 5184/394/1895 5128/394/1895 5129/394/1895
f 5137/381/1901 5136/381/1901 5131/381/1901 5130/381/1901
f 5191/200/1902 5190/200/1902 5113/200/1902 5112/200/1902
f 5143/73/1892 5142/73/1892 5114/73/1892 5115/73/1892
f 5269/63/1903 5268/62/1903 5270/62/1903 5271/63/1903
f 5265/508/1904 5264/380/1904 5266/380/1904 5267/508/1904
f 5261/416/412 5260/403/412 5262/403/412 5263/416/412
f 5257/403/1905 5256/416/1905 5258/416/1905 5259/403/1905
f 5253/416/1906 5252/403/1906 5254/403/1906 5255/416/1906
f 5249/403/1907 5248/416/1907 5250/416/1907 5251/403/1907
f 5245/639/1908 5244/434/1908 5246/434/1908 5247/639/1908
f 5241/625/1909 5240/400/1909 5242/400/1909 5243/625/1909
f 5237/641/1910 5236/358/1910 5238/358/1910 5239/641/1910
f 5233/607/1911 5232/471/1911 5234/471/1911 5235/607/1911
f 5229/642/368 5228/205/368 5230/205/368 5231/643/368
f 5225/644/373 5224/456/373 5226/456/373 5227/585/373
f 5221/396/1909 5220/239/1909 5222/239/1909 5223/396/1909
f 5217/426/1912 5216/442/1912 5218/442/1912 5219/426/1912
f 5213/634/1909 5212/357/1909 5214/357/1909 5215/634/1909
f 5209/239/1908 5208/396/1908 5210/396/1908 5211/239/1908
f 5205/396/613 5204/392/613 5206/392/613 5207/396/613
f 5201/239/1913 5200/396/1913 5202/396/1913 5203/239/1913
f 5197/38/1914 5196/37/1914 5198/37/1914 5199/38/1914
f 5193/635/1915 5192/405/1915 5194/405/1915 5195/635/1915
f 3598/394/1916 3600/394/1916 5182/394/1916 5180/394/1916
f 2302/214/606 2303/212/606 4463/212/606 4462/214/606
f 2012/137/1917 2013/137/1917 4355/137/1917 4354/137/1917
f 2665/182/590 2664/182/590 4626/182/590 4627/182/590
f 3257/184/966 3256/184/966 4972/184/966 4973/184/966
f 2460/316/1918 2461/315/1918 4499/315/1918 4498/316/1918
f 3827/416/1919 3825/416/1919 5261/416/1919 5263/416/1919
f 2015/137/125 2014/137/125 4356/137/125 4357/137/125
f 3071/422/1920 3069/422/1920 4875/422/1920 4877/422/1920
f 2667/179/590 2666/150/590 4628/150/590 4629/179/590
f 3258/184/970 3259/184/970 4975/184/970 4974/184/970
f 3824/403/1921 3826/403/1921 5262/403/1921 5260/403/1921
f 3068/439/1922 3070/439/1922 4876/439/1922 4874/439/1922
f 2307/42/1923 2306/253/1923 4464/253/1923 4465/42/1923
f 2017/7/1924 2016/182/1924 4358/182/1924 4359/7/1924
f 2668/150/112 2669/150/112 4631/150/112 4630/150/112
f 3595/161/1925 3593/161/1925 5175/161/1925 5177/161/1925
f 3261/184/966 3260/184/966 4976/184/966 4977/184/966
f 2465/350/1926 2464/348/1926 4500/348/1926 4501/350/1926
f 1530/278/472 1528/278/472 4153/278/472 4155/278/472
f 3592/161/1927 3594/161/1927 5176/161/1927 5174/161/1927
f 2308/253/1928 2309/42/1928 4467/42/1928 4466/253/1928
f 2018/182/1929 2019/7/1929 4361/7/1929 4360/182/1929
f 1527/289/120 1529/289/120 4154/289/120 4152/289/120
f 2671/179/590 2670/150/590 4632/150/590 4633/179/590
f 2466/348/1930 2467/350/1930 4503/350/1930 4502/348/1930
f 1761/210/1931 1760/210/1931 4230/210/1931 4231/210/1931
f 3821/403/1932 3819/403/1932 5257/403/1932 5259/403/1932
f 2021/7/1924 2020/182/1924 4362/182/1924 4363/7/1924
f 3065/552/1933 3063/552/1933 4869/552/1933 4871/552/1933
f 2673/181/647 2672/181/647 4634/181/647 4635/181/647
f 3265/247/855 3264/247/855 4978/247/855 4979/247/855
f 3818/416/1934 3820/416/1934 5258/416/1934 5256/416/1934
f 3062/441/1935 3064/441/1935 4870/441/1935 4868/441/1935
f 2313/253/1936 2312/42/1936 4468/42/1936 4469/253/1936
f 2023/150/1937 2022/150/1937 4364/150/1937 4365/150/1937
f 2674/2/662 2675/372/662 4637/372/662 4636/2/662
f 3589/364/1938 3587/221/1938 5169/221/1938 5171/364/1938
f 3266/247/879 3267/247/879 4981/247/879 4980/247/879
f 2471/561/1926 2470/455/1926 4504/455/1926 4505/561/1926
f 3586/364/1939 3588/364/1939 5170/364/1939 5168/364/1939
f 2314/42/1940 2315/253/1940 4471/253/1940 4470/42/1940
f 1756/227/1941 1757/227/1941 4115/227/1941 4114/227/1941
f 2024/150/1942 2025/150/1942 4367/150/1942 4366/150/1942
f 2677/372/647 2676/2/647 4638/2/647 4639/372/647
f 3269/247/855 3268/247/855 4982/247/855 4983/247/855
f 2472/455/1930 2473/561/1930 4507/561/1930 4506/455/1930
f 357/152/1943 358/152/1943 4081/152/1943 4080/152/1943
f 1522/289/706 1520/289/706 4149/289/706 4151/289/706
f 3815/416/1944 3813/416/1944 5253/416/1944 5255/416/1944
f 2027/150/1937 2026/150/1937 4368/150/1937 4369/150/1937
f 3059/468/1945 3057/562/1945 4863/562/1945 4865/468/1945
f 1519/278/687 1521/278/687 4150/278/687 4148/278/687
f 3812/403/1946 3814/403/1946 5254/403/1946 5252/403/1946
f 3056/469/1947 3058/469/1947 4864/469/1947 4862/469/1947
f 2319/253/1948 2318/42/1948 4472/42/1948 4473/253/1948
f 1753/84/1931 1752/84/1931 4228/84/1931 4229/84/1931
f 2029/372/1949 2028/372/1949 4370/372/1949 4371/372/1949
f 3583/379/1950 3581/379/1950 5163/379/1950 5165/379/1950
f 3273/255/966 3272/221/966 4984/221/966 4985/255/966
f 2477/525/97 2476/350/97 4508/350/97 4509/525/97
f 3580/412/1951 3582/412/1951 5164/412/1951 5162/412/1951
f 2320/42/1952 2321/253/1952 4475/253/1952 4474/42/1952
f 2030/495/1953 2031/372/1953 4373/372/1953 4372/495/1953
f 3274/255/970 3275/213/970 4987/213/970 4986/255/970
f 2478/350/1918 2479/315/1918 4511/315/1918 4510/350/1918
f 363/152/1954 364/152/1954 4083/152/1954 4082/152/1954
f 1748/227/1941 1749/227/1941 4109/227/1941 4108/227/1941
f 3809/403/1955 3807/403/1955 5249/403/1955 5251/403/1955
f 2033/372/1949 2032/372/1949 4374/372/1949 4375/372/1949
f 3053/572/1956 3051/572/1956 4857/572/1956 4859/572/1956
f 3277/213/966 3276/255/966 4988/255/966 4989/213/966
f 3806/416/1957 3808/416/1957 5250/416/1957 5248/416/1957
f 3050/472/1958 3052/472/1958 4858/472/1958 4856/472/1958
f 1514/277/472 1512/173/472 4145/173/472 4147/277/472
f 2325/23/1959 2324/22/1959 4476/22/1959 4477/23/1959
f 2035/43/1960 2034/43/1960 4376/43/1960 4377/43/1960
f 1511/301/120 1513/301/120 4146/301/120 4144/301/120
f 3577/223/1961 3575/223/1961 5157/223/1961 5159/223/1961
f 2483/559/97 2482/446/97 4512/446/97 4513/559/97
f 3574/223/1962 3576/223/1962 5158/223/1962 5156/223/1962
f 2326/22/1963 2327/23/1963 4479/23/1963 4478/22/1963
f 1745/171/1931 1744/171/1931 4226/171/1931 4227/171/1931
f 3393/200/1964 3392/200/1964 5040/200/1964 5041/200/1964
f 2036/43/1965 2037/43/1965 4379/43/1965 4378/43/1965
f 3047/572/1966 3055/572/1966 4861/572/1966 4853/572/1966
f 3281/161/855 3280/215/855 4990/215/855 4991/161/855
f 2484/446/1918 2485/560/1918 4515/560/1918 4514/446/1918
f 3054/472/1967 3046/472/1967 4852/472/1967 4860/472/1967
f 2845/245/1968 2844/258/1968 4720/258/1968 4721/245/1968
f 3803/639/1944 3801/639/1944 5245/639/1944 5247/639/1944
f 3394/73/1969 3395/73/1969 5043/73/1969 5042/73/1969
f 2039/43/1960 2038/43/1960 4380/43/1960 4381/43/1960
f 3048/468/1970 3061/562/1970 4867/562/1970 4854/468/1970
f 3282/215/879 3283/215/879 4993/215/879 4992/215/879
f 3800/434/1946 3802/434/1946 5246/434/1946 5244/434/1946
f 3060/469/1971 3049/470/1971 4855/470/1971 4866/469/1971
f 1740/81/1941 1741/81/1941 4103/81/1941 4102/81/1941
f 2846/307/1972 2847/577/1972 4723/577/1972 4722/307/1972
f 3397/247/1973 3396/414/1973 5044/414/1973 5045/247/1973
f 2041/44/1974 2040/44/1974 4382/44/1974 4383/44/1974
f 3571/188/1975 3569/188/1975 5151/188/1975 5153/188/1975
f 3285/215/855 3284/215/855 4994/215/855 4995/215/855
f 2489/558/1926 2488/11/1926 4516/11/1926 4517/558/1926
f 1506/301/706 1504/301/706 4141/301/706 4143/301/706
f 3568/188/1976 3570/188/1976 5152/188/1976 5150/188/1976
f 3398/185/1977 3399/185/1977 5047/185/1977 5046/185/1977
f 2042/44/1978 2043/44/1978 4385/44/1978 4384/44/1978
f 3045/552/1979 3067/552/1979 4873/552/1979 4851/552/1979
f 1503/173/687 1505/173/687 4142/173/687 4140/173/687
f 2490/11/1930 2491/558/1930 4519/558/1930 4518/11/1930
f 3066/441/1980 3044/441/1980 4850/441/1980 4872/441/1980
f 1737/78/1931 1736/78/1931 4224/78/1931 4225/78/1931
f 2851/197/1981 2850/275/1981 4724/275/1981 4725/197/1981
f 3797/625/1982 3795/625/1982 5241/625/1982 5243/625/1982
f 3042/422/1983 3073/422/1983 4879/422/1983 4848/422/1983
f 2045/44/1974 2044/44/1974 4386/44/1974 4387/44/1974
f 3289/188/855 3288/188/855 4996/188/855 4997/188/855
f 3794/400/1957 3796/400/1957 5242/400/1957 5240/400/1957
f 3072/439/1984 3043/440/1984 4849/440/1984 4878/439/1984
f 2852/292/1985 2853/581/1985 4727/581/1985 4726/292/1985
f 3402/213/1986 3403/213/1986 5049/213/1986 5048/213/1986
f 2047/370/1987 2046/413/1987 4388/413/1987 4389/370/1987
f 3565/397/1988 3563/397/1988 5145/397/1988 5147/397/1988
f 3290/188/879 3291/188/879 4999/188/879 4998/188/879
f 2495/556/1926 2494/490/1926 4520/490/1926 4521/556/1926
f 3562/397/1989 3564/476/1989 5146/476/1989 5144/397/1989
f 1732/168/1941 1733/296/1941 4097/296/1941 4096/168/1941
f 2855/222/1990 2854/284/1990 4728/284/1990 4729/222/1990
f 3405/188/1991 3404/188/1991 5050/188/1991 5051/188/1991
f 2048/413/1992 2049/370/1992 4391/370/1992 4390/413/1992
f 3293/188/855 3292/188/855 5000/188/855 5001/188/855
f 2496/457/1930 2497/557/1930 4523/557/1930 4522/457/1930
f 2856/248/1993 2857/576/1993 4731/576/1993 4730/248/1993
f 3791/641/1994 3789/641/1994 5237/641/1994 5239/641/1994
f 3406/303/1995 3407/303/1995 5053/303/1995 5052/303/1995
f 3035/272/1996 3033/272/1996 4843/272/1996 4845/272/1996
f 2051/370/1987 2050/413/1987 4392/413/1987 4393/370/1987
f 3788/358/1997 3790/358/1997 5238/358/1997 5236/358/1997
f 3032/201/1998 3034/201/1998 4844/201/1998 4842/201/1998
f 1728/290/1941 1729/290/1941 4091/290/1941 4090/290/1941
f 3408/202/1999 3409/202/1999 5055/202/1999 5054/202/1999
f 2053/256/2000 2052/226/2000 4394/226/2000 4395/256/2000
f 3559/73/2001 3557/73/2001 5139/73/2001 5141/73/2001
f 3297/520/966 3296/286/966 5002/286/966 5003/520/966
f 2327/23/2002 2325/23/2002 4477/23/2002 4479/23/2002
f 2501/554/97 2500/448/97 4524/448/97 4525/554/97
f 3556/73/2003 3558/73/2003 5140/73/2003 5138/73/2003
f 2324/22/2004 2326/22/2004 4478/22/2004 4476/22/2004
f 2861/577/1273 2860/307/1273 4732/307/1273 4733/577/1273
f 3411/46/2005 3410/45/2005 5056/45/2005 5057/46/2005
f 2054/226/2006 2055/155/2006 4397/155/2006 4396/226/2006
f 3298/286/970 3299/520/970 5005/520/970 5004/286/970
f 2502/448/1918 2503/555/1918 4527/555/1918 4526/448/1918
f 2675/372/2007 2673/181/2007 4635/181/2007 4637/372/2007
f 1725/9/1931 1724/9/1931 4222/9/1931 4223/9/1931
f 2862/307/1286 2863/577/1286 4735/577/1286 4734/307/1286
f 3785/607/2008 3783/607/2008 5233/607/2008 5235/607/2008
f 2057/256/2009 2056/226/2009 4398/226/2009 4399/256/2009
f 2672/181/2010 2674/2/2010 4636/2/2010 4634/181/2010
f 3301/520/966 3300/286/966 5006/286/966 5007/520/966
f 3782/471/2011 3784/471/2011 5234/471/2011 5232/471/2011
f 2865/577/1273 2864/307/1273 4736/307/1273 4737/577/1273
f 358/76/2012 1720/9/2012 4084/9/2012 4081/76/2012
f 3415/46/1399 3414/45/1399 5058/45/1399 5059/46/1399
f 3027/606/2013 3025/606/2013 4837/606/2013 4839/606/2013
f 3553/381/2014 3551/381/2014 5133/381/2014 5135/381/2014
f 2321/253/2015 2319/253/2015 4473/253/2015 4475/253/2015
f 2507/351/1926 2506/444/1926 4528/444/1926 4529/351/1926
f 1721/9/2016 357/76/2016 4080/76/2016 4085/9/2016
f 3024/293/2017 3026/293/2017 4838/293/2017 4836/293/2017
f 3550/381/2018 3552/381/2018 5134/381/2018 5132/381/2018
f 2318/42/2019 2320/42/2019 4474/42/2019 4472/42/2019
f 1720/9/1941 1721/9/1941 4085/9/1941 4084/9/1941
f 3416/45/1420 3417/45/1420 5061/45/1420 5060/45/1420
f 2508/444/1930 2509/351/1930 4531/351/1930 4530/444/1930
f 2669/150/2020 2667/179/2020 4629/179/2020 4631/150/2020
f 2869/591/1219 2868/244/1219 4738/244/1219 4739/591/1219
f 3419/46/1399 3418/45/1399 5062/45/1399 5063/46/1399
f 2666/150/2021 2668/150/2021 4630/150/2021 4628/150/2021
f 3543/397/2022 3567/397/2022 5149/397/2022 5127/397/2022
f 3307/200/785 3306/200/785 5008/200/785 5009/200/785
f 372/152/2023 371/152/2023 4086/152/2023 4087/152/2023
f 3566/397/2024 3542/397/2024 5126/397/2024 5148/397/2024
f 1717/290/1931 1716/290/1931 4220/290/1931 4221/290/1931
f 2870/244/1246 2871/258/1246 4741/258/1246 4740/244/1246
f 3421/73/1376 3420/73/1376 5064/73/1376 5065/73/1376
f 3540/188/2025 3573/188/2025 5155/188/2025 5124/188/2025
f 3309/73/772 3308/73/772 5010/73/772 5011/73/772
f 2315/253/2026 2313/253/2026 4469/253/2026 4471/253/2026
f 2513/445/97 2512/351/97 4532/351/97 4533/445/97
f 3572/188/2027 3541/188/2027 5125/188/2027 5154/188/2027
f 2312/42/2028 2314/42/2028 4470/42/2028 4468/42/2028
f 2873/258/1219 2872/244/1219 4742/244/1219 4743/258/1219
f 3775/643/1944 3773/642/1944 5229/642/1944 5231/643/1944
f 3422/73/1355 3423/73/1355 5067/73/1355 5066/73/1355
f 3019/282/1996 3017/282/1996 4831/282/1996 4833/282/1996
f 3539/221/2029 3591/221/2029 5173/221/2029 5123/221/2029
f 3310/202/748 3311/202/748 5013/202/748 5012/202/748
f 3772/205/1946 3774/205/1946 5230/205/1946 5228/205/1946
f 2514/351/1918 2515/402/1918 4535/402/1918 4534/351/1918
f 3016/254/1998 3018/254/1998 4832/254/1998 4830/254/1998
f 2663/182/2020 2661/182/2020 4623/182/2020 4625/182/2020
f 3590/364/2030 3538/364/2030 5122/364/2030 5172/364/2030
f 3425/73/1345 3424/73/1345 5068/73/1345 5069/73/1345
f 2660/182/2021 2662/182/2021 4624/182/2021 4622/182/2021
f 3536/161/2031 3597/161/2031 5179/161/2031 5120/161/2031
f 3313/46/708 3312/45/708 5014/45/708 5015/46/708
f 3596/161/2032 3537/161/2032 5121/161/2032 5178/161/2032
f 2877/576/1273 2876/248/1273 4744/248/1273 4745/576/1273
f 3427/303/1307 3426/303/1307 5070/303/1307 5071/303/1307
f 3535/223/2033 3579/223/2033 5161/223/2033 5119/223/2033
f 3315/73/590 3314/73/590 5016/73/590 5017/73/590
f 2309/42/2034 2307/42/2034 4465/42/2034 4467/42/2034
f 2519/410/1926 2518/445/1926 4536/445/1926 4537/410/1926
f 2055/155/2035 2053/256/2035 4395/256/2035 4397/155/2035
f 3578/223/2036 3534/223/2036 5118/223/2036 5160/223/2036
f 2306/253/2037 2308/253/2037 4466/253/2037 4464/253/2037
f 2878/248/1286 2879/576/1286 4747/576/1286 4746/248/1286
f 3769/585/1955 3767/644/1955 5225/644/1955 5227/585/1955
f 3428/303/1329 3429/303/1329 5073/303/1329 5072/303/1329
f 2052/226/2038 2054/226/2038 4396/226/2038 4394/226/2038
f 3532/379/2039 3585/379/2039 5167/379/2039 5116/379/2039
f 3316/73/112 3317/73/112 5019/73/112 5018/73/112
f 3766/456/1957 3768/456/1957 5226/456/1957 5224/456/1957
f 2520/445/1930 2521/410/1930 4539/410/1930 4538/445/1930
f 2657/511/2007 2655/511/2007 4617/511/2007 4619/511/2007
f 3584/412/2040 3533/398/2040 5117/398/2040 5166/412/2040
f 2881/576/1273 2880/248/1273 4748/248/1273 4749/576/1273
f 3431/303/1307 3430/303/1307 5074/303/1307 5075/303/1307
f 3011/610/2013 3009/601/2013 4825/601/2013 4827/610/2013
f 2654/361/2010 2656/361/2010 4618/361/2010 4616/361/2010
f 3319/73/590 3318/73/590 5020/73/590 5021/73/590
f 3008/249/2017 3010/249/2017 4826/249/2017 4824/249/2017
f 3433/188/1284 3432/188/1284 5076/188/1284 5077/188/1284
f 3321/46/647 3320/45/647 5022/45/647 5023/46/647
f 2303/212/2041 2301/212/2041 4461/212/2041 4463/212/2041
f 2525/553/97 2524/404/97 4540/404/97 4541/553/97
f 2049/370/2042 2047/370/2042 4389/370/2042 4391/370/2042
f 2650/150/2043 2671/179/2043 4633/179/2043 4612/150/2043
f 2300/214/2044 2302/214/2044 4462/214/2044 4460/214/2044
f 2885/590/1219 2884/222/1219 4750/222/1219 4751/590/1219
f 3763/396/1955 3761/396/1955 5221/396/1955 5223/396/1955
f 3434/188/1290 3435/188/1290 5079/188/1290 5078/188/1290
f 2046/413/2045 2048/413/2045 4390/413/2045 4388/413/2045
f 2670/150/2046 2651/150/2046 4613/150/2046 4632/150/2046
f 3322/45/662 3323/45/662 5025/45/662 5024/45/662
f 3760/239/1957 3762/239/1957 5222/239/1957 5220/239/1957
f 2526/404/1918 2527/553/1918 4543/553/1918 4542/404/1918
f 2647/181/2047 2677/372/2047 4639/372/2047 4609/181/2047
f 2886/222/1246 2887/284/1246 4753/284/1246 4752/222/1246
f 3437/188/1284 3436/188/1284 5080/188/1284 5081/188/1284
f 2676/2/2048 2646/181/2048 4608/181/2048 4638/2/2048
f 3325/46/647 3324/45/647 5026/45/647 5027/46/647
f 2653/511/2049 2659/511/2049 4621/511/2049 4615/511/2049
f 2889/590/1219 2888/222/1219 4754/222/1219 4755/590/1219
f 3439/185/1254 3438/185/1254 5082/185/1254 5083/185/1254
f 3003/602/2013 3001/602/2013 4819/602/2013 4821/602/2013
f 2658/361/2050 2652/361/2050 4614/361/2050 4620/361/2050
f 3327/202/590 3326/202/590 5028/202/590 5029/202/590
f 2297/214/2051 2295/160/2051 4457/160/2051 4459/214/2051
f 391/152/1954 392/152/1954 4089/152/1954 4088/152/1954
f 3000/297/2017 3002/297/2017 4820/297/2017 4818/297/2017
f 2043/44/2053 2041/44/2053 4383/44/2053 4385/44/2053
f 2649/182/2054 2665/182/2054 4627/182/2054 4611/182/2054
f 2294/482/2055 2296/417/2055 4458/417/2055 4456/482/2055
f 3757/426/2056 3755/426/2056 5217/426/2056 5219/426/2056
f 3440/185/1260 3441/185/1260 5085/185/1260 5084/185/1260
f 2040/44/2057 2042/44/2057 4384/44/2057 4382/44/2057
f 2664/182/2058 2648/182/2058 4610/182/2058 4626/182/2058
f 3328/202/112 3329/202/112 5031/202/112 5030/202/112
f 3754/442/1946 3756/442/1946 5218/442/1946 5216/442/1946
f 2893/589/1273 2892/292/1273 4756/292/1273 4757/589/1273
f 3443/185/1254 3442/185/1254 5086/185/1254 5087/185/1254
f 3331/202/590 3330/202/590 5032/202/590 5033/202/590
f 2894/292/1286 2895/581/1286 4759/581/1286 4758/292/1286
f 3445/247/1202 3444/414/1202 5088/414/1202 5089/247/1202
f 3333/200/647 3332/200/647 5034/200/647 5035/200/647
f 2291/482/2060 2289/482/2060 4453/482/2060 4455/482/2060
f 2537/402/1936 2536/410/1936 4548/410/1936 4549/402/1936
f 2037/43/2061 2035/43/2061 4377/43/2061 4379/43/2061
f 2288/160/2062 2290/160/2062 4454/160/2062 4452/160/2062
f 2897/581/1273 2896/292/1273 4760/292/1273 4761/581/1273
f 3751/634/1955 3749/634/1955 5213/634/1955 5215/634/1955
f 3446/414/1217 3447/414/1217 5091/414/1217 5090/414/1217
f 2995/611/1996 2993/611/1996 4813/611/1996 4815/611/1996
f 2034/43/2063 2036/43/2063 4378/43/2063 4376/43/2063
f 3334/199/662 3335/200/662 5037/200/662 5036/199/662
f 3748/357/1957 3750/357/1957 5214/357/1957 5212/357/1957
f 2538/410/1940 2539/402/1940 4551/402/1940 4550/410/1940
f 2992/312/1998 2994/312/1998 4814/312/1998 4812/312/1998
f 2639/228/2064 2637/228/2064 4603/228/2064 4605/228/2064
f 3449/247/1202 3448/414/1202 5092/414/1202 5093/247/1202
f 2636/228/2065 2638/228/2065 4604/228/2065 4602/228/2065
f 3337/200/647 3336/199/647 5038/199/647 5039/200/647
f 2901/275/1219 2900/197/1219 4762/197/1219 4763/275/1219
f 371/76/2012 1728/290/2012 4090/290/2012 4086/76/2012
f 3451/221/1158 3450/255/1158 5094/255/1158 5095/221/1158
f 2285/52/2066 2283/535/2066 4449/535/2066 4451/52/2066
f 1504/301/2067 1503/173/2067 4140/173/2067 4141/301/2067
f 1729/290/2016 372/76/2016 4087/76/2016 4091/290/2016
f 2543/18/1959 2542/17/1959 4552/17/1959 4553/18/1959
f 2031/372/2068 2029/372/2068 4371/372/2068 4373/372/2068
f 2282/481/2069 2284/51/2069 4450/51/2069 4448/481/2069
f 2902/197/1246 2903/587/1246 4765/587/1246 4764/197/1246
f 3745/239/2056 3743/239/2056 5209/239/2056 5211/239/2056
f 3452/255/1181 3453/221/1181 5097/221/1181 5096/255/1181
f 2976/262/2070 2997/611/2070 4817/611/2070 4800/262/2070
f 2028/372/2071 2030/495/2071 4372/495/2071 4370/372/2071
f 1505/173/2072 1506/301/2072 4143/301/2072 4142/173/2072
f 3742/396/1946 3744/396/1946 5210/396/1946 5208/396/1946
f 2544/17/2073 2545/18/2073 4555/18/2073 4554/17/2073
f 2996/312/2074 2977/312/2074 4801/312/2074 4816/312/2074
f 2905/587/1219 2904/197/1219 4766/197/1219 4767/587/1219
f 3455/213/1158 3454/213/1158 5098/213/1158 5099/213/1158
f 2989/601/2075 3013/601/2075 4829/601/2075 4811/601/2075
f 3545/394/2076 3603/394/2076 5185/394/2076 5129/394/2076
f 3012/249/2077 2988/249/2077 4810/249/2077 4828/249/2077
f 2631/174/2078 2629/299/2078 4597/299/2078 4599/174/2078
f 3602/394/2079 3544/394/2079 5128/394/2079 5184/394/2079
f 2979/602/2080 3005/602/2080 4823/602/2080 4803/602/2080
f 2628/299/2081 2630/299/2081 4598/299/2081 4596/299/2081
f 3546/381/2082 3555/381/2082 5137/381/2082 5130/381/2082
f 2549/444/1948 2548/351/1948 4556/351/1948 4557/444/1948
f 3004/297/2083 2978/297/2083 4802/297/2083 4822/297/2083
f 2025/150/2084 2023/150/2084 4365/150/2084 4367/150/2084
f 3554/381/2085 3547/381/2085 5131/381/2085 5136/381/2085
f 3739/396/2086 3737/396/2086 5205/396/2086 5207/396/2086
f 2985/606/2087 3029/606/2087 4841/606/2087 4807/606/2087
f 2022/150/2088 2024/150/2088 4366/150/2088 4364/150/2088
f 3528/200/2089 3609/200/2089 5191/200/2089 5112/200/2089
f 1512/173/2090 1511/301/2090 4144/301/2090 4145/173/2090
f 3736/392/2091 3738/392/2091 5206/392/2091 5204/392/2091
f 2550/351/1952 2551/445/1952 4559/445/1952 4558/351/1952
f 3028/293/2092 2984/293/2092 4806/293/2092 4840/293/2092
f 3608/200/2093 3529/200/2093 5113/200/2093 5190/200/2093
f 2911/437/1182 2910/420/1182 4768/420/1182 4769/437/1182
f 2986/282/2094 3021/282/2094 4835/282/2094 4808/282/2094
f 3531/73/2095 3561/73/2095 5143/73/2095 5115/73/2095
f 1513/301/2096 1514/277/2096 4147/277/2096 4146/301/2096
f 3020/254/2097 2987/254/2097 4809/254/2097 4834/254/2097
f 3560/73/2098 3530/73/2098 5114/73/2098 5142/73/2098
f 2912/452/2099 2913/583/2099 4771/583/2099 4770/452/2099
f 3463/202/1080 3462/202/1080 5100/202/1080 5101/202/1080
f 2019/7/2100 2017/7/2100 4359/7/2100 4361/7/2100
f 2623/252/2064 2621/334/2064 4591/334/2064 4593/252/2064
f 2914/447/1160 2915/574/1160 4773/574/1160 4772/447/1160
f 3733/239/2101 3731/239/2101 5201/239/2101 5203/239/2101
f 3464/202/1098 3465/202/1098 5103/202/1098 5102/202/1098
f 2016/182/2102 2018/182/2102 4360/182/2102 4358/182/2102
f 2620/252/2065 2622/252/2065 4592/252/2065 4590/252/2065
f 3730/396/2103 3732/396/2103 5202/396/2103 5200/396/2103
f 2917/454/2104 2916/432/2104 4774/432/2104 4775/454/2104
f 3467/202/1080 3466/202/1080 5104/202/1080 5105/202/1080
f 1520/289/2067 1519/278/2067 4148/278/2067 4149/289/2067
f 2919/584/920 2918/463/920 4776/463/920 4777/584/920
f 3469/200/1011 3468/200/1011 5106/200/1011 5107/200/1011
f 1521/278/2072 1522/289/2072 4151/289/2072 4150/278/2072
f 2013/137/2105 2011/137/2105 4353/137/2105 4355/137/2105
f 2920/453/964 2921/432/964 4779/432/964 4778/453/964
f 3727/38/2106 3725/38/2106 5197/38/2106 5199/38/2106
f 3470/199/1014 3471/200/1014 5109/200/1014 5108/199/1014
f 2010/137/2107 2012/137/2107 4354/137/2107 4352/137/2107
f 3724/37/2108 3726/37/2108 5198/37/2108 5196/37/2108
f 2615/43/2078 2613/229/2078 4585/229/2078 4587/43/2078
f 2923/584/920 2922/453/920 4780/453/920 4781/584/920
f 3473/200/1011 3472/199/1011 5110/199/1011 5111/200/1011
f 2612/43/2081 2614/43/2081 4586/43/2081 4584/43/2081
f 402/164/1954 401/164/1954 4092/164/1954 4093/164/1954
f 2925/583/995 2924/452/995 4782/452/995 4783/583/995
f 2982/272/2070 3037/272/2070 4847/272/2070 4804/272/2070
f 1528/278/2090 1527/289/2090 4152/289/2090 4153/278/2090
f 3036/201/2109 2983/201/2109 4805/201/2109 4846/201/2109
f 2007/369/2110 2005/369/2110 4347/369/2110 4349/369/2110
f 2926/452/1008 2927/583/1008 4785/583/1008 4784/452/1008
f 3721/635/2111 3719/635/2111 5193/635/2111 5195/635/2111
f 2551/445/2112 2549/444/2112 4557/444/2112 4559/445/2112
f 2004/369/2113 2006/369/2113 4348/369/2113 4346/369/2113
f 1529/289/2096 1530/278/2096 4155/278/2096 4154/289/2096
f 3718/405/2114 3720/405/2114 5194/405/2114 5192/405/2114
f 2548/351/2115 2550/351/2115 4558/351/2115 4556/351/2115
f 2929/583/995 2928/452/995 4786/452/995 4787/583/995
f 2607/256/2064 2605/256/2064 4579/256/2064 4581/256/2064
f 3335/200/2116 3333/200/2116 5035/200/2116 5037/200/2116
f 2931/574/995 2930/447/995 4788/447/995 4789/574/995
f 2604/226/2065 2606/225/2065 4580/225/2065 4578/226/2065
f 3332/200/2117 3334/199/2117 5036/199/2117 5034/200/2117
f 2001/174/2118 1999/174/2118 4341/174/2118 4343/174/2118
f 2932/447/1008 2933/574/1008 4791/574/1008 4790/447/1008
f 2545/18/2119 2543/18/2119 4553/18/2119 4555/18/2119
f 1998/174/2120 2000/299/2120 4342/299/2120 4340/174/2120
f 1536/480/2090 1535/314/2090 4156/314/2090 4157/480/2090
f 2542/17/2121 2544/17/2121 4554/17/2121 4552/17/2121
f 2935/574/995 2934/447/995 4792/447/995 4793/574/995
f 1537/314/2096 1538/479/2096 4159/479/2096 4158/314/2096
f 413/308/2023 414/157/2023 4095/157/2023 4094/308/2023
f 1993/137/2122 2015/137/2122 4357/137/2122 4335/137/2122
f 3329/202/2123 3327/202/2123 5029/202/2123 5031/202/2123
f 2937/582/920 2936/493/920 4794/493/920 4795/582/920
f 2014/137/2124 1992/137/2124 4334/137/2124 4356/137/2124
f 3326/202/2125 3328/202/2125 5030/202/2125 5028/202/2125
f 1990/150/2126 2027/150/2126 4369/150/2126 4332/150/2126
f 2599/10/2078 2597/10/2078 4573/10/2078 4575/10/2078
f 2938/493/964 2939/420/964 4797/420/964 4796/493/964
f 2539/402/2127 2537/402/2127 4549/402/2127 4551/402/2127
f 2026/150/2128 1991/150/2128 4333/150/2128 4368/150/2128
f 2596/10/2081 2598/10/2081 4574/10/2081 4572/10/2081
f 2536/410/2129 2538/410/2129 4550/410/2129 4548/410/2129
f 1988/174/2130 2003/174/2130 4345/174/2130 4330/174/2130
f 2941/582/920 2940/436/920 4798/436/920 4799/582/920
f 2002/299/2131 1989/174/2131 4331/174/2131 4344/299/2131
f 1544/518/2067 1543/311/2067 4160/311/2067 4161/518/2067
f 1987/369/2132 2009/369/2132 4351/369/2132 4329/369/2132
f 3323/45/2116 3321/46/2116 5023/46/2116 5025/45/2116
f 2008/369/2133 1986/369/2133 4328/369/2133 4350/369/2133
f 3320/45/2117 3322/45/2117 5024/45/2117 5022/45/2117
f 2235/253/2134 2233/253/2134 4445/253/2134 4447/253/2134
f 1545/311/2072 1546/518/2072 4163/518/2072 4162/311/2072
f 1850/153/2135 1851/153/2135 4241/153/2135 4240/153/2135
f 1984/43/2136 2039/43/2136 4381/43/2136 4326/43/2136
f 2592/43/2137 2617/43/2137 4589/43/2137 4570/43/2137
f 2232/42/2138 2234/42/2138 4446/42/2138 4444/42/2138
f 2038/43/2140 1985/43/2140 4327/43/2140 4380/43/2140
f 2616/43/2141 2593/43/2141 4571/43/2141 4588/43/2141
f 1853/377/2142 1852/529/2142 4242/529/2142 4243/377/2142
f 1983/44/2144 2045/44/2144 4387/44/2144 4325/44/2144
f 2588/299/2145 2633/174/2145 4601/174/2145 4566/299/2145
f 2044/44/2146 1982/44/2146 4324/44/2146 4386/44/2146
f 2632/299/2147 2589/174/2147 4567/174/2147 4600/299/2147
f 1854/44/2148 1855/44/2148 4245/44/2148 4244/44/2148
f 1980/370/2149 2051/370/2149 4393/370/2149 4322/370/2149
f 2582/509/2150 2601/10/2150 4577/10/2150 4562/509/2150
f 3317/73/2123 3315/73/2123 5017/73/2123 5019/73/2123
f 414/169/2012 1732/168/2012 4096/168/2012 4095/169/2012
f 2050/413/2151 1981/370/2151 4323/370/2151 4392/413/2151
f 2600/10/2152 2583/10/2152 4563/10/2152 4576/10/2152
f 3314/73/2125 3316/73/2125 5018/73/2125 5016/73/2125
f 1552/517/2067 1551/306/2067 4164/306/2067 4165/517/2067
f 1857/43/2153 1856/43/2153 4246/43/2153 4247/43/2153
f 1733/296/2016 413/526/2016 4094/526/2016 4097/296/2016
f 2587/228/2154 2641/228/2154 4607/228/2154 4565/228/2154
f 2527/553/2155 2525/553/2155 4541/553/2155 4543/553/2155
f 2640/228/2156 2586/228/2156 4564/228/2156 4606/228/2156
f 2227/42/2157 2225/42/2157 4441/42/2157 4443/42/2157
f 1553/306/2072 1554/517/2072 4167/517/2072 4166/306/2072
f 1858/369/2158 1859/369/2158 4249/369/2158 4248/369/2158
f 2524/404/2159 2526/404/2159 4542/404/2159 4540/404/2159
f 2591/252/2160 2625/252/2160 4595/252/2160 4569/252/2160
f 2224/251/2161 2226/251/2161 4442/251/2161 4440/251/2161
f 2624/252/2162 2590/252/2162 4568/252/2162 4594/252/2162
f 1861/299/2163 1860/299/2163 4250/299/2163 4251/299/2163
f 3471/200/2164 3469/200/2164 5107/200/2164 5109/200/2164
f 3109/313/1968 3108/266/1968 4880/266/1968 4881/313/1968
f 3468/200/2165 3470/199/2165 5108/199/2165 5106/200/2165
f 1863/149/2166 1862/149/2166 4252/149/2166 4253/149/2166
f 3110/300/1972 3111/592/1972 4883/592/1972 4882/300/1972
f 3308/73/2167 3319/73/2167 5021/73/2167 5010/73/2167
f 2521/410/2168 2519/410/2168 4537/410/2168 4539/410/2168
f 3318/73/2169 3309/73/2169 5011/73/2169 5020/73/2169
f 1560/515/2090 1559/246/2090 4168/246/2090 4169/515/2090
f 1864/366/2170 1865/530/2170 4255/530/2170 4254/366/2170
f 2518/445/2171 2520/445/2171 4538/445/2171 4536/445/2171
f 2219/253/2134 2217/253/2134 4437/253/2134 4439/253/2134
f 1561/246/2096 1562/515/2096 4171/515/2096 4170/246/2096
f 1867/372/2172 1866/372/2172 4256/372/2172 4257/372/2172
f 3465/202/2173 3463/202/2173 5101/202/2173 5103/202/2173
f 3115/224/1981 3114/270/1981 4884/270/1981 4885/224/1981
f 3299/520/2174 3297/520/2174 5003/520/2174 5005/520/2174
f 2216/42/2138 2218/42/2138 4438/42/2138 4436/42/2138
f 3462/202/2175 3464/202/2175 5102/202/2175 5100/202/2175
f 3296/286/2176 3298/286/2176 5004/286/2176 5002/286/2176
f 1868/182/2177 1869/182/2177 4259/182/2177 4258/182/2177
f 3116/294/1985 3117/588/1985 4887/588/1985 4886/294/1985
f 2515/402/2155 2513/445/2155 4533/445/2155 4535/402/2155
f 1871/182/1924 1870/182/1924 4260/182/1924 4261/182/1924
f 2512/351/2159 2514/351/2159 4534/351/2159 4532/351/2159
f 3119/162/1990 3118/280/1990 4888/280/1990 4889/162/1990
f 2581/256/2178 2609/256/2178 4583/256/2178 4561/256/2178
f 2608/225/2179 2580/226/2179 4560/226/2179 4582/225/2179
f 1568/363/2067 1567/295/2067 4172/295/2067 4173/363/2067
f 1872/182/1929 1873/182/1929 4263/182/1929 4262/182/1929
f 3120/250/1993 3121/594/1993 4891/594/1993 4890/250/1993
f 2211/42/2157 2209/42/2157 4433/42/2157 4435/42/2157
f 1569/295/2072 1570/363/2072 4175/363/2072 4174/295/2072
f 1875/182/1924 1874/182/1924 4264/182/1924 4265/182/1924
f 422/156/1954 421/156/1954 4098/156/1954 4099/156/1954
f 3291/188/2180 3289/188/2180 4997/188/2180 4999/188/2180
f 2208/253/2161 2210/253/2161 4434/253/2161 4432/253/2161
f 2509/351/2168 2507/351/2168 4529/351/2168 4531/351/2168
f 3288/188/2181 3290/188/2181 4998/188/2181 4996/188/2181
f 1877/530/125 1876/366/125 4266/366/125 4267/530/125
f 2506/444/2171 2508/444/2171 4530/444/2171 4528/444/2171
f 3125/266/1219 3124/313/1219 4892/313/1219 4893/266/1219
f 1878/460/1917 1879/530/1917 4269/530/1917 4268/460/1917
f 2939/420/2182 2937/582/2182 4795/582/2182 4797/420/2182
f 3453/221/2183 3451/221/2183 5095/221/2183 5097/221/2183
f 3126/313/1246 3127/266/1246 4895/266/1246 4894/313/1246
f 2936/493/2184 2938/493/2184 4796/493/2184 4794/493/2184
f 3450/255/2185 3452/255/2185 5096/255/2185 5094/255/2185
f 1576/514/2090 1575/241/2090 4176/241/2090 4177/514/2090
f 1881/530/125 1880/366/125 4270/366/125 4271/530/125
f 3129/266/1219 3128/313/1219 4896/313/1219 4897/266/1219
f 2503/555/2155 2501/554/2155 4525/554/2155 4527/555/2155
f 2203/540/2157 2201/540/2157 4429/540/2157 4431/540/2157
f 1577/241/2096 1578/514/2096 4179/514/2096 4178/241/2096
f 1883/372/2186 1882/495/2186 4272/495/2186 4273/372/2186
f 2500/448/2159 2502/448/2159 4526/448/2159 4524/448/2159
f 3283/215/2187 3281/161/2187 4991/161/2187 4993/215/2187
f 2200/203/2161 2202/203/2161 4430/203/2161 4428/203/2161
f 3280/215/2181 3282/215/2181 4992/215/2181 4990/215/2181
f 1884/495/2188 1885/372/2188 4275/372/2188 4274/495/2188
f 2933/574/2189 2931/574/2189 4789/574/2189 4791/574/2189
f 3447/414/2190 3445/247/2190 5089/247/2190 5091/414/2190
f 3133/592/1273 3132/300/1273 4898/300/1273 4899/592/1273
f 2930/447/2191 2932/447/2191 4790/447/2191 4788/447/2191
f 3444/414/2192 3446/414/2192 5090/414/2192 5088/414/2192
f 1887/372/2193 1886/372/2193 4276/372/2193 4277/372/2193
f 433/159/2023 434/159/2023 4101/159/2023 4100/159/2023
f 3134/300/1286 3135/592/1286 4901/592/1286 4900/300/1286
f 2497/557/2168 2495/556/2168 4521/556/2168 4523/557/2168
f 1584/512/2090 1583/309/2090 4180/309/2090 4181/512/2090
f 1889/149/2194 1888/149/2194 4278/149/2194 4279/149/2194
f 2494/490/2171 2496/457/2171 4522/457/2171 4520/490/2171
f 3137/592/1273 3136/300/1273 4902/300/1273 4903/592/1273
f 1994/372/2195 2033/372/2195 4375/372/2195 4336/372/2195
f 2032/372/2196 1995/372/2196 4337/372/2196 4374/372/2196
f 2195/543/2134 2193/542/2134 4425/542/2134 4427/543/2134
f 1585/309/2096 1586/513/2096 4183/513/2096 4182/309/2096
f 1890/149/1942 1891/149/1942 4281/149/1942 4280/149/1942
f 2927/583/2189 2925/583/2189 4783/583/2189 4785/583/2189
f 3441/185/2197 3439/185/2197 5083/185/2197 5085/185/2197
f 1997/7/2198 2021/7/2198 4363/7/2198 4339/7/2198
f 3275/213/2174 3273/255/2174 4985/255/2174 4987/213/2174
f 2192/236/2138 2194/236/2138 4426/236/2138 4424/236/2138
f 2924/452/2191 2926/452/2191 4784/452/2191 4782/452/2191
f 3438/185/2199 3440/185/2199 5084/185/2199 5082/185/2199
f 2020/182/2200 1996/182/2200 4338/182/2200 4362/182/2200
f 3272/221/2176 3274/255/2176 4986/255/2176 4984/221/2176
f 1893/149/2194 1892/149/2194 4282/149/2194 4283/149/2194
f 3141/594/1273 3140/250/1273 4904/250/1273 4905/594/1273
f 1979/256/2201 2057/256/2201 4399/256/2201 4321/256/2201
f 2491/558/2168 2489/558/2168 4517/558/2168 4519/558/2168
f 2056/226/2202 1978/226/2202 4320/226/2202 4398/226/2202
f 1895/43/2203 1894/43/2203 4284/43/2203 4285/43/2203
f 2488/11/2171 2490/11/2171 4518/11/2171 4516/11/2171
f 3142/250/1286 3143/594/1286 4907/594/1286 4906/250/1286
f 1592/276/2067 1591/302/2067 4184/302/2067 4185/276/2067
f 1896/43/1965 1897/43/1965 4287/43/1965 4286/43/1965
f 2921/432/2182 2919/584/2182 4777/584/2182 4779/432/2182
f 3435/188/2204 3433/188/2204 5077/188/2204 5079/188/2204
f 3145/594/1273 3144/250/1273 4908/250/1273 4909/594/1273
f 2918/463/2184 2920/453/2184 4778/453/2184 4776/463/2184
f 3432/188/2205 3434/188/2205 5078/188/2205 5076/188/2205
f 2187/544/2157 2185/544/2157 4421/544/2157 4423/544/2157
f 1593/302/2072 1594/276/2072 4187/276/2072 4186/302/2072
f 1899/43/1960 1898/43/1960 4288/43/1960 4289/43/1960
f 3267/247/2187 3265/247/2187 4979/247/2187 4981/247/2187
f 2184/198/2161 2186/198/2161 4422/198/2161 4420/198/2161
f 2485/560/2155 2483/559/2155 4513/559/2155 4515/560/2155
f 3264/247/2181 3266/247/2181 4980/247/2181 4978/247/2181
f 1901/44/1974 1900/44/1974 4290/44/1974 4291/44/1974
f 2916/432/2206 2923/584/2206 4781/584/2206 4774/432/2206
f 2482/446/2159 2484/446/2159 4514/446/2159 4512/446/2159
f 3149/280/1219 3148/162/1219 4910/162/1219 4911/280/1219
f 2922/453/2207 2917/454/2207 4775/454/2207 4780/453/2207
f 1902/44/2208 1903/44/2208 4293/44/2208 4292/44/2208
f 2913/583/2209 2929/583/2209 4787/583/2209 4771/583/2209
f 3429/303/2210 3427/303/2210 5071/303/2210 5073/303/2210
f 3150/162/1246 3151/280/1246 4913/280/1246 4912/162/1246
f 2928/452/2211 2912/452/2211 4770/452/2211 4786/452/2211
f 3426/303/2212 3428/303/2212 5072/303/2212 5070/303/2212
f 2714/153/2213 2715/153/2213 4641/153/2213 4640/153/2213
f 1905/44/1974 1904/44/1974 4294/44/1974 4295/44/1974
f 2915/574/2214 2935/574/2214 4793/574/2214 4773/574/2214
f 3153/280/1219 3152/162/1219 4914/162/1219 4915/280/1219
f 2934/447/2215 2914/447/2215 4772/447/2215 4792/447/2215
f 2479/315/2155 2477/525/2155 4509/525/2155 4511/315/2155
f 2717/10/707 2716/509/707 4642/509/707 4643/10/707
f 2179/545/2134 2177/545/2134 4417/545/2134 4419/545/2134
f 1907/529/1987 1906/377/1987 4296/377/1987 4297/529/1987
f 2910/420/2216 2941/582/2216 4799/582/2216 4768/420/2216
f 2476/350/2159 2478/350/2159 4510/350/2159 4508/350/2159
f 3259/184/2217 3257/184/2217 4973/184/2217 4975/184/2217
f 2176/240/2138 2178/240/2138 4418/240/2138 4416/240/2138
f 2940/436/2218 2911/437/2218 4769/437/2218 4798/436/2218
f 434/82/2012 1740/81/2012 4102/81/2012 4101/82/2012
f 2718/13/678 2719/13/678 4645/13/678 4644/13/678
f 3256/184/2176 3258/184/2176 4974/184/2176 4972/184/2176
f 1908/377/1992 1909/529/1992 4299/529/1992 4298/377/1992
f 1741/81/2016 433/82/2016 4100/82/2016 4103/81/2016
f 3423/73/2219 3421/73/2219 5065/73/2219 5067/73/2219
f 3157/588/1273 3156/294/1273 4916/294/1273 4917/588/1273
f 3420/73/2220 3422/73/2220 5066/73/2220 5064/73/2220
f 2721/145/659 2720/145/659 4646/145/659 4647/145/659
f 1911/529/1987 1910/377/1987 4300/377/1987 4301/529/1987
f 3158/294/1286 3159/588/1286 4919/588/1286 4918/294/1286
f 2473/561/2168 2471/561/2168 4505/561/2168 4507/561/2168
f 2722/44/615 2723/44/615 4649/44/615 4648/44/615
f 1913/153/2009 1912/318/2009 4302/318/2009 4303/153/2009
f 2470/455/2171 2472/455/2171 4506/455/2171 4504/455/2171
f 3161/588/1273 3160/294/1273 4920/294/1273 4921/588/1273
f 3245/184/2221 3261/184/2221 4977/184/2221 4963/184/2221
f 2725/43/586 2724/43/586 4650/43/586 4651/43/586
f 3260/184/2222 3244/184/2222 4962/184/2222 4976/184/2222
f 2171/546/2157 2169/546/2157 4413/546/2157 4415/546/2157
f 1914/318/2006 1915/153/2006 4305/153/2006 4304/318/2006
f 2903/587/2223 2901/275/2223 4763/275/2223 4765/587/2223
f 3417/45/2224 3415/46/2224 5059/46/2224 5061/45/2224
f 3253/213/2225 3277/213/2225 4989/213/2225 4971/213/2225
f 2168/172/2161 2170/172/2161 4414/172/2161 4412/172/2161
f 2900/197/2226 2902/197/2226 4764/197/2226 4762/197/2226
f 3414/45/2227 3416/45/2227 5060/45/2227 5058/45/2227
f 3276/255/2228 3252/255/2228 4970/255/2228 4988/255/2228
f 1917/153/2000 1916/153/2000 4306/153/2000 4307/153/2000
f 3165/270/1219 3164/224/1219 4922/224/1219 4923/270/1219
f 3250/161/2229 3285/215/2229 4995/215/2229 4968/161/2229
f 2467/350/2168 2465/350/2168 4501/350/2168 4503/350/2168
f 2729/153/855 2728/318/855 4652/318/855 4653/153/855
f 3284/215/2230 3251/215/2230 4969/215/2230 4994/215/2230
f 1919/174/753 1918/299/753 4308/299/753 4309/174/753
f 2464/348/2171 2466/348/2171 4502/348/2171 4500/348/2171
f 442/158/1954 441/158/1954 4104/158/1954 4105/158/1954
f 3410/45/2231 3419/46/2231 5063/46/2231 5056/45/2231
f 3166/224/1246 3167/270/1246 4925/270/1246 4924/224/1246
f 3246/188/2232 3293/188/2232 5001/188/2232 4964/188/2232
f 3418/45/2233 3411/46/2233 5057/46/2233 5062/45/2233
f 2730/153/879 2731/153/879 4655/153/879 4654/153/879
f 3292/188/2234 3247/188/2234 4965/188/2234 5000/188/2234
f 1920/299/723 1921/299/723 4311/299/723 4310/299/723
f 3409/202/2235 3467/202/2235 5105/202/2235 5055/202/2235
f 3169/270/1219 3168/224/1219 4926/224/1219 4927/270/1219
f 3249/520/2236 3301/520/2236 5007/520/2236 4967/520/2236
f 3466/202/2237 3408/202/2237 5054/202/2237 5104/202/2237
f 2733/153/855 2732/153/855 4656/153/855 4657/153/855
f 3300/286/2238 3248/286/2238 4966/286/2238 5006/286/2238
f 2163/285/2134 2161/285/2134 4409/285/2134 4411/285/2134
f 1923/174/753 1922/299/753 4312/299/753 4313/174/753
f 2895/581/2239 2893/589/2239 4757/589/2239 4759/581/2239
f 3407/303/2240 3431/303/2240 5075/303/2240 5053/303/2240
f 2160/212/2138 2162/212/2138 4410/212/2138 4408/212/2138
f 2892/292/2241 2894/292/2241 4758/292/2241 4756/292/2241
f 2461/315/2155 2459/315/2155 4497/315/2155 4499/315/2155
f 3430/303/2242 3406/303/2242 5052/303/2242 5074/303/2242
f 1925/369/594 1924/369/594 4314/369/594 4315/369/594
f 2458/316/2159 2460/316/2159 4498/316/2159 4496/316/2159
f 3404/188/2243 3437/188/2243 5081/188/2243 5050/188/2243
f 3719/635/2244 3718/405/2244 5192/405/2244 5193/635/2244
f 3436/188/2245 3405/188/2245 5051/188/2245 5080/188/2245
f 2737/10/966 2736/10/966 4658/10/966 4659/10/966
f 1926/369/651 1927/369/651 4317/369/651 4316/369/651
f 3403/213/2246 3455/213/2246 5099/213/2246 5049/213/2246
f 3175/433/1182 3174/425/1182 4928/425/1182 4929/433/1182
f 3720/405/2247 3721/635/2247 5195/635/2247 5194/405/2247
f 3454/213/2248 3402/213/2248 5048/213/2248 5098/213/2248
f 2738/10/970 2739/10/970 4661/10/970 4660/10/970
f 1929/369/594 1928/369/594 4318/369/594 4319/369/594
f 3176/359/2099 3177/622/2099 4931/622/2099 4930/359/2099
f 2455/350/2249 2453/350/2249 4493/350/2249 4495/350/2249
f 2741/10/966 2740/10/966 4662/10/966 4663/10/966
f 2155/285/2134 2153/285/2134 4405/285/2134 4407/285/2134
f 2887/284/2223 2885/590/2223 4751/590/2223 4753/284/2223
f 2452/348/2250 2454/348/2250 4494/348/2250 4492/348/2250
f 3399/185/2251 3443/185/2251 5087/185/2251 5047/185/2251
f 3178/438/1160 3179/614/1160 4933/614/1160 4932/438/1160
f 3725/38/2252 3724/37/2252 5196/37/2252 5197/38/2252
f 2152/212/2138 2154/212/2138 4406/212/2138 4404/212/2138
f 2884/222/2226 2886/222/2226 4752/222/2226 4750/222/2226
f 3442/185/2253 3398/185/2253 5046/185/2253 5086/185/2253
f 3396/414/2254 3449/247/2254 5093/247/2254 5044/414/2254
f 3181/451/2104 3180/430/2104 4934/430/2104 4935/451/2104
f 3726/37/2255 3727/38/2255 5199/38/2255 5198/37/2255
f 3448/414/2256 3397/247/2256 5045/247/2256 5092/414/2256
f 2745/43/966 2744/43/966 4664/43/966 4665/43/966
f 457/186/2023 458/186/2023 4107/186/2023 4106/186/2023
f 3395/73/2257 3425/73/2257 5069/73/2257 5043/73/2257
f 3183/624/920 3182/451/920 4936/451/920 4937/624/920
f 3242/247/2258 3269/247/2258 4983/247/2258 4960/247/2258
f 2449/525/2259 2447/525/2259 4489/525/2259 4491/525/2259
f 3424/73/2260 3394/73/2260 5042/73/2260 5068/73/2260
f 2746/43/970 2747/43/970 4667/43/970 4666/43/970
f 3268/247/2261 3243/247/2261 4961/247/2261 4982/247/2261
f 2446/350/2262 2448/350/2262 4490/350/2262 4488/350/2262
f 3392/200/2263 3473/200/2263 5111/200/2263 5040/200/2263
f 3184/450/964 3185/623/964 4939/623/964 4938/450/964
f 3731/239/2264 3730/396/2264 5200/396/2264 5201/239/2264
f 3311/202/2265 3331/202/2265 5033/202/2265 5013/202/2265
f 3472/199/2266 3393/200/2266 5041/200/2266 5110/199/2266
f 2749/43/966 2748/43/966 4668/43/966 4669/43/966
f 3330/202/2267 3310/202/2267 5012/202/2267 5032/202/2267
f 2147/212/2157 2145/212/2157 4401/212/2157 4403/212/2157
f 2879/576/2239 2877/576/2239 4745/576/2239 4747/576/2239
f 3187/623/920 3186/450/920 4940/450/920 4941/623/920
f 3732/396/2268 3733/239/2268 5203/239/2268 5202/396/2268
f 3306/200/2269 3337/200/2269 5039/200/2269 5008/200/2269
f 2144/214/2161 2146/214/2161 4402/214/2161 4400/214/2161
f 2876/248/2241 2878/248/2241 4746/248/2241 4744/248/2241
f 3336/199/2270 3307/200/2270 5009/200/2270 5038/199/2270
f 3189/622/995 3188/359/995 4942/359/995 4943/622/995
f 3312/45/2271 3325/46/2271 5027/46/2271 5014/45/2271
f 2443/531/2272 2441/534/2272 4485/534/2272 4487/531/2272
f 2753/44/855 2752/44/855 4670/44/855 4671/44/855
f 3324/45/2273 3313/46/2273 5015/46/2273 5026/45/2273
f 2440/485/2274 2442/391/2274 4486/391/2274 4484/485/2274
f 3190/359/1008 3191/622/1008 4945/622/1008 4944/359/1008
f 3737/396/2275 3736/392/2275 5204/392/2275 5205/396/2275
f 1927/369/2276 1925/369/2276 4315/369/2276 4317/369/2276
f 2754/44/879 2755/44/879 4673/44/879 4672/44/879
f 1924/369/2277 1926/369/2277 4316/369/2277 4314/369/2277
f 3193/622/995 3192/359/995 4946/359/995 4947/622/995
f 3738/392/2278 3739/396/2278 5207/396/2278 5206/392/2278
f 2757/44/855 2756/44/855 4674/44/855 4675/44/855
f 2871/258/2223 2869/591/2223 4739/591/2223 4741/258/2223
f 1642/173/2279 1641/458/2279 4188/458/2279 4189/173/2279
f 3195/614/995 3194/438/995 4948/438/995 4949/614/995
f 2868/244/2226 2870/244/2226 4740/244/2226 4738/244/2226
f 2437/57/2280 2435/536/2280 4481/536/2280 4483/57/2280
f 1643/301/2268 1644/277/2268 4191/277/2268 4190/301/2268
f 2434/484/2281 2436/56/2281 4482/56/2281 4480/484/2281
f 3196/438/1008 3197/614/1008 4951/614/1008 4950/438/1008
f 3743/239/2282 3742/396/2282 5208/396/2282 5209/239/2282
f 1921/299/2283 1919/174/2283 4309/174/2283 4311/299/2283
f 2761/145/966 2760/145/966 4676/145/966 4677/145/966
f 1918/299/2284 1920/299/2284 4310/299/2284 4308/299/2284
f 3199/614/995 3198/438/995 4952/438/995 4953/614/995
f 3744/396/2285 3745/239/2285 5211/239/2285 5210/396/2285
f 2762/145/970 2763/145/970 4679/145/970 4678/145/970
f 1648/458/2275 1647/173/2275 4192/173/2275 4193/458/2275
f 3201/425/920 3200/487/920 4954/487/920 4955/425/920
f 2765/145/966 2764/145/966 4680/145/966 4681/145/966
f 2863/577/2239 2861/577/2239 4733/577/2239 4735/577/2239
f 1649/173/2278 1650/458/2278 4195/458/2278 4194/173/2278
f 3202/487/964 3203/621/964 4957/621/964 4956/487/964
f 3749/634/2286 3748/357/2286 5212/357/2286 5213/634/2286
f 1915/153/2287 1913/153/2287 4303/153/2287 4305/153/2287
f 2860/307/2241 2862/307/2241 4734/307/2241 4732/307/2241
f 458/209/2012 1748/227/2012 4108/227/2012 4107/209/2012
f 1912/318/2288 1914/318/2288 4304/318/2288 4302/318/2288
f 1749/227/2016 457/209/2016 4106/209/2016 4109/227/2016
f 3205/425/920 3204/433/920 4958/433/920 4959/425/920
f 3750/357/2289 3751/634/2289 5215/634/2289 5214/357/2289
f 2769/13/855 2768/13/855 4682/13/855 4683/13/855
f 1654/276/1597 1653/302/1597 4196/302/1597 4197/276/1597
f 2770/13/879 2771/13/879 4685/13/879 4684/13/879
f 2847/577/2290 2865/577/2290 4737/577/2290 4723/577/2290
f 1655/302/1594 1656/276/1594 4199/276/1594 4198/302/1594
f 3755/426/2291 3754/442/2291 5216/442/2291 5217/426/2291
f 1909/529/2292 1907/529/2292 4297/529/2292 4299/529/2292
f 2864/307/2293 2846/307/2293 4722/307/2293 4736/307/2293
f 2773/13/855 2772/13/855 4686/13/855 4687/13/855
f 1906/377/2294 1908/377/2294 4298/377/2294 4296/377/2294
f 2857/576/2295 2881/576/2295 4749/576/2295 4731/576/2295
f 3756/442/2285 3757/426/2285 5219/426/2285 5218/442/2285
f 2880/248/2296 2856/248/2296 4730/248/2296 4748/248/2296
f 2853/581/2297 2897/581/2297 4761/581/2297 4727/581/2297
f 1660/302/1567 1659/276/1567 4200/276/1567 4201/302/1567
f 2896/292/2298 2852/292/2298 4726/292/2298 4760/292/2298
f 2854/284/2299 2889/590/2299 4755/590/2299 4728/284/2299
f 1661/276/1520 1662/302/1520 4203/302/1520 4202/276/1520
f 3761/396/2286 3760/239/2286 5220/239/2286 5221/396/2286
f 1903/44/2300 1901/44/2300 4291/44/2300 4293/44/2300
f 2888/222/2301 2855/222/2301 4729/222/2301 4754/222/2301
f 2778/427/772 2779/154/772 4689/154/772 4688/427/772
f 1900/44/2302 1902/44/2302 4292/44/2302 4290/44/2302
f 3762/239/2303 3763/396/2303 5223/396/2303 5222/239/2303
f 2780/372/785 2781/372/785 4691/372/785 4690/372/785
f 1666/68/1408 1665/67/1408 4204/67/1408 4205/68/1408
f 2783/149/748 2782/149/748 4692/149/748 4693/149/748
f 1667/67/1386 1668/68/1386 4207/68/1386 4206/67/1386
f 3767/644/2286 3766/456/2286 5224/456/2286 5225/644/2286
f 1897/43/2304 1895/43/2304 4285/43/2304 4287/43/2304
f 2784/362/708 2785/362/708 4695/362/708 4694/362/708
f 1894/43/2305 1896/43/2305 4286/43/2305 4284/43/2305
f 3768/456/2289 3769/585/2289 5227/585/2289 5226/456/2289
f 2787/154/590 2786/427/590 4696/427/590 4697/154/590
f 1672/506/2306 1671/477/2306 4208/477/2306 4209/506/2306
f 475/186/1954 476/186/1954 4111/186/1954 4110/186/1954
f 2145/212/1299 2144/214/1299 4400/214/1299 4401/212/1299
f 2788/427/112 2789/154/112 4699/154/112 4698/427/112
f 2844/258/2307 2873/258/2307 4743/258/2307 4720/258/2307
f 1673/363/1474 1674/507/1474 4211/507/1474 4210/363/1474
f 3773/642/2282 3772/205/2282 5228/205/2282 5229/642/2282
f 1891/149/2308 1889/149/2308 4279/149/2308 4281/149/2308
f 2872/244/2309 2845/245/2309 4721/245/2309 4742/244/2309
f 2146/214/1288 2147/212/1288 4403/212/1288 4402/214/1288
f 2791/154/590 2790/427/590 4700/427/590 4701/154/590
f 1888/149/2310 1890/149/2310 4280/149/2310 4278/149/2310
f 3774/205/2285 3775/643/2285 5231/643/2285 5230/205/2285
f 2793/362/647 2792/362/647 4702/362/647 4703/362/647
f 2850/275/2307 2905/587/2307 4767/587/2307 4724/275/2307
f 1678/458/2244 1677/173/2244 4212/173/2244 4213/458/2244
f 2904/197/2311 2851/197/2311 4725/197/2311 4766/197/2311
f 2794/362/662 2795/443/662 4705/443/662 4704/362/662
f 1679/173/2247 1680/458/2247 4215/458/2247 4214/173/2247
f 1885/372/2312 1883/372/2312 4273/372/2312 4275/372/2312
f 2153/285/1259 2152/212/1259 4404/212/1259 4405/285/1259
f 2797/443/647 2796/362/647 4706/362/647 4707/443/647
f 1882/495/2313 1884/495/2313 4274/495/2313 4272/495/2313
f 485/186/1943 486/186/1943 4113/186/1943 4112/186/1943
f 3203/621/2314 3201/425/2314 4955/425/2314 4957/621/2314
f 2154/212/1251 2155/285/1251 4407/285/1251 4406/212/1251
f 2799/372/647 2798/372/647 4708/372/647 4709/372/647
f 1684/505/2252 1683/503/2252 4216/503/2252 4217/505/2252
f 3200/487/2315 3202/487/2315 4956/487/2315 4954/487/2315
f 3783/607/2316 3782/471/2316 5232/471/2316 5233/607/2316
f 2800/495/662 2801/372/662 4711/372/662 4710/495/662
f 1685/32/2255 1686/33/2255 4219/33/2255 4218/32/2255
f 3784/471/2317 3785/607/2317 5235/607/2317 5234/471/2317
f 1879/530/2318 1877/530/2318 4267/530/2318 4269/530/2318
f 1686/33/2319 1684/505/2319 4217/505/2319 4219/33/2319
f 2803/372/647 2802/372/647 4712/372/647 4713/372/647
f 1876/366/2320 1878/460/2320 4268/460/2320 4266/366/2320
f 1683/503/2321 1685/32/2321 4218/32/2321 4216/503/2321
f 3197/614/2322 3195/614/2322 4949/614/2322 4951/614/2322
f 2161/285/1259 2160/212/1259 4408/212/1259 4409/285/1259
f 2805/149/590 2804/149/590 4714/149/590 4715/149/590
f 3194/438/2323 3196/438/2323 4950/438/2323 4948/438/2323
f 3789/641/2324 3788/358/2324 5236/358/2324 5237/641/2324
f 2162/212/1251 2163/285/1251 4411/285/1251 4410/212/1251
f 2806/149/112 2807/149/112 4717/149/112 4716/149/112
f 3790/358/2325 3791/641/2325 5239/641/2325 5238/358/2325
f 1873/182/2326 1871/182/2326 4261/182/2326 4263/182/2326
f 1680/458/2327 1678/458/2327 4213/458/2327 4215/458/2327
f 2809/149/590 2808/149/590 4718/149/590 4719/149/590
f 1870/182/2328 1872/182/2328 4262/182/2328 4260/182/2328
f 1677/173/2329 1679/173/2329 4214/173/2329 4212/173/2329
f 3191/622/2322 3189/622/2322 4943/622/2322 4945/622/2322
f 3188/359/2323 3190/359/2323 4944/359/2323 4942/359/2323
f 3795/625/2286 3794/400/2286 5240/400/2286 5241/625/2286
f 1860/299/2330 1923/174/2330 4313/174/2330 4250/299/2330
f 2169/546/1299 2168/172/1299 4412/172/1299 4413/546/1299
f 1922/299/2331 1861/299/2331 4251/299/2331 4312/299/2331
f 3796/400/2289 3797/625/2289 5243/625/2289 5242/400/2289
f 1674/507/2332 1672/506/2332 4209/506/2332 4211/507/2332
f 1869/182/2333 1875/182/2333 4265/182/2333 4259/182/2333
f 486/209/2012 1756/227/2012 4114/227/2012 4113/209/2012
f 2170/172/1288 2171/546/1288 4415/546/1288 4414/172/1288
f 1671/477/2334 1673/363/2334 4210/363/2334 4208/477/2334
f 1874/182/2335 1868/182/2335 4258/182/2335 4264/182/2335
f 1757/227/2016 485/209/2016 4112/209/2016 4115/227/2016
f 1859/369/2336 1929/369/2336 4319/369/2336 4249/369/2336
f 3185/623/2314 3183/624/2314 4937/624/2314 4939/623/2314
f 1928/369/2337 1858/369/2337 4248/369/2337 4318/369/2337
f 3182/451/2315 3184/450/2315 4938/450/2315 4936/451/2315
f 3801/639/2282 3800/434/2282 5244/434/2282 5245/639/2282
f 1866/372/2338 1887/372/2338 4277/372/2338 4256/372/2338
f 1886/372/2339 1867/372/2339 4257/372/2339 4276/372/2339
f 1716/290/1336 363/76/1336 4082/76/1336 4220/290/1336
f 3802/434/2285 3803/639/2285 5247/639/2285 5246/434/2285
f 1668/68/2340 1666/68/2340 4205/68/2340 4207/68/2340
f 1856/43/2341 1899/43/2341 4289/43/2341 4246/43/2341
f 3180/430/2342 3187/623/2342 4941/623/2342 4934/430/2342
f 2177/545/1259 2176/240/1259 4416/240/1259 4417/545/1259
f 364/76/1326 1717/290/1326 4221/290/1326 4083/76/1326
f 1665/67/2343 1667/67/2343 4206/67/2343 4204/67/2343
f 1898/43/2344 1857/43/2344 4247/43/2344 4288/43/2344
f 3186/450/2345 3181/451/2345 4935/451/2345 4940/450/2345
f 2977/312/1968 2976/262/1968 4800/262/1968 4801/312/1968
f 1855/44/2346 1905/44/2346 4295/44/2346 4245/44/2346
f 3179/614/2347 3199/614/2347 4953/614/2347 4933/614/2347
f 2178/240/1251 2179/545/1251 4419/545/1251 4418/240/1251
f 1904/44/2348 1854/44/2348 4244/44/2348 4294/44/2348
f 3198/438/2349 3178/438/2349 4932/438/2349 4952/438/2349
f 3807/403/2286 3806/416/2286 5248/416/2286 5249/403/2286
f 2978/297/1972 2979/602/1972 4803/602/1972 4802/297/1972
f 1852/529/2350 1911/529/2350 4301/529/2350 4242/529/2350
f 3174/425/2351 3205/425/2351 4959/425/2351 4928/425/2351
f 1910/377/2352 1853/377/2352 4243/377/2352 4300/377/2352
f 3204/433/2353 3175/433/2353 4929/433/2353 4958/433/2353
f 3808/416/2303 3809/403/2303 5251/403/2303 5250/416/2303
f 1662/302/2354 1660/302/2354 4201/302/2354 4203/302/2354
f 1851/153/2355 1917/153/2355 4307/153/2355 4241/153/2355
f 1659/276/2356 1661/276/2356 4202/276/2356 4200/276/2356
f 1916/153/2357 1850/153/2357 4240/153/2357 4306/153/2357
f 1724/9/1336 391/76/1336 4088/76/1336 4222/9/1336
f 2983/201/1981 2982/272/1981 4804/272/1981 4805/201/1981
f 3529/200/2358 3528/200/2358 5112/200/2358 5113/200/2358
f 2185/544/1299 2184/198/1299 4420/198/1299 4421/544/1299
f 392/76/1326 1725/9/1326 4223/9/1326 4089/76/1326
f 3813/416/2291 3812/403/2291 5252/403/2291 5253/416/2291
f 2984/293/1985 2985/606/1985 4807/606/1985 4806/293/1985
f 3530/73/2359 3531/73/2359 5115/73/2359 5114/73/2359
f 3177/622/2360 3193/622/2360 4947/622/2360 4931/622/2360
f 2186/198/1288 2187/544/1288 4423/544/1288 4422/198/1288
f 3192/359/2361 3176/359/2361 4930/359/2361 4946/359/2361
f 3814/403/2285 3815/416/2285 5255/416/2285 5254/403/2285
f 2987/254/1990 2986/282/1990 4808/282/1990 4809/254/1990
f 1656/276/2362 1654/276/2362 4197/276/2362 4199/276/2362
f 3533/398/2363 3532/379/2363 5116/379/2363 5117/398/2363
f 1653/302/2364 1655/302/2364 4198/302/2364 4196/302/2364
f 2988/249/1993 2989/601/1993 4811/601/1993 4810/249/1993
f 5275/161/2365 5274/161/2365 5276/161/2365 5277/161/2365
f 5279/161/1896 5278/161/1896 5273/161/1896 5272/161/1896
f 3400/161/2366 3461/161/2366 5279/161/2366 5272/161/2366
f 3456/161/2367 3458/161/2367 5276/161/2367 5274/161/2367
f 3401/161/1425 3400/161/1425 5272/161/1425 5273/161/1425
f 3460/161/2367 3401/161/2367 5273/161/2367 5278/161/2367
f 3459/161/2366 3457/161/2366 5275/161/2366 5277/161/2366
f 3461/161/1383 3460/161/1383 5278/161/1383 5279/161/1383
